"Key UID","Key Descriptor","Key Vocabulary","Relationship Type","Related UID","Related Descriptor","Related Vocabulary"
"18538064","ACCA Singapore Awards for Sustainability Reporting","_Awards","SN","","Awards given by the Association of Chartered Certified Accountants (ACCA) of Singapore, recognising organisations in Singapore that excel in sustainability reporting on environmental and social matters. The awards encourage corporate transparency and accountability. It is possibly discontinued.",""
"18538064","ACCA Singapore Awards for Sustainability Reporting","_Awards","Source","","Keppel Land: Green Awards (http://www.keppelland.com.sg/IR-Awards-Green.asp)",""
"18538064","ACCA Singapore Awards for Sustainability Reporting","_Awards","Awarding Entity","","Association of Chartered Certified Accountants Singapore",""
"19903992","Alan Chan Spirit of Singapore Book Prize","_Awards","SN","","An annual $30,000 book prize to recognise Singapore fiction and non-fiction works. It was established by a donation from Confucian scholar Dr Alan HJ Chan to promote the writing of books that champion mindsets and values important to the shaping of Singapore.",""
"19903992","Alan Chan Spirit of Singapore Book Prize","_Awards","Source","","Singapore University of Social Sciences (https://www.suss.edu.sg/about-suss/schools/shbs/alan-chan-spirit-of-singapore-book-prize#:~:text=Established%20through%20a%20generous%20SGD1million,reflection%20about%20our%20community%20or) Retrieved 21 Apr 2023. | Straits Times, 19 Apr 2023: Richest Singapore book prize worth $30,000 launched by SUSS (https://www.straitstimes.com/life/arts/richest-singapore-book-prize-worth-30000-launched-by-suss) Retrieved 21 Apr 2023.",""
"19903992","Alan Chan Spirit of Singapore Book Prize","_Awards","Awarding Entity","","Singapore University of Social Sciences",""
"19903992","Alan Chan Spirit of Singapore Book Prize","_Awards","Year First Awarded","","2023",""
"15922631","Anugerah-anugerah Imej Asia Apollo","_Awards_MY","MAYtoENG","18341461","Asia Image Apollo Awards","_Awards"
"15922642","Anugerah-anugerah Layar Perak","_Awards_MY","MAYtoENG","18341450","Silver Screen Awards","_Awards"
"15922637","Anugerah-anugerah Majlis Kemajuan Buku-Buku Kebangsaan Singapura","_Awards_MY","MAYtoENG","18341463","National Book Development Council of Singapore Book Awards","_Awards"
"15922639","Anugerah-anugerah Penaung Seni","_Awards_MY","MAYtoENG","18341449","Patron of the Arts Awards","_Awards"
"15922636","Anugerah-anugerah Pendidikan Seni Kebangsaan","_Awards_MY","MAYtoENG","18341448","National Arts Education Award","_Awards"
"15922640","Anugerah-anugerah Presiden untuk Reka Bentuk","_Awards_MY","MAYtoENG","18341460","President's Design Award","_Awards"
"15922632","Anugerah-anugerah Televisyen Asia","_Awards_MY","MAYtoENG","18341462","Asian Television Awards","_Awards"
"15922647","Anugerah Artis Muda","_Awards_MY","MAYtoENG","18341454","Young Artist Award","_Awards"
"15922633","Anugerah CHERISH","_Awards_MY","MAYtoENG","18341443","CHERISH Award","_Awards"
"18736629","Anugerah Guru Arif Budiman","_Awards_MY","MAYtoENG","18538138","Arif Budiman Malay Language Teacher Award","_Awards"
"18736504","Anugerah Hari Kebangsaan","_Awards_MY","NT","18736537","Bintang Bakti Masyarakat","_Awards_MY"
"18736504","Anugerah Hari Kebangsaan","_Awards_MY","NT","18736512","Bintang Temasek","_Awards_MY"
"18736504","Anugerah Hari Kebangsaan","_Awards_MY","NT","18736518","Darjah Utama Bakti Cemerlang","_Awards_MY"
"18736504","Anugerah Hari Kebangsaan","_Awards_MY","NT","18736514","Darjah Utama Nila Utama","_Awards_MY"
"18736504","Anugerah Hari Kebangsaan","_Awards_MY","NT","18736513","Darjah Utama Temasek","_Awards_MY"
"18736504","Anugerah Hari Kebangsaan","_Awards_MY","NT","18736571","Pingat Bakti Masyarakat","_Awards_MY"
"18736504","Anugerah Hari Kebangsaan","_Awards_MY","NT","18736573","Pingat Bakti Setia","_Awards_MY"
"18736504","Anugerah Hari Kebangsaan","_Awards_MY","NT","18736572","Pingat Berkebolehan","_Awards_MY"
"18736504","Anugerah Hari Kebangsaan","_Awards_MY","NT","18736530","Pingat Gagah Perkasa","_Awards_MY"
"18736504","Anugerah Hari Kebangsaan","_Awards_MY","NT","18736532","Pingat Jasa Gemilang","_Awards_MY"
"18736504","Anugerah Hari Kebangsaan","_Awards_MY","NT","18736569","Pingat Keberanian","_Awards_MY"
"18736504","Anugerah Hari Kebangsaan","_Awards_MY","NT","18736519","Pingat Kehormatan","_Awards_MY"
"18736504","Anugerah Hari Kebangsaan","_Awards_MY","NT","18736570","Pingat Kepujian","_Awards_MY"
"18736504","Anugerah Hari Kebangsaan","_Awards_MY","NT","18736554","Pingat Pentadbiran Awam (Emas)","_Awards_MY"
"18736504","Anugerah Hari Kebangsaan","_Awards_MY","NT","18736556","Pingat Pentadbiran Awam (Gangsa)","_Awards_MY"
"18736504","Anugerah Hari Kebangsaan","_Awards_MY","NT","18736555","Pingat Pentadbiran Awam (Perak)","_Awards_MY"
"18736504","Anugerah Hari Kebangsaan","_Awards_MY","NT","18736515","Sijil Kemuliaan","_Awards_MY"
"18736504","Anugerah Hari Kebangsaan","_Awards_MY","MAYtoENG","18538456","National Day Awards","_Awards"
"15922643","Anugerah HEALTH Singapura","_Awards_MY","MAYtoENG","18341456","Singapore HEALTH Award","_Awards"
"15922638","Anugerah Kesihatan Fizikal Kebangsaan","_Awards_MY","MAYtoENG","18341455","National Physical Fitness Award","_Awards"
"18538393","Anugerah MENDAKI","_Awards","SN","","Started in 1982 by Yayasan MENDAKI (Council for the Development of Singapore Malay/Muslim Community), the awards recognise and encourage students who have performed well academically from primary level to tertiary level, including students from the Institute of Technical Education and Madrasah students.",""
"18538393","Anugerah MENDAKI","_Awards","Source","","Yayasan Mendaki: Congratulations: Anugerah MENDAKI 2013 (http://www.mendaki.org.sg/infocusdetails.aspx?id=22)",""
"18538393","Anugerah MENDAKI","_Awards","Awarding Entity","","MENDAKI",""
"18538393","Anugerah MENDAKI","_Awards","Year First Awarded","","1982",""
"15922635","Anugerah Pena Emas","_Awards_MY","MAYtoENG","18341445","Golden Point Awards","_Awards"
"18736630","Anugerah Persuratan","_Awards","SN","","The Malay Literary Award is a biennial award that recognises Malay language writers. It aims to develop and encourage writers to produce works in the Malay language, encourage the publication of high quality works and promote Malay literary works in the community. It comprises the following awards: Tun Seri Lanang Award, Tun Seri Lanang Posthumous Award, Promising Award and Literary Awards for novel, short story, poetry and children's literature.",""
"18736630","Anugerah Persuratan","_Awards","Source","","Majlis Bahasa Melayu Singapura: Anugerah Persuratan (https://www.languagecouncils.sg/mbms/en/anugerah-persuratan/anugerah-persuratan) Retrieved 24 May 2022.",""
"18736630","Anugerah Persuratan","_Awards","Awarding Entity","","Malay Language Council, Singapore",""
"18736630","Anugerah Persuratan","_Awards","Year First Awarded","","1993",""
"15922645","Anugerah Pertahanan Negara","_Awards_MY","MAYtoENG","18341457","Total Defence Awards","_Awards"
"15922641","Anugerah Titik Merah","_Awards_MY","MAYtoENG","18341459","Red Dot Award","_Awards"
"18538138","Arif Budiman Malay Language Teacher Award","_Awards","SN","","Started in 2007 and conferred by the Malay Language Council, Singapore (MBMS), Malay Language Teachers Association (PGBM), Berita Harian and the Malay Language Learning and Promotion Committee (MLLPC). The award recognises and honours outstanding Malay language teachers in mainstream schools for their teaching of the language and promotion of the Malay culture, literature and language.",""
"18538138","Arif Budiman Malay Language Teacher Award","_Awards","Source","","Majlis Bahasa Melayu Singapura: Anugerah Guru Arif Budiman (https://www.languagecouncils.sg/mbms/en/agab/anugerah-guru-arif-budiman) Retrieved 24 May 2022.",""
"18538138","Arif Budiman Malay Language Teacher Award","_Awards","Awarding Entity","","Malay Language Council, Singapore | Malay Language Teachers Association | Malay Language Learning and Promotion Committee",""
"18538138","Arif Budiman Malay Language Teacher Award","_Awards","Year First Awarded","","2007",""
"18538138","Arif Budiman Malay Language Teacher Award","_Awards","ENGtoMAY","18736629","Anugerah Guru Arif Budiman","_Awards_MY"
"18341461","Asia Image Apollo Awards","_Awards","SN","","Premier Asia Pacific awards honoring the best in production and post-production that include editors, directors, DOPs, animators, and broadcast designers. The award is possibly discontinued.",""
"18341461","Asia Image Apollo Awards","_Awards","Source","","AnimationXpress.com: Asia Image Apollo Awards Calls for Entries (https://www.animationxpress.com/animation/asia-image-apollo-awards-calls-for-entries/) Retrieved 31 July 2024. | E4M: Times Now scores at the Asia Image Apollo Awards (https://www.exchange4media.com/advertising-news/times-now-scores-at-the-asia-image-apollo-awards-21787.html) Retrieved 31 July 2024.",""
"18341461","Asia Image Apollo Awards","_Awards","ENGtoCHI","18501722","亚洲形象阿波罗奖项","_Awards_CN"
"18341461","Asia Image Apollo Awards","_Awards","ENGtoMAY","15922631","Anugerah-anugerah Imej Asia Apollo","_Awards_MY"
"18341461","Asia Image Apollo Awards","_Awards","ENGtoTAM","18503690","ஆசிய படிம அப்போலோ விருதுகள்","_Awards_TM"
"18341462","Asian Television Awards","_Awards","SN","","An annual not-for-profit event that seeks to recognize and reward, nurture and develop broadcasters, programmers, production houses and talents in the Asian broadcast industry.",""
"18341462","Asian Television Awards","_Awards","Source","","Asian Television Awards (https://www.asiantelevisionawards.net/) Retrieved 31 July 2024. | Wikipedia: Asian Television Awards (https://en.wikipedia.org/wiki/Asian_Television_Awards) Retrieved 31 July 2024.",""
"18341462","Asian Television Awards","_Awards","Awarding Entity","","Wonder Paradise International",""
"18341462","Asian Television Awards","_Awards","Year First Awarded","","1996",""
"18341462","Asian Television Awards","_Awards","Wikidata URI","","http://www.wikidata.org/entity/Q2726571",""
"18341462","Asian Television Awards","_Awards","ENGtoCHI","18501723","亚洲电视大奖","_Awards_CN"
"18341462","Asian Television Awards","_Awards","ENGtoMAY","15922632","Anugerah-anugerah Televisyen Asia","_Awards_MY"
"18341462","Asian Television Awards","_Awards","ENGtoTAM","18503691","ஆசிய தொலைக்காட்சி விருதுகள்","_Awards_TM"
"18538566","Association of Women for Action and Research Awards","_Awards","Use","18538394","AWARE Awards","_Awards"
"18538447","Award for Outstanding Contribution to Psychology in Singapore","_Awards","SN","","Awarded by the Singapore Psychological Society. Recognition is given to individuals who have made outstanding contributions to the Singapore Psychological Society, the community or the field of psychology using their knowledge and skills of psychology.",""
"18538447","Award for Outstanding Contribution to Psychology in Singapore","_Awards","Source","","FASS News: Award for Outstanding Contribution to Psychology in Singapore (http://blog.nus.edu.sg/fassnews/2011/03/27/award-for-outstanding-contribution-to-psychology-in-singapore/)",""
"18538447","Award for Outstanding Contribution to Psychology in Singapore","_Awards","Awarding Entity","","Singapore Psychological Society",""
"18538447","Award for Outstanding Contribution to Psychology in Singapore","_Awards","Year First Awarded","","2003",""
"18538394","AWARE Awards","_Awards","SN","","Started in 2011 by the Association of Women for Action and Research (AWARE), an advocacy group for gender equality, to recognise individuals (both women and men) and organisations who have strived against gender barriers to create a culture of gender equality in Singapore.",""
"18538394","AWARE Awards","_Awards","Source","","The AWARE Awards: About the AWARE Awards (http://www.aware.org.sg/the-aware-awards/)",""
"18538394","AWARE Awards","_Awards","Awarding Entity","","Association of Women for Action and Research",""
"18538394","AWARE Awards","_Awards","Year First Awarded","","2011",""
"18538394","AWARE Awards","_Awards","UF","18538566","Association of Women for Action and Research Awards","_Awards"
"18538065","BCA Construction Excellence Awards","_Awards","SN","","Started in 1986 by the Building and Construction Authority (BCA), an agency under the Ministry of National Development. The awards recognise outstanding construction projects in Singapore that demonstrate high standards of construction excellence.",""
"18538065","BCA Construction Excellence Awards","_Awards","Source","","Building & Construction Authority: Construction Excellence Award (https://www1.bca.gov.sg/buildsg/bca-awards/construction-excellence-awards)",""
"18538065","BCA Construction Excellence Awards","_Awards","Awarding Entity","","Singapore. Building and Construction Authority",""
"18538065","BCA Construction Excellence Awards","_Awards","Year First Awarded","","1986",""
"18736537","Bintang Bakti Masyarakat","_Awards_MY","BT","18736504","Anugerah Hari Kebangsaan","_Awards_MY"
"18736537","Bintang Bakti Masyarakat","_Awards_MY","MAYtoENG","18736535","Public Service Star","_Awards"
"18736512","Bintang Temasek","_Awards_MY","BT","18736504","Anugerah Hari Kebangsaan","_Awards_MY"
"18736512","Bintang Temasek","_Awards_MY","MAYtoENG","18736505","Star of Temasek","_Awards"
"18516142","Caring Teacher Awards","_Awards","SN","","The award is started in 1996 by the National Institute of Education to pay tribute to teachers who show care and concern for the holistic development of their students.",""
"18516142","Caring Teacher Awards","_Awards","Source","","The Caring Teacher Awards (http://www.cta.nie.edu.sg/)",""
"18516142","Caring Teacher Awards","_Awards","Awarding Entity","","National Institute of Education (Singapore)",""
"18516142","Caring Teacher Awards","_Awards","Year First Awarded","","1996",""
"18538395","CDL-Singapore Compact Young CSR Leaders Award","_Awards","SN","","Started in 2011 and conferred by Singapore Compact for Corporate Social Responsibility (CSR) in partnership with City Developments Limited (CDL), the award recognises young leaders between the ages of 17 and 30 from small and medium sized enterprises who demonstrate corporate social responsibility in changing their organisations into those with outstanding international standards of sustainability. It has since become CDL-GCNS Young SDG Leaders Award, an annual case competition that offers young people a platform to champion sustainable development and Sustainable Development Goals integration into business for positive change.",""
"18538395","CDL-Singapore Compact Young CSR Leaders Award","_Awards","Source","","Singapore Compact: CDL-SC Young CSR Leaders Award 2013 (http://www.csrsingapore.org/c/news/134-launch-of-the-cdl-sc-young-csr-leaders-award-2013) | Young SDG Leaders Award (https://youngsdgleaders.com/) Retrieved 24 May 2022.",""
"18538395","CDL-Singapore Compact Young CSR Leaders Award","_Awards","Awarding Entity","","City Developments Limited | Singapore Compact for Corporate Social Responsibility",""
"18538395","CDL-Singapore Compact Young CSR Leaders Award","_Awards","Year First Awarded","","2011",""
"18538066","CDL Singapore Sculpture Award","_Awards","SN","","Started in 2002 by City Developments Limited to create more interest in sculpture as an art form. The award recognises the talent and creativity of local artists, and installs the winning sculptures in public. It is possibly discontinued.",""
"18538066","CDL Singapore Sculpture Award","_Awards","Source","","The 5th CDL SINGAPORE Sculpture Award Exhibition: About the Award (http://www.cdl.com.sg/sculptureaward/about_award.html)",""
"18538066","CDL Singapore Sculpture Award","_Awards","Awarding Entity","","City Developments Limited",""
"18538066","CDL Singapore Sculpture Award","_Awards","Year First Awarded","","2002",""
"18538128","CDL Singapore Young Photographer Award","_Awards","SN","","Started in 2005 and presented by City Developments Limited. The award recognises new talents in photography and helps to promote photography as a hobby in Singapore. It is awarded to Singapore photographers between the ages of 13 and 25. Individual awards are given to the Young Photographer, Young Architectural Photographer and Themed Body of Work.",""
"18538128","CDL Singapore Young Photographer Award","_Awards","Source","","City Developments Limited: About SYPA (https://cdlsustainability.com/climate-action/cdl-singapore-young-photographer-award/) Retrieved 1 Aug 2024.",""
"18538128","CDL Singapore Young Photographer Award","_Awards","Awarding Entity","","City Developments Limited",""
"18538128","CDL Singapore Young Photographer Award","_Awards","Year First Awarded","","2005",""
"18736516","Certificate of Honour","_Awards","SN","","A decoration typically awarded to Singapore citizens for services to the state, but in special circumstances may be awarded to non-citizens as an Honorary Certificate of Honour.",""
"18736516","Certificate of Honour","_Awards","Source","","Prime Minister's Office (https://www.pmo.gov.sg/National-Day-Awards/Information-On-Medals/The-Certificate-of-Honour-Sijil-Kemuliaan) Retrieved 1 August 2024.",""
"18736516","Certificate of Honour","_Awards","Awarding Entity","","Singapore. Prime Minister's Office",""
"18736516","Certificate of Honour","_Awards","Year First Awarded","","1962",""
"18736516","Certificate of Honour","_Awards","Wikidata URI","","http://www.wikidata.org/entity/Q7513509",""
"18736516","Certificate of Honour","_Awards","BT","18538456","National Day Awards","_Awards"
"18736516","Certificate of Honour","_Awards","ENGtoMAY","18736515","Sijil Kemuliaan","_Awards_MY"
"20600564","CHampioning Efforts Resulting in Improved School Health","_Awards","Use","18341443","CHERISH Award","_Awards"
"18538067","Charity Governance Award","_Awards","SN","","Started in 2012, the annual awards recognises charities that have adopted the highest standards of governance, in line with the Code of Governance for Charities and Institutions of Public Character. The award encourages good transparency and governance in charities by recognising charities with outstanding practices.",""
"18538067","Charity Governance Award","_Awards","Source","","Charity Portal: Charity Transparency and Governance Awards(https://www.charities.gov.sg/Pages/Charities-and-IPCs/CTA_CGA/Charity-Transparency-and-Governance-Awards.aspx#) Retrieved 1 August 2024.",""
"18538067","Charity Governance Award","_Awards","Awarding Entity","","Charity Council",""
"18538067","Charity Governance Award","_Awards","Year First Awarded","","2012",""
"18341443","CHERISH Award","_Awards","SN","","The CHERISH (CHampioning Efforts Resulting in Improved School Health) Award was launched in August 2000 to recognise and encourage schools to establish comprehensive health promotion programmes for students and staff through the fostering of good physical, social and emotional health for optimal learning. It was discontinued in May 2014 and replaced by the Enhanced Health Promoting Schools (HPS) Engagement Model.",""
"18341443","CHERISH Award","_Awards","Source","","Health Promotion Board: The CHERISH Award (https://web.archive.org/web/20130429043210/www.hpb.gov.sg/HOPPortal/programmes-article/3128) Retrieved 12 August 2024. | Health Promotion Board: The CHERISH Award (https://web.archive.org/web/20220802102843/https://hpb.gov.sg/article/the-cherish-award) Retrieved 12 August 2024. | 联合早报 (Lianhe Zaobao), 30 May 2006, page 9: 教育部明年推出“全面保健架构” (https://eresources.nlb.gov.sg/newspapers/digitised/article/lhzb20060530-1.2.10.25?) Retrieved 17 Nov 2023.",""
"18341443","CHERISH Award","_Awards","Awarding Entity","","Singapore. Health Promotion Board | Singapore. Ministry of Education",""
"18341443","CHERISH Award","_Awards","Year First Awarded","","2000",""
"18341443","CHERISH Award","_Awards","UF","20600564","CHampioning Efforts Resulting in Improved School Health","_Awards"
"18341443","CHERISH Award","_Awards","ENGtoCHI","18501724","“珍惜“学校保健促进奖","_Awards_CN"
"18341443","CHERISH Award","_Awards","ENGtoMAY","15922633","Anugerah CHERISH","_Awards_MY"
"18341443","CHERISH Award","_Awards","ENGtoTAM","18503692","CHERISH விருது","_Awards_TM"
"18503692","CHERISH விருது","_Awards_TM","TAMtoENG","18341443","CHERISH Award","_Awards"
"18736563","Commendation Medal","_Awards","SN","","The Medal may be awarded to any of the following persons who has distinguished himself through commendable performance and conduct, or significant efficiency, competence and devotion to duty: any public officer; any officer employed by any statutory authority (other than a Town Council); any person in the service of any organisation, association or body rendering services in the field of education; any person employed in any company which is wholly-owned by the Government and which is carrying on business mainly as an agent or instrumentality of the Government; any person who is or has been employed as a member of the personal staff of the President.",""
"18736563","Commendation Medal","_Awards","Source","","Prime Minister's Office (https://www.pmo.gov.sg/National-Day-Awards/Information-On-Medals/The-Commendation-Medal-Pingat-Kepujian)",""
"18736563","Commendation Medal","_Awards","Awarding Entity","","Singapore. Prime Minister's Office",""
"18736563","Commendation Medal","_Awards","Year First Awarded","","1996",""
"18736563","Commendation Medal","_Awards","Wikidata URI","","http://www.wikidata.org/entity/Q7195766",""
"18736563","Commendation Medal","_Awards","BT","18538456","National Day Awards","_Awards"
"18736563","Commendation Medal","_Awards","ENGtoMAY","18736570","Pingat Kepujian","_Awards_MY"
"18538068","Community Chest Awards","_Awards","SN","","The awards honour organisations and individuals who have made outstanding contributions to the social service sector to care for communities in need.",""
"18538068","Community Chest Awards","_Awards","Source","","Community Chest Awards: categories & criteria (http://www.comchest.org.sg/comchest/Portals/0/Resources/Brochures/comchest%20awards%20critera%20brochure%202010.pdf ) | Community Chest (https://www.comchest.gov.sg/campaigns-events/signature-events/Details/cca2022)",""
"18538068","Community Chest Awards","_Awards","Awarding Entity","","Community Chest of Singapore",""
"18538068","Community Chest Awards","_Awards","Year First Awarded","","1984",""
"18538507","Community Safety and Security Programme Awards","_Awards","SN","","Started in 2003 by the Community Safety and Security Programme (CSSP), an initiative that works with the Home Team and other organisations to ensure safety and security in neighbourhoods. The awards recognise outstanding Community Safety and Security Programme projects and volunteers who have contributed to the community on a national level. The award is possibly discontinued.",""
"18538507","Community Safety and Security Programme Awards","_Awards","Source","","Community Safety and Security Programme: What is CSSP? (http://app1.cssp.org.sg/index.aspx?id=19) | Community Safety and Security Programme: CSSP Award Winners (http://app1.cssp.org.sg/awards.aspx)",""
"18538507","Community Safety and Security Programme Awards","_Awards","UF","18538522","CSSP Awards","_Awards"
"18538396","ComputerWorld Singapore Readers' Choice Award","_Awards","SN","","Annual awards chosen by the readers of Computerworld Singapore magazine. The awards recognise vendors, products and services who deliver on price, performance, ease of use and reliability in nine categories of communications, cloud, enterprise applications, hardware, platform and tools, security, services, storage and virtualisation. The award is possibly discontinued.",""
"18538396","ComputerWorld Singapore Readers' Choice Award","_Awards","Source","","Readers Choice Awards 2013: Leading enterprise IT players voted to power in Singapore (http://www.computerworld.com.sg/microsites/cws/rca2013/media_sg.html)",""
"18736526","Conspicuous Gallantry Medal","_Awards","SN","","The Medal may be awarded to any person who has performed within Singapore an act of conspicuous gallantry and courage in circumstances of extreme personal danger. In special circumstances, the Medal may be awarded to any person who has performed outside Singapore an act of conspicuous gallantry and courage in circumstances of extreme personal danger.",""
"18736526","Conspicuous Gallantry Medal","_Awards","Source","","Prime Minister's Office (https://www.pmo.gov.sg/National-Day-Awards/Information-On-Medals/The-Conspicuous-Gallantry-Medal-Pingat-Gagah-Perkasa)",""
"18736526","Conspicuous Gallantry Medal","_Awards","Awarding Entity","","Singapore. Prime Minister's Office",""
"18736526","Conspicuous Gallantry Medal","_Awards","Year First Awarded","","1962",""
"18736526","Conspicuous Gallantry Medal","_Awards","Wikidata URI","","http://www.wikidata.org/entity/Q7195758",""
"18736526","Conspicuous Gallantry Medal","_Awards","BT","18538456","National Day Awards","_Awards"
"18736526","Conspicuous Gallantry Medal","_Awards","ENGtoMAY","18736530","Pingat Gagah Perkasa","_Awards_MY"
"18538069","Creative Circle Awards","_Awards","SN","","Started in 1980 and presented by the Association of Accredited Advertising Agents Singapore. Awards are given for outstanding creativity in advertising, design, promotions, direct mail and interactive categories. It is also known as the Gong Awards.",""
"18538069","Creative Circle Awards","_Awards","Source","","GONG 2013: Creative Circle Awards (http://www.creativecircle.com.sg/aboutus.php) | Association of Advertising and Marketing Singapore: Awards & Events (https://aams.org.sg/awards/) Retrieved 1 August 2024. | LASALLE College of the Arts: The Gong Show (Creative Circle Awards) (https://www.lasalle.edu.sg/about/awards-showcase/gong-show-creative-circle-awards) Retrieved 1 August 2024. | LASALLE College of the Arts: The Lasalle alumna was named copywriter of the year at the Creative Circle Awards (https://www.lasalle.edu.sg/news/lasalle-alumna-named-copywriter-year-creative-circle-awards) Retrieved 1 August 2024.",""
"18538069","Creative Circle Awards","_Awards","Awarding Entity","","Association of Accredited Advertising Agents Singapore | Association of Advertising and Marketing Singapore",""
"18538069","Creative Circle Awards","_Awards","Year First Awarded","","1980",""
"18538069","Creative Circle Awards","_Awards","UF","18736642","Gong Awards","_Awards"
"18538139","Crowbar Awards","_Awards","SN","","Started in 2001 as the Students Creative Awards by the Association of Accredited Advertising Agents Singapore. The annual awards recognise and honour young and creative talents in the field of advertising. It is affectionately known as the Crowbar Awards.",""
"18538139","Crowbar Awards","_Awards","Source","","The Crowbar Awards 2013: About Crowbar (http://www.crowbar.com.sg/) | Facebook: Crowbar Awards (https://www.facebook.com/crowbarawards/) Retrieved 1 August 2024.",""
"18538139","Crowbar Awards","_Awards","Awarding Entity","","Association of Advertising and Marketing Singapore | Association of Accredited Advertising Agents Singapore",""
"18538139","Crowbar Awards","_Awards","Year First Awarded","","2001",""
"18538139","Crowbar Awards","_Awards","UF","18736646","Students Creative Awards","_Awards"
"18538522","CSSP Awards","_Awards","Use","18538507","Community Safety and Security Programme Awards","_Awards"
"18341444","Cultural Medallion","_Awards","SN","","The Cultural Medallion was instituted in March 1979 as an initiative of Singapore's late President, Mr Ong Teng Cheong. The award recognises individuals who have attained artistic excellence in their respective artistic fields. It is conferred by the President, Republic of Singapore and is administered by NAC. In response to the increasingly overlapping boundaries of arts practices and disciplines, the Cultural Medallion now recognises artistic excellence in new areas such as multimedia art, technical theatre and pop music. These new areas will be combined with the previous genres of art, music, theatre, photography, dance, literature and film to form four broad categories for nominations, namely literary arts, performing arts, visual arts and film.",""
"18341444","Cultural Medallion","_Awards","Source","","National Arts Council: About the Cultural Medallion (https://www.nac.gov.sg/singapore-arts-scene/cultural-medallion-and-young-artist-award/cultural-medallion-page/about-the-cultural-medallion)",""
"18341444","Cultural Medallion","_Awards","Awarding Entity","","National Arts Council (Singapore)",""
"18341444","Cultural Medallion","_Awards","Year First Awarded","","1979",""
"18341444","Cultural Medallion","_Awards","Wikidata URI","","http://www.wikidata.org/entity/Q5193227",""
"18341444","Cultural Medallion","_Awards","ENGtoCHI","18501725","文化奖","_Awards_CN"
"18341444","Cultural Medallion","_Awards","ENGtoMAY","15922634","Pingat Kebudayaan","_Awards_MY"
"18341444","Cultural Medallion","_Awards","ENGtoTAM","18503693","கலாச்சாரப் பதக்கம்","_Awards_TM"
"18736518","Darjah Utama Bakti Cemerlang","_Awards_MY","BT","18736504","Anugerah Hari Kebangsaan","_Awards_MY"
"18736518","Darjah Utama Bakti Cemerlang","_Awards_MY","MAYtoENG","18736517","Distinguished Service Order","_Awards"
"18736514","Darjah Utama Nila Utama","_Awards_MY","BT","18736504","Anugerah Hari Kebangsaan","_Awards_MY"
"18736514","Darjah Utama Nila Utama","_Awards_MY","MAYtoENG","18736511","Order of Nila Utama","_Awards"
"18736513","Darjah Utama Temasek","_Awards_MY","BT","18736504","Anugerah Hari Kebangsaan","_Awards_MY"
"18736513","Darjah Utama Temasek","_Awards_MY","MAYtoENG","18736506","Order of Temasek","_Awards"
"18733555","DBS Life! Theatre Awards","_Awards","Use","18538070","The Straits Times’ Life! Theatre Awards","_Awards"
"18538142","Deaf Achievers Awards","_Awards","SN","","Presented by the Singapore Association for the Deaf to recognise the outstanding achievements of individuals from the deaf and hard-of-hearing community. Award categories include: Outstanding Deaf Students, Teacher of the Year, Outstanding Deaf Sportsman/Sportswoman and Special Talent. The Special Talent Award is for an indvidual who has demonstrated exceptional achievements that don't fit in the other award categories.",""
"18538142","Deaf Achievers Awards","_Awards","Source","","The Singapore Association for the Deaf : Deaf Achievers Awards (https://sadeaf.org.sg/deaf-achievers-awards-2022/)",""
"18538142","Deaf Achievers Awards","_Awards","Awarding Entity","","The Singapore Association for the Deaf",""
"18538458","Design Excellence Awards","_Awards","SN","","Started in the 1990s and presented by the Interior Design Confederation (Singapore). The annual awards recognise outstanding talents in the interior design industry in Singapore. There are two categories: Interior Design Excellence Awards (IDEA) for interior design practitioners, and Spatial Design Awards (SPADE) for interior design works by students. In 2018/2019, it was open for interior design submissions from all over the world.",""
"18538458","Design Excellence Awards","_Awards","Source","","Interior Design Confederation Singapore: Design Excellence Awards (https://idcs.sg/site/page/design-excellence-awards-dea) Retrieved 25 May 2022.",""
"18538458","Design Excellence Awards","_Awards","Awarding Entity","","Interior Design Confederation Singapore",""
"18538458","Design Excellence Awards","_Awards","Year First Awarded","","2003",""
"18736517","Distinguished Service Order","_Awards","SN","","The Order may be awarded to any person who has performed within Singapore any act or series of acts constituting distinguished conduct. In special circumstances, the order may be awarded to any person who has performed outside Singapore any act or series of acts constituting distinguished conduct.",""
"18736517","Distinguished Service Order","_Awards","Source","","Prime Minister's Office (https://www.pmo.gov.sg/National-Day-Awards/Information-On-Medals/The-Distinguished-Service-Order-Darjah-Utama-Bakti-Cemerlang)",""
"18736517","Distinguished Service Order","_Awards","Awarding Entity","","Singapore. Prime Minister's Office",""
"18736517","Distinguished Service Order","_Awards","Year First Awarded","","1968",""
"18736517","Distinguished Service Order","_Awards","Wikidata URI","","http://www.wikidata.org/entity/Q16148558",""
"18736517","Distinguished Service Order","_Awards","BT","18538456","National Day Awards","_Awards"
"18736517","Distinguished Service Order","_Awards","ENGtoMAY","18736518","Darjah Utama Bakti Cemerlang","_Awards_MY"
"18538071","e-Government Excellence Awards","_Awards","SN","","Started in 2013 and presented by the Ministry of Finance and the Infocomm Development Authority of Singapore (IDA). The awards recognise government agencies that most efficiently provide services electronically to the public. The award is possibly discontinued.",""
"18538071","e-Government Excellence Awards","_Awards","Source","","Infocomm Media Development Authority: Eighteen Government Services Score e-Government Excellence Awards (https://www.imda.gov.sg/resources/press-releases-factsheets-and-speeches/archived/ida/press-releases/2013/eighteen-government-services-score-egovernment-excellence-awards) Retrieved 1 August 2024.",""
"18538071","e-Government Excellence Awards","_Awards","Awarding Entity","","Singapore. Ministry of Finance | Infocomm Development Authority of Singapore",""
"18538071","e-Government Excellence Awards","_Awards","UF","18538232","GEA","_Awards"
"18516144","E50 Awards","_Awards","Use","18516143","Singapore Enterprise 50 Awards","_Awards"
"18538523","EENP Awards","_Awards","Use","18538397","Energy Efficiency National Partnership Awards","_Awards"
"18736567","Efficiency Medal","_Awards","SN","","The Medal may be awarded to any of the following persons for exceptional efficiency or exceptional devotion to duty or for work of special significance: any public officer; any officer employed by any statutory authority (other than a Town Council); any person who in the service of any organisation, association or body rendering services in the field of education; any person employed in any company which is wholly-owned by the Government and which is carrying on business mainly as an agent or instrumentality of the Government; any person who is or has been employed as a member of the personal staff of the President.",""
"18736567","Efficiency Medal","_Awards","Source","","Prime Minister's Office (https://www.pmo.gov.sg/National-Day-Awards/Information-On-Medals/The-Efficiency-Medal-Pingat-Berkebolehan)",""
"18736567","Efficiency Medal","_Awards","Awarding Entity","","Singapore. Prime Minister's Office",""
"18736567","Efficiency Medal","_Awards","Year First Awarded","","1969",""
"18736567","Efficiency Medal","_Awards","Wikidata URI","","http://www.wikidata.org/entity/Q7195755",""
"18736567","Efficiency Medal","_Awards","BT","18538456","National Day Awards","_Awards"
"18736567","Efficiency Medal","_Awards","ENGtoMAY","18736572","Pingat Berkebolehan","_Awards_MY"
"18746598","Effie Awards Singapore","_Awards","Use","18538111","Singapore Effie Awards","_Awards"
"18538397","Energy Efficiency National Partnership Awards","_Awards","SN","","Started in 2011 and presented annually by the National Environment Agency, Energy Market Authority and the Economic Development Board. The awards recognise companies that show sustained improvement in energy efficiency. They also help to find and inculcate best practices in energy management in the industry.",""
"18538397","Energy Efficiency National Partnership Awards","_Awards","Source","","National Environment Agency: Programmes & Grants: EENP Awards (https://www.nea.gov.sg/programmes-grants/grants-and-awards/eenp-awards) Retrieved 25 May 2022.",""
"18538397","Energy Efficiency National Partnership Awards","_Awards","Awarding Entity","","Singapore. National Environment Agency | Singapore. Energy Market Authority | Singapore. National Climate Change Secretariat",""
"18538397","Energy Efficiency National Partnership Awards","_Awards","Year First Awarded","","2011",""
"18538397","Energy Efficiency National Partnership Awards","_Awards","UF","18538523","EENP Awards","_Awards"
"18538398","Epicurean Star Award","_Awards","SN","","Conferred by the Restaurant Association of Singapore, the awards recognise the best restaurants in Singapore and encourages talent and innovation in Singapore’s food and beverage industry. The award categories include Best Chinese Restaurant, Best Asian Restaurant, Best Western Restaurant and Best Halal Restaurant.",""
"18538398","Epicurean Star Award","_Awards","Source","","Restaurant Association of Singapore: Epicurean Star Award (https://ras.org.sg/epicurean-star-award/) Retrieved 25 May 2022. | Six&Seven: RAS Epicurean Star Award 2014 (https://the6and7.com/blog/2014/11/ras-epicurean-star-award-2014) Retrieved 1 August 2024.",""
"18538398","Epicurean Star Award","_Awards","Awarding Entity","","Restaurant Association of Singapore",""
"18538398","Epicurean Star Award","_Awards","Year First Awarded","","2006",""
"18538399","Excellence in Public Service Awards","_Awards","SN","","Started in 2008, the annual awards are given out during Public Service Week, when public officers are recognised for their service to the public and agencies for their organisational excellence. Members of the public who have made significant contributions to the Public Service as customers are also honoured. It merged with the Excellence through Continuous Enterprise and Learning Awards to form the Public Sector Transformation Awards in 2018.",""
"18538399","Excellence in Public Service Awards","_Awards","Source","","Public Service Division: Public Service Week 2013 Serving the Nation and proud of it (http://www.psd.gov.sg/content/psd/en/media/press_release_20May2013.html) | Excellence in Public Service Awards 2017 (https://www.nlb.gov.sg/main/book-detail?cmsuuid=0124c53b-c612-4bbf-866b-a838f4a9fa1c) Retrieved 1 August 2024. | Public Service Division: One Public Service: Stepping Up Transformation (Public Service Week 2018) (https://www.psd.gov.sg/newsroom/media-releases/one-public-service-stepping-up-transformation-public-service-week-2018/) Retrieved 1 August 2024.",""
"18538399","Excellence in Public Service Awards","_Awards","Awarding Entity","","Singapore. Ministry of Social and Family Development | Singapore. Public Service Division",""
"18538072","Excellent Service Award","_Awards","SN","","Started in 1994 and presented by the Association of Singapore Attractions, the Land Transport Authority, the Public Service Division, the Restaurant Association of Singapore, the Singapore Hotel Association, the Singapore Retailers Association, the Association of Banks in Singapore and supported by SPRING Singapore. The award recognises staff of attractions, banking, hospitality, land transport, public service, retail and restaurant industries who provide outstanding service and serve as role models.",""
"18538072","Excellent Service Award","_Awards","Source","","SPRING Singapore: Excellent Service Award (EXSA) (http://www.spring.gov.sg/Enterprise/CDG/Pages/SE/Excellent-Service-Award.aspx#.UyY_TRBdXT8) | Facebook: Excellent Service Award - EXSA (https://www.facebook.com/excellentserviceaward) Retrieved 1 August 2024.",""
"18538072","Excellent Service Award","_Awards","Year First Awarded","","1994",""
"18538072","Excellent Service Award","_Awards","UF","18538233","EXSA","_Awards"
"18538400","Exemplary Mother Award","_Awards","SN","","Started in 1993 and awarded by Jamiyah Singapore. From 1993 to 2004, the annual award was given to a mother who has suffered hardship and made sacrifices in raising her children. Since 2004, emphasis is placed on honouring mothers who in addition to family and career commitments, found the time to also serve the community. In 2018, the Exemplary Young Mother Award was introduced for mothers below the age of 40.",""
"18538400","Exemplary Mother Award","_Awards","Source","","Exemplary Mother Award (https://www.jamiyah.org.sg/ema-2019/) | 26th Annual Exemplary Mother Award (https://www.jamiyah.org.sg/wp-content/uploads/2022/05/26TH-EXEMPLARY-MOTHER-AWARD-2018.pdf) Retrieved 1 August 2024.",""
"18538400","Exemplary Mother Award","_Awards","Awarding Entity","","Persekutuan Seruan Islam Singapura (Association)",""
"18538400","Exemplary Mother Award","_Awards","Year First Awarded","","1993",""
"18538233","EXSA","_Awards","Use","18538072","Excellent Service Award","_Awards"
"18538073","EY Entrepreneur of the Year Singapore","_Awards","SN","","Conferred by Ernst & Young annually, the award recognises outstanding entrepreneurs in Singapore who have contributed significantly to society and the economy.",""
"18538073","EY Entrepreneur of the Year Singapore","_Awards","Source","","EY Entrepreneur of the Year Singapore (https://www.ey.com/en_sg/ey-entrepreneur-of-the-year-singapore) Retrieved 1 August 2024.",""
"18538073","EY Entrepreneur of the Year Singapore","_Awards","Awarding Entity","","Ernst & Young",""
"18538073","EY Entrepreneur of the Year Singapore","_Awards","Year First Awarded","","2002",""
"19987880","Family Friendly Firm Award","_Awards","SN","","Award initiated by the Ministry of Community Development, and endorsed by the Singapore National Employers Federation, Ministry of Manpower and National Trades Union Congress to encourage firms to adopt family-friendly work practices.",""
"19987880","Family Friendly Firm Award","_Awards","Source","","The Singapore Family Friendly Employer Award 2004 (2004) | The Straits Times, 23 September 1998, page 39: With these firms, families matter too (https://eresources.nlb.gov.sg/newspapers/digitised/article/straitstimes19980923-1.2.53.1) | The Straits Times, 28 February 2000, page 46: There is an award for family friendly firms (https://eresources.nlb.gov.sg/newspapers/digitised/article/straitstimes20000228-1.2.62.3) Retrieved 16 October 2023",""
"19987880","Family Friendly Firm Award","_Awards","Awarding Entity","","Singapore. Ministry of Community Development",""
"19987880","Family Friendly Firm Award","_Awards","Year First Awarded","","1998",""
"19987880","Family Friendly Firm Award","_Awards","Successor","19987878","Singapore Family Friendly Employer Award","_Awards"
"18538074","FIABCI Singapore Property Awards","_Awards","SN","","Started in 2011 and presented by the Federation Internationale des Administrateurs de Bien-Conselis Immobiliers (FIABCI) Singapore. The awards recognise real estate projects and developments in Singapore with outstanding achievements.",""
"18538074","FIABCI Singapore Property Awards","_Awards","Source","","FIABCI Prix d’Excellence Awards: Singapore FIABCI introduces “FIABCI Singapore Property Award” (http://www.fiabciprix.com/news/234-singapore-fiabci-property-awards.html) | FIABCI World Prix d'Excellence Awards: Chapter Award (https://fiabciprix.com/national-awards/?id=30) Retrieved 1 August 2024.",""
"18538074","FIABCI Singapore Property Awards","_Awards","Awarding Entity","","FIABCI-Singapore",""
"18538074","FIABCI Singapore Property Awards","_Awards","Year First Awarded","","2011",""
"18538524","FLA Awards","_Awards","Use","18538401","Franchising and Licensing Association Awards","_Awards"
"18538075","France + Singapore Photographic Arts Award","_Awards","SN","","Started in 2013 and presented by Alliance Française de Singapour. The award recognises photographers from France and Singapore, and encourages creative and artistic exchange between artists of both countries.",""
"18538075","France + Singapore Photographic Arts Award","_Awards","Source","","Alliance Française de Singapour: SOCIETE GENERALE Gallery (http://www.alliancefrancaise.org.sg/visual-arts-competition/) | Singapore Art Week: 11th France + Singapore Photographic Arts Award Exhibition (https://www.nac.gov.sg/artweek/events/11th-france-singapore-photographic-arts-award-exhibition.html) Retrieved 1 August 2024. | Tan Haur: 1st prize winner of France + Singapore Photographic Arts Award 2012 – Tan Haur (https://tanhaur.wordpress.com/2012/07/12/winner-of-france-singapore-photographic-arts-award-2012-3/) Retrieved 1 August 2024.",""
"18538075","France + Singapore Photographic Arts Award","_Awards","Awarding Entity","","Alliance Française de Singapour",""
"18538075","France + Singapore Photographic Arts Award","_Awards","Year First Awarded","","2012",""
"18538401","Franchising and Licensing Association Awards","_Awards","SN","","Started in 2005 by the Franchising and Licensing Association (FLA) Singapore. The awards recognise successful franchisors and provide them with the opportunity to show their franchise concepts at a global level.",""
"18538401","Franchising and Licensing Association Awards","_Awards","Source","","FLA Awards: About the Award (https://www.flasingapore.org/awards2019) | Ministry of Trade and Industry: Mr Iswaran at the FLA Award Gala Dinner (https://www.mti.gov.sg/Newsroom/Speeches/2007/09/Mr-Iswaran-at-the-FLA-Award-Gala-Dinner) Retrieved 1 August 2024.",""
"18538401","Franchising and Licensing Association Awards","_Awards","Awarding Entity","","Franchising and Licensing Association (Singapore)",""
"18538401","Franchising and Licensing Association Awards","_Awards","Year First Awarded","","2005",""
"18538401","Franchising and Licensing Association Awards","_Awards","UF","18538524","FLA Awards","_Awards"
"18538076","Friend of Singa Award","_Awards","SN","","Award that was first administered by the Singapore Courtesy Council and later by Singapore Kindness Movement (SKM) from 2001 onwards. The award recognises and encourages exemplar acts of kindness among students.",""
"18538076","Friend of Singa Award","_Awards","Source","","Singapore Kindness Movement: Friend of Singa (https://www.kindness.sg/parents-and-educators/fos/) | Singapore Infopedia: Singa the Courtesy Lion (https://www.nlb.gov.sg/main/article-detail?cmsuuid=a0310fc5-3419-43af-b1f3-67588c29fd74) Retrieved 1 August 2024.",""
"18538076","Friend of Singa Award","_Awards","Awarding Entity","","Singapore Kindness Movement | Singapore Courtesy Council",""
"18538076","Friend of Singa Award","_Awards","Year First Awarded","","1990",""
"18538402","Frost & Sullivan Singapore Excellence Awards","_Awards","SN","","Started in 2013 and presented by Frost & Sullivan, a global research organisation. The awards recognise companies from the various sectors in Singapore that have performed exceptionally well. Companies from the Automation & Electronics, Energy & Power, Environment & Building, Health Care, Information Communications Technology and Transportation & Logistics industries are given awards. The award is possibly discontinued.",""
"18538402","Frost & Sullivan Singapore Excellence Awards","_Awards","Source","","Award Overview: Singapore 2013 Frost & Sullivan Excellence Awards (http://www.frost-apac.com/singaporeawards/award_overview.htm) | PR Newswire: Singapore's Best Recognised at Inaugural 2013 Frost & Sullivan Singapore Excellence Awards (https://en.prnasia.com/releases/global/Singapore_s_Best_Recognised_at_Inaugural_2013_Frost_Sullivan_Singapore_Excellence_Awards-87599.shtml) Retrieved 1 August 2024.",""
"18538402","Frost & Sullivan Singapore Excellence Awards","_Awards","Awarding Entity","","Frost & Sullivan",""
"18538402","Frost & Sullivan Singapore Excellence Awards","_Awards","Year First Awarded","","2013",""
"18538232","GEA","_Awards","Use","18538071","e-Government Excellence Awards","_Awards"
"18538077","GOAL Singapore Football Awards","_Awards","SN","","Started in 2013 by Goal Singapore, the online football news website. The awards recognise the best of Singapore and Singapore-based players. Categories include Player of the Year, Young Player of the Year, Foreign Player of the Year, Women's Player of the Year and Coach of the Year. The award is possibly discontinued.",""
"18538077","GOAL Singapore Football Awards","_Awards","Source","","GOAL: 2013 Goal Singapore Football Awards (http://www.goal.com/en-sg/news/5681/goal-singapore-football-awards/2013/11/15/4407473/2013-goal-singapore-football-awards?ICID=SP)",""
"18741152","Goh Chok Tong Enable Awards","_Awards","SN","","The awards aim to recognise the achievements of persons with disabilities, and to motivate those with promise and potential to go the distance with their endeavours. It is an initiative by Goh Chok Tong Enable Fund, which is administered by SG Enable and supported by Mediacorp.",""
"18741152","Goh Chok Tong Enable Awards","_Awards","Source","","Goh Chok Tong Enable Fund: Goh Chok Tong Enable Awards (https://www.gctenablefund.sg/goh-chok-tong-enable-awards/) Retrieved 1 August 2024. | SG Enable: Our Milestones (https://www.sgenable.sg/about-us/our-story/our-milestones) Retrieved 1 August 2024.",""
"18741152","Goh Chok Tong Enable Awards","_Awards","Awarding Entity","","SG Enable",""
"18741152","Goh Chok Tong Enable Awards","_Awards","Year First Awarded","","2019",""
"18538403","Goh Chok Tong Youth Promise Award","_Awards","SN","","Started in 2005 in honour of then Senior Minister Goh Chok Tong and awarded by Yayasan MENDAKI (Council for the Development of Singapore Malay/Muslim Community). The award is presented to Malay/Muslim students who are outstanding academically and also excel in other fields like sports, music and the arts. The recognition allows them to be role models and inspiration to Malay/Muslim youths. It was later renamed Anugerah Belia Cemerlang MENDAKI.",""
"18538403","Goh Chok Tong Youth Promise Award","_Awards","Source","","Yayasan MENDAKI: Goh Chok Tong Youth Promise Award (http://www.mendaki.org.sg/scholarships/goh-chok-tong-youth-promise-award.aspx?key=efe0a17ab9004e07851bcb907) | Yayasan MENDAKI: Anugerah Belia Cemerlang (https://my.mendaki.org.sg/Assistance/AssistanceDetails/81738232-69c9-ec11-a7b6-0022485999b8) Retrieved 1 August 2024.",""
"18538403","Goh Chok Tong Youth Promise Award","_Awards","Awarding Entity","","MENDAKI",""
"18538403","Goh Chok Tong Youth Promise Award","_Awards","Year First Awarded","","2005",""
"18341445","Golden Point Awards","_Awards","SN","","A national writing competition established by the National Arts Council to support new writing for both short stories and poetry in the four major languages of Singapore - English, Malay, Chinese and Tamil. It is organised by Arts House Limited and is supported by the National Arts Council.",""
"18341445","Golden Point Awards","_Awards","Source","","Golden Point Award (https://artshouselimited.sg/images/media-centre/2021/gpa-2021/gpa-2021-results-Annex-A.pdf) Retrieved 1 August 2024. | Arts House Limited: Golden Point Award (https://artshouselimited.sg/gpa) Retrieved 1 August 2024.",""
"18341445","Golden Point Awards","_Awards","Awarding Entity","","Arts House Limited",""
"18341445","Golden Point Awards","_Awards","Year First Awarded","","1993",""
"18341445","Golden Point Awards","_Awards","ENGtoCHI","18501726","金笔奖","_Awards_CN"
"18341445","Golden Point Awards","_Awards","ENGtoMAY","15922635","Anugerah Pena Emas","_Awards_MY"
"18341445","Golden Point Awards","_Awards","ENGtoTAM","18503694","தங்கப் புள்ளி விருதுகள்","_Awards_TM"
"18736642","Gong Awards","_Awards","Use","18538069","Creative Circle Awards","_Awards"
"15922646","Hadiah Lukisan Tahunan UOB","_Awards_MY","MAYtoENG","18341453","UOB Painting of the Year","_Awards"
"15922644","Hadiah Sastera Singapura","_Awards_MY","MAYtoENG","18341452","Singapore Literature Prize","_Awards"
"18538078","Hedwig Anuar Children’s Book Award","_Awards","SN","","Started in 2011 by the National Book Development Council of Singapore (The Book Council) to encourage children’s literature in Singapore. It is named after Mrs Hedwig Anuar, the first Director of the National Library of Singapore (1960-1988). The award is given every two years to the best children's book written locally.",""
"18538078","Hedwig Anuar Children’s Book Award","_Awards","Source","","Singapore Book Council: Hedwig Anuar Children's Book Award (https://www.bookcouncil.sg/awards/other-children-s-book-awards/hedwig-anuar-children-s-book-award-haba) | Tributesg: Hedwig Anuar (http://www.tribute.sg/artistprofile.php?chapter=)",""
"18538078","Hedwig Anuar Children’s Book Award","_Awards","Awarding Entity","","Singapore Book Council",""
"18538078","Hedwig Anuar Children’s Book Award","_Awards","Year First Awarded","","2011",""
"18696194","Her World Woman of the Year","_Awards","SN","","It honours women who have made outstanding contributions to society.",""
"18696194","Her World Woman of the Year","_Awards","Source","","Her World Woman of the Year (https://womanoftheyear.herworld.com/about-us) Retrieved 20 Sep 2020. | Her World: Women Of Impact (https://www.herworld.com/topics/women-of-impact) Retrieved 1 August 2024.",""
"18696194","Her World Woman of the Year","_Awards","Awarding Entity","","SPH Media",""
"18696194","Her World Woman of the Year","_Awards","Year First Awarded","","1991",""
"18755387","Honorary Citizen Award","_Awards","SN","","The highest national award conferred by the Government of Singapore to non-Singaporeans. It recognises the efforts of foreigners who have made outstanding contributions to Singapore in the areas of business, science and technology, information communications, education, health, arts and culture, sports, tourism, community services or security.",""
"18755387","Honorary Citizen Award","_Awards","Source","","Singapore Infopedia: The Honorary Citizen Award (https://eresources.nlb.gov.sg/infopedia/articles/SIP_1871_2012-02-20.html) Retrieved 26 Aug 2022.",""
"18755387","Honorary Citizen Award","_Awards","Awarding Entity","","Singapore. Ministry of Manpower",""
"18755387","Honorary Citizen Award","_Awards","Year First Awarded","","2003",""
"18755387","Honorary Citizen Award","_Awards","Wikidata URI","","http://www.wikidata.org/entity/Q5896953",""
"18538246","HRE Awards","_Awards","Use","18538079","Human Resources Excellence Awards","_Awards"
"18538079","Human Resources Excellence Awards","_Awards","SN","","Awarded by Human Resources Online magazine to recognise and honour exemplary human resource practices in organisations.",""
"18538079","Human Resources Excellence Awards","_Awards","Source","","Human Resources Excellence Awards (https://awards.humanresourcesonline.net/hr-excellence-awards-sg/about/)",""
"18538079","Human Resources Excellence Awards","_Awards","Awarding Entity","","Lighthouse Independent Media",""
"18538079","Human Resources Excellence Awards","_Awards","Year First Awarded","","2012",""
"18538079","Human Resources Excellence Awards","_Awards","UF","18538246","HRE Awards","_Awards"
"18538475","IAEA","_Awards","Use","18538406","Internal Audit Excellence Award","_Awards"
"18538466","IAS Innovation Awards","_Awards","SN","","Conferred by the Institute of Advertising. The awards recognised Singapore companies that use innovative techniques in their business concepts or marketing. Award categories include Business Innovation of the Year, Marketing Innovation of the Year and Product Innovation of the Year. Discontinued.",""
"18538466","IAS Innovation Awards","_Awards","Source","","IAS: Innovation Awards 2013 (http://www.ias.org.sg/innovation_awards/index.html)",""
"18538466","IAS Innovation Awards","_Awards","Awarding Entity","","Institute of Advertising Singapore",""
"18538466","IAS Innovation Awards","_Awards","UF","18538567","Institute of Advertising Singapore Innovation Awards","_Awards"
"18538404","IChemE Singapore Awards","_Awards","SN","","Annual awards presented by the Institution of Chemical Engineers (ICHEME) in Singapore. The awards recognise and reward innovation and excellence in the field of chemical engineering. Award categories include The Sustainable Technology Award and The Young Chemical Engineer of the Year Award.",""
"18538404","IChemE Singapore Awards","_Awards","Source","","IChemE: Singapore Awards (https://www.icheme.org/about-us/icheme-worldwide/singapore/awards/) Retrieved 3 August 2024 | IChemE: About IChemE (http://www.icheme.org/about_us.aspx)",""
"18538404","IChemE Singapore Awards","_Awards","Awarding Entity","","Institution of Chemical Engineers in Singapore",""
"18538404","IChemE Singapore Awards","_Awards","Year First Awarded","","2010",""
"18538404","IChemE Singapore Awards","_Awards","UF","18538568","Institution of Chemical Engineers Singapore Awards","_Awards"
"18538405","IES Prestigious Engineering Achievement Awards","_Awards","SN","","Started in 2004 and presented by the Institution of Engineers (IES) Singapore. The awards recognise an individual or an organisation that has come up with an engineering project in Singapore that is of outstanding engineering skills. In addition, it must contribute significantly to the progress of engineering in Singapore.",""
"18538405","IES Prestigious Engineering Achievement Awards","_Awards","Source","","The Institution of Engineers Singapore: IES Prestigious Engineering Achievement Awards (http://www.ies.org.sg/pageview.php?page_id=113)",""
"18538405","IES Prestigious Engineering Achievement Awards","_Awards","Awarding Entity","","Institution of Engineers Singapore",""
"18538405","IES Prestigious Engineering Achievement Awards","_Awards","Year First Awarded","","2004",""
"18538405","IES Prestigious Engineering Achievement Awards","_Awards","UF","18538569","Institution of Engineers Singapore Prestigious Engineering Achievement Awards","_Awards"
"18538448","iKMS KM Excellence Awards","_Awards","SN","","Started in 2008 and awarded by the Information and Knowledge Management Society (iKMS). The awards recognise organisations in Singapore with outstanding knowledge management practices. Discontinued.",""
"18538448","iKMS KM Excellence Awards","_Awards","Source","","ikms: KM Excellence Awards (http://www.ikms.org/awards.html)",""
"18538448","iKMS KM Excellence Awards","_Awards","Awarding Entity","","Information and Knowledge Management Society",""
"18538448","iKMS KM Excellence Awards","_Awards","Year First Awarded","","2008",""
"18538448","iKMS KM Excellence Awards","_Awards","UF","18538570","Information and Knowledge Management Society Knowledge Management Excellence Awards","_Awards"
"18538570","Information and Knowledge Management Society Knowledge Management Excellence Awards","_Awards","Use","18538448","iKMS KM Excellence Awards","_Awards"
"18538080","Inspiring Teacher of English Award","_Awards","SN","","Started in 2008, it is a national award for English teachers in Singapore schools. It acknowledges teachers who inculcate a love for the English language in their students, and are effective in helping them write and speak accurately.",""
"18538080","Inspiring Teacher of English Award","_Awards","Source","","Speak Good English Movement: Inspiring Teacher of English Award (https://www.languagecouncils.sg/goodenglish/inspiring-teacher-of-english-award/2021)",""
"18538080","Inspiring Teacher of English Award","_Awards","Awarding Entity","","Speak Good English Movement Steering Committee",""
"18538080","Inspiring Teacher of English Award","_Awards","Year First Awarded","","2008",""
"18538567","Institute of Advertising Singapore Innovation Awards","_Awards","Use","18538466","IAS Innovation Awards","_Awards"
"18538571","Institute of Public Relations of Singapore Public Relations In the Service of Mankind Awards","_Awards","Use","18538417","PRISM Awards","_Awards"
"18538568","Institution of Chemical Engineers Singapore Awards","_Awards","Use","18538404","IChemE Singapore Awards","_Awards"
"18538569","Institution of Engineers Singapore Prestigious Engineering Achievement Awards","_Awards","Use","18538405","IES Prestigious Engineering Achievement Awards","_Awards"
"18538406","Internal Audit Excellence Award","_Awards","SN","","Started in 2011 by the Institute of Internal Auditors Singapore, Securities Investors’ Association (Singapore) and Sim Kee Boon Institute at Singapore Management University. The awards recognise and honour public-listed companies that have put in place an effective internal audit function to improve risk management, internal controls and corporate governance. Possibly discontinued after 2016.",""
"18538406","Internal Audit Excellence Award","_Awards","Source","","The Institute of Internal Auditors Singapore: Advocacy (http://www.iia.org.sg/advocacy/award.html) | IA Excellence Award (https://iia.org.sg/News-and-Advocacy/Internal-Audit-Excellence-Award) Retrieved 10 August 2024",""
"18538406","Internal Audit Excellence Award","_Awards","Awarding Entity","","The Institute of Internal Auditors Singapore",""
"18538406","Internal Audit Excellence Award","_Awards","Year First Awarded","","2011",""
"18538406","Internal Audit Excellence Award","_Awards","UF","18538475","IAEA","_Awards"
"18538081","Kala Ratna Awards","_Awards","SN","","Started in 1986 and presented by the Singapore Indian Fine Arts Society. The Kala Ratna (Jewel of the Arts) Awards recognise outstanding artistes who excel in and promote Indian arts in Singapore.",""
"18538081","Kala Ratna Awards","_Awards","Source","","SIFAS: Kala Ratna Awards (http://www.sifas.org/kalaratnaawards.html)",""
"18538081","Kala Ratna Awards","_Awards","Awarding Entity","","Singapore Indian Fine Arts Society",""
"18538081","Kala Ratna Awards","_Awards","Year First Awarded","","1986",""
"18538455","Koh Eng Kheng Eminent Benefactor Award","_Awards","SN","","Philanthropy award introduced in 2012 by the Singapore Children’s Society. The award is named in honour of the late Dr Koh Eng Kheng, former Chairman of the Singapore Children’s Society. The award is given to an individual, group or organisation that donates S$5 million or raises at least S$10 million for the society over a period of time.",""
"18538455","Koh Eng Kheng Eminent Benefactor Award","_Awards","Source","","""Children's Society: Award Recipients (http://www.childrensociety.org.sg/index.php?option=com_k2&view=item&layout=item&id=46&Itemid=47) | BookSG: Portrait of Dr. Koh Eng Kheng, former Chairman of the Singapore Children's Society (http://eresources.nlb.gov.sg/printheritage/image.aspx?id=4f869cf0-688f-448c-aa7d-b1f75058fd28) | SG Volunteer: Singapore Children’s Society launches new philanthropy award (http://sgvolunteer.com/2012/09/singapore-childrens-society-launches-philanthropy-award/)""",""
"18538455","Koh Eng Kheng Eminent Benefactor Award","_Awards","Awarding Entity","","Singapore Children's Society",""
"18538455","Koh Eng Kheng Eminent Benefactor Award","_Awards","Year First Awarded","","2012",""
"18538479","L&E Awards","_Awards","Use","18538410","Loyalty & Engagement Awards","_Awards"
"18538473","LAS Passion Award","_Awards","SN","","Annual award presented by the Library Association of Singapore. The award recognises an individual each year for outstanding service, commitment and contributions to the library profession.",""
"18538473","LAS Passion Award","_Awards","Source","","Library Association of Singapore: LAS Passion Award (http://www.las.org.sg/wp/awards/las-passion-award/)",""
"18538473","LAS Passion Award","_Awards","Awarding Entity","","Library Association of Singapore",""
"18538473","LAS Passion Award","_Awards","UF","18538575","Library Association of Singapore Passion Award","_Awards"
"18538407","Lee Hsien Loong Award for Innovations in the Normal Course","_Awards","SN","","Started in 2009 by an endowment fund donated by Prime Minister Lee Hsien Loong. The award, presented by the Ministry of Education Singapore, is given to schools in recognition of their innovative teaching and learning, organisation and management practices that have benefitted the all-round development of Normal (Academic) and Normal (Technical) stream students. Discontinued in 2021.",""
"18538407","Lee Hsien Loong Award for Innovations in the Normal Course","_Awards","Source","","Ministry of Education Singapore- Press Releases: Recognising School Achievements in 2009 (http://www.moe.gov.sg/media/press/2009/09/recognising-school-achievement.php) | Recognising Innovations in Uplifting Students (https://www.moe.gov.sg/news/press-releases/20201229-recognising-innovations-in-uplifting-students) Retrieved 10 August 2024",""
"18538407","Lee Hsien Loong Award for Innovations in the Normal Course","_Awards","Awarding Entity","","Singapore. Ministry of Education",""
"18538407","Lee Hsien Loong Award for Innovations in the Normal Course","_Awards","Year First Awarded","","2009",""
"18538407","Lee Hsien Loong Award for Innovations in the Normal Course","_Awards","UF","18538476","LHL AIN","_Awards"
"18538407","Lee Hsien Loong Award for Innovations in the Normal Course","_Awards","Successor","20601198","Lee Hsien Loong Award for Innovations in Uplifting Students","_Awards"
"20601198","Lee Hsien Loong Award for Innovations in Uplifting Students","_Awards","SN","","Replaces the current Lee Hsien Loong Award for Innovations in the Normal Course (LHL AIN), which was first given out in 2009 to recognise schools that have implemented innovative practices and raised the quality of education in the Normal Course. All primary and secondary schools are eligible for this new award.",""
"20601198","Lee Hsien Loong Award for Innovations in Uplifting Students","_Awards","Source","","Ministry of Education Singapore, Press Releases: Recognising Innovations in Uplifting Students (https://www.moe.gov.sg/news/press-releases/20201229-recognising-innovations-in-uplifting-students) Retrieved 31 August 2024",""
"20601198","Lee Hsien Loong Award for Innovations in Uplifting Students","_Awards","Awarding Entity","","Singapore. Ministry of Education",""
"20601198","Lee Hsien Loong Award for Innovations in Uplifting Students","_Awards","Year First Awarded","","2021",""
"20601198","Lee Hsien Loong Award for Innovations in Uplifting Students","_Awards","UF","20601199","LHL AIUS","_Awards"
"20601198","Lee Hsien Loong Award for Innovations in Uplifting Students","_Awards","Predecessor","18538407","Lee Hsien Loong Award for Innovations in the Normal Course","_Awards"
"18538140","Lee Hsien Loong Award for Outstanding All-Round Achievement","_Awards","SN","","Started in 2009 and funded by an endowment donated by Prime Minister Lee Hsien Loong. The award recognises the outstanding academic and non-academic achievements of post-secondary students, particularly those who have made outstanding contributions to the community and demonstrated the spirit of innovation and enterprise.",""
"18538140","Lee Hsien Loong Award for Outstanding All-Round Achievement","_Awards","Source","","Ministry of Education Singapore: The Lee Hsien Loong Award for Outstanding All-Round Achievement (LHL-OAA) (http://www.moe.gov.sg/media/press/2013/08/122-students-received-special-awards-for-their-achievements.php) | Ministry of Education Singapore: Special awards (https://www.moe.gov.sg/financial-matters/awards-scholarships/special-awards) Retrieved 17 Aug 2024",""
"18538140","Lee Hsien Loong Award for Outstanding All-Round Achievement","_Awards","Awarding Entity","","Singapore. Ministry of Education",""
"18538140","Lee Hsien Loong Award for Outstanding All-Round Achievement","_Awards","Year First Awarded","","2009",""
"18538140","Lee Hsien Loong Award for Outstanding All-Round Achievement","_Awards","UF","18538243","LHL-OAA","_Awards"
"18538084","Lee Hsien Loong Award for Outstanding Bicultural Students","_Awards","SN","","Started in 2009 and presented by the Ministry of Education. The award recognises the top students in the Bicultural Special Programme (Chinese) and the top student in the Regional Studies Programme.",""
"18538084","Lee Hsien Loong Award for Outstanding Bicultural Students","_Awards","Source","","Ministry of Education Singapore- Press Releases: 122 Students Received Special Awards for their Achievements (http://www.moe.gov.sg/media/press/2013/08/122-students-received-special-awards-for-their-achievements.php)",""
"18538084","Lee Hsien Loong Award for Outstanding Bicultural Students","_Awards","Awarding Entity","","Singapore. Ministry of Education",""
"18538084","Lee Hsien Loong Award for Outstanding Bicultural Students","_Awards","Year First Awarded","","2009",""
"18538084","Lee Hsien Loong Award for Outstanding Bicultural Students","_Awards","UF","18538236","LHL-OBS","_Awards"
"18538408","Lee Hsien Loong Award for Special Achievement","_Awards","SN","","Started in 2009 and funded by an endowment donated by the Prime Minister Lee Hsien Loong. The award, organised by the Ministry of Education Singapore, is given to an outstanding student each from Assumption Pathway School and NorthLight School who performs well academically and goes to the Institute of Technical Education. The awardees must have good leadership qualities, character and commitment to learn and improve self.",""
"18538408","Lee Hsien Loong Award for Special Achievement","_Awards","Source","","Ministry of Education Singapore- Press Releases: 122 Students Received Special Awards for their Achievements (http://www.moe.gov.sg/media/press/2013/08/122-students-received-special-awards-for-their-achievements.php)",""
"18538408","Lee Hsien Loong Award for Special Achievement","_Awards","Awarding Entity","","Singapore. Ministry of Education",""
"18538408","Lee Hsien Loong Award for Special Achievement","_Awards","Year First Awarded","","2009",""
"18538408","Lee Hsien Loong Award for Special Achievement","_Awards","UF","18538477","LHL ASA","_Awards"
"18538082","Lee Kuan Yew Award for All-Round Excellence","_Awards","SN","","Started in 2005 and presented by the Ministry of Education. The national level award recognises all-rounded outstanding secondary students who excel in studies, extra-curricular activities, community service and show outstanding character and leadership qualities.",""
"18538082","Lee Kuan Yew Award for All-Round Excellence","_Awards","Source","","Ministry of Education Singapore- Press Releases: 122 Students Received Special Awards for their Achievements (http://www.moe.gov.sg/media/press/2013/08/122-students-received-special-awards-for-their-achievements.php)",""
"18538082","Lee Kuan Yew Award for All-Round Excellence","_Awards","Awarding Entity","","Singapore. Ministry of Education",""
"18538082","Lee Kuan Yew Award for All-Round Excellence","_Awards","Year First Awarded","","2005",""
"18538082","Lee Kuan Yew Award for All-Round Excellence","_Awards","UF","18538234","LKY-ARE","_Awards"
"18538083","Lee Kuan Yew Award for Mathematics and Science","_Awards","SN","","Started in 1992 and presented by the Ministry of Education. The award recognises secondary, pre-university and polytechnic students who perform outstandingly in Mathematics and Science.",""
"18538083","Lee Kuan Yew Award for Mathematics and Science","_Awards","Source","","Ministry of Education Singapore- Press Releases: 122 Students Received Special Awards for their Achievements (http://www.moe.gov.sg/media/press/2013/08/122-students-received-special-awards-for-their-achievements.php)",""
"18538083","Lee Kuan Yew Award for Mathematics and Science","_Awards","Awarding Entity","","Singapore. Ministry of Education",""
"18538083","Lee Kuan Yew Award for Mathematics and Science","_Awards","Year First Awarded","","1992",""
"18538083","Lee Kuan Yew Award for Mathematics and Science","_Awards","UF","18538235","LKY-M&S","_Awards"
"18538409","Lee Kuan Yew Award for Outstanding Normal Course Students","_Awards","SN","","Started in 2004 and presented by the Ministry of Education Singapore. Normal (Academic) and Normal (Technical) students who excel and top their GCE ‘O’ level and ‘N’ level examination results are recognised and honoured with this award.",""
"18538409","Lee Kuan Yew Award for Outstanding Normal Course Students","_Awards","Source","","Ministry of Education Singapore- Press Releases: 122 Students Received Special Awards for their Achievements (http://www.moe.gov.sg/media/press/2013/08/122-students-received-special-awards-for-their-achievements.php)",""
"18538409","Lee Kuan Yew Award for Outstanding Normal Course Students","_Awards","Awarding Entity","","Singapore. Ministry of Education",""
"18538409","Lee Kuan Yew Award for Outstanding Normal Course Students","_Awards","Year First Awarded","","2004",""
"18538409","Lee Kuan Yew Award for Outstanding Normal Course Students","_Awards","UF","18538478","LKY-ONC Award","_Awards"
"18538472","Lee Kuan Yew Leaders in Education Programme Award","_Awards","SN","","Award given by the National Institute of Education, Singapore. The most outstanding student of the Institute in the Leaders in Education Programme (LEP) is recognised with this award.",""
"18538472","Lee Kuan Yew Leaders in Education Programme Award","_Awards","Source","","NIE: Awards (https://www.nie.edu.sg/studynie/leadership-programmes/awards)",""
"18538472","Lee Kuan Yew Leaders in Education Programme Award","_Awards","Awarding Entity","","National Institute of Education (Singapore)",""
"18759827","Lee Kuan Yew Water Prize","_Awards","SN","","An international award that honours outstanding contributions by individuals or organisations towards solving the world's water challenges by developing or applying innovative technologies, policies or programmes which benefit humanity.",""
"18759827","Lee Kuan Yew Water Prize","_Awards","Source","","Singapore International Water Week: Lee Kuan Yew Water Prize (https://www.siww.com.sg/home/programme/lee-kuan-yew-water-prize) Retrieved 30 Aug 2022 | Temasek Foundation: Lee Kuan Yew Water Prize (https://temasekfoundation.org.sg/programmes-s/LKY-Water-Prize) Retrieved 17 Aug 2024",""
"18759827","Lee Kuan Yew Water Prize","_Awards","Awarding Entity","","Temasek Foundation",""
"18759827","Lee Kuan Yew Water Prize","_Awards","Year First Awarded","","2008",""
"18759832","Lee Kuan Yew World City Prize","_Awards","SN","","An international award that honours outstanding achievements and contributions to the creation of liveable, vibrant and sustainable urban communities around the world. It is awarded biennially to cities and recognises their key leaders and organisations for displaying foresight, good governance and innovation in tackling urban challenges. It is presented during the biennial World Cities Summit.",""
"18759832","Lee Kuan Yew World City Prize","_Awards","Source","","Lee Kuan Yew World City Prize (https://www.leekuanyewworldcityprize.gov.sg/about-the-prize/) Retrieved 30 Aug 2022.",""
"18759832","Lee Kuan Yew World City Prize","_Awards","Awarding Entity","","Urban Redevelopment Authority (Singapore) | Centre for Liveable Cities, Singapore",""
"18759832","Lee Kuan Yew World City Prize","_Awards","Year First Awarded","","2010",""
"18759832","Lee Kuan Yew World City Prize","_Awards","Wikidata URI","","http://www.wikidata.org/entity/Q5972471",""
"18538476","LHL AIN","_Awards","Use","18538407","Lee Hsien Loong Award for Innovations in the Normal Course","_Awards"
"20601199","LHL AIUS","_Awards","Use","20601198","Lee Hsien Loong Award for Innovations in Uplifting Students","_Awards"
"18538477","LHL ASA","_Awards","Use","18538408","Lee Hsien Loong Award for Special Achievement","_Awards"
"18538243","LHL-OAA","_Awards","Use","18538140","Lee Hsien Loong Award for Outstanding All-Round Achievement","_Awards"
"18538236","LHL-OBS","_Awards","Use","18538084","Lee Hsien Loong Award for Outstanding Bicultural Students","_Awards"
"18538575","Library Association of Singapore Passion Award","_Awards","Use","18538473","LAS Passion Award","_Awards"
"18538234","LKY-ARE","_Awards","Use","18538082","Lee Kuan Yew Award for All-Round Excellence","_Awards"
"18538235","LKY-M&S","_Awards","Use","18538083","Lee Kuan Yew Award for Mathematics and Science","_Awards"
"18538478","LKY-ONC Award","_Awards","Use","18538409","Lee Kuan Yew Award for Outstanding Normal Course Students","_Awards"
"18736568","Long Service Medal","_Awards","SN","","The Medal may be awarded to any person who is of irreproachable character and whom the President is satisfied has completed at least 25 years service: in the service of the Government; in the service of any statutory authority (other than a Town Council); in the service of any organisation, association or body rendering services in the field of education; in the service of any company which is wholly-owned by the Government and which is carrying on business mainly as an agent or instrumentality of the Government; as a member of the personal staff of the President.",""
"18736568","Long Service Medal","_Awards","Source","","Prime Minister's Office (https://www.pmo.gov.sg/National-Day-Awards/Information-On-Medals/The-Long-Service-Medal-Pingat-Bakti-Setia)",""
"18736568","Long Service Medal","_Awards","Awarding Entity","","Singapore. Prime Minister's Office",""
"18736568","Long Service Medal","_Awards","Year First Awarded","","1962",""
"18736568","Long Service Medal","_Awards","Wikidata URI","","http://www.wikidata.org/entity/Q7195754",""
"18736568","Long Service Medal","_Awards","BT","18538456","National Day Awards","_Awards"
"18736568","Long Service Medal","_Awards","ENGtoMAY","18736573","Pingat Bakti Setia","_Awards_MY"
"18538085","LOO (Let’s Observe Ourselves) Awards","_Awards","SN","","Started in 2009 and awarded by the Restroom Association (Singapore). The award recognises individuals and organisations with outstanding standard of restroom cleanliness.",""
"18538085","LOO (Let’s Observe Ourselves) Awards","_Awards","Source","","Restroom Association Singapore: (Let's Observe Ourselves) LOO Awards (https://www.toilet.org.sg/looawards)",""
"18538085","LOO (Let’s Observe Ourselves) Awards","_Awards","Awarding Entity","","Restroom Association (Singapore)",""
"18538085","LOO (Let’s Observe Ourselves) Awards","_Awards","Year First Awarded","","2010",""
"18538410","Loyalty & Engagement Awards","_Awards","SN","","Organised by Marketing-Interactive Magazine to recognise marketers with consumer oriented marketing decisions and initiatives, focusing on consumer loyalty and engagement. Awards are based on the challenge, strategy, execution and results of marketers. It is open to organisations in the Asia Pacific region.",""
"18538410","Loyalty & Engagement Awards","_Awards","Source","","The Loyalty & Engagement Awards 2013 (http://le-awards.com/)",""
"18538410","Loyalty & Engagement Awards","_Awards","Awarding Entity","","Lighthouse Independent Media",""
"18538410","Loyalty & Engagement Awards","_Awards","UF","18538479","L&E Awards","_Awards"
"18733556","M1-The Straits Times Life! Theatre Awards","_Awards","Use","18538070","The Straits Times’ Life! Theatre Awards","_Awards"
"18538086","Marketing Excellence Awards","_Awards","SN","","Started in 2012 and awarded by Marketing-Interactive Magazine. The awards recognise outstanding work in Singapore's marketing industry.",""
"18538086","Marketing Excellence Awards","_Awards","Source","","Marketing Magazine's Marketing Excellence Awards 2103: About MEA (http://mea-awards.com/SG/aboutmea)",""
"18538086","Marketing Excellence Awards","_Awards","Awarding Entity","","Lighthouse Independent Media",""
"18538086","Marketing Excellence Awards","_Awards","Year First Awarded","","2012",""
"18538086","Marketing Excellence Awards","_Awards","UF","18538247","MEA","_Awards"
"18538461","Marketing-Interactive Agency of the Year Award","_Awards","SN","","Presented by Marketing-Interactive Magazine, the award recognises marketing and advertising agencies that deliver outstanding work to client marketers. The awards are determined based on surveys done with the marketing community. The agency with the highest points will be presented with the coveted Overall Agency of the Year award.",""
"18538461","Marketing-Interactive Agency of the Year Award","_Awards","Source","","Marketing Magazine's Agent of the Year Award 2014: About Agency of the Year Awards (http://aotyawards.com/SG/about-aoty/)",""
"18538461","Marketing-Interactive Agency of the Year Award","_Awards","Awarding Entity","","Lighthouse Independent Media",""
"18538247","MEA","_Awards","Use","18538086","Marketing Excellence Awards","_Awards"
"18736520","Medal of Honour","_Awards","SN","","The Medal may be awarded to any member of the Singapore Armed Forces or the Singapore Police Force who has performed any act or series of acts constituting distinguished conduct in active service in the field. The Medal may, in special circumstances, be awarded to any person engaged in operational duties whose acts or series of acts constitute distinguished conduct. It may be awarded posthumously.",""
"18736520","Medal of Honour","_Awards","Source","","Prime Minister's Office (https://www.pmo.gov.sg/National-Day-Awards/Information-On-Medals/The-Medal-of-Honour-Pingat-Kehormatan)",""
"18736520","Medal of Honour","_Awards","Awarding Entity","","Singapore. Prime Minister's Office",""
"18736520","Medal of Honour","_Awards","Year First Awarded","","1970",""
"18736520","Medal of Honour","_Awards","Wikidata URI","","http://www.wikidata.org/entity/Q7195764",""
"18736520","Medal of Honour","_Awards","BT","18538456","National Day Awards","_Awards"
"18736520","Medal of Honour","_Awards","ENGtoMAY","18736519","Pingat Kehormatan","_Awards_MY"
"18736562","Medal of Valour","_Awards","SN","","The Medal may be awarded to any person who has performed an act of courage and gallantry in circumstances of personal danger.",""
"18736562","Medal of Valour","_Awards","Source","","Prime Minister's Office (https://www.pmo.gov.sg/National-Day-Awards/Information-On-Medals/The-Medal-of-Valour-Pingat-Keberanian)",""
"18736562","Medal of Valour","_Awards","Awarding Entity","","Singapore. Prime Minister's Office",""
"18736562","Medal of Valour","_Awards","Year First Awarded","","1987",""
"18736562","Medal of Valour","_Awards","Wikidata URI","","http://www.wikidata.org/entity/Q7195762",""
"18736562","Medal of Valour","_Awards","BT","18538456","National Day Awards","_Awards"
"18736562","Medal of Valour","_Awards","ENGtoMAY","18736569","Pingat Keberanian","_Awards_MY"
"18538572","Media Publishers Association Singapore Magazine Awards","_Awards","Use","18538087","MPAS Magazine Awards","_Awards"
"18736534","Meritorious Service Medal","_Awards","SN","","The Medal may be awarded to any person who has performed within Singapore, service of conspicuous merit characterised by resource and devotion to duty, including long service marked by exceptional ability, merit and exemplary conduct. In exceptional circumstances, the Medal may be awarded to any person who has performed, outside Singapore, service of conspicuous merit characterised by resource and devotion of duty, including service marked by exceptional ability, merit and exemplary conduct.",""
"18736534","Meritorious Service Medal","_Awards","Source","","Prime Minister's Office (https://www.pmo.gov.sg/National-Day-Awards/Information-On-Medals/The-Meritorious-Service-Medal-Pingat-Jasa-Gemilang)",""
"18736534","Meritorious Service Medal","_Awards","Awarding Entity","","Singapore. Prime Minister's Office",""
"18736534","Meritorious Service Medal","_Awards","Year First Awarded","","1962",""
"18736534","Meritorious Service Medal","_Awards","Wikidata URI","","http://www.wikidata.org/entity/Q7195759",""
"18736534","Meritorious Service Medal","_Awards","BT","18538456","National Day Awards","_Awards"
"18736534","Meritorious Service Medal","_Awards","ENGtoMAY","18736532","Pingat Jasa Gemilang","_Awards_MY"
"18538454","Ministry of Education Masterplan of Awards","_Awards","SN","","Started in 1998 by the Ministry of Education, Singapore. The Masterplan of Awards recognise the efforts made by schools to provide students with a holistic education. Award categories include the School Excellence Award, School Distinction Award, Outstanding Development Award and Sustained Achievement Award. The awards spur schools and students to improve continuously. The awards were discontinued in 2014 when the banding of schools by academic results was abolished.",""
"18538454","Ministry of Education Masterplan of Awards","_Awards","Source","","Ministry of Education Singapore- Press Releases: Recognising Best Practices of Schools in Delivering Holistic Education(http://www.moe.gov.sg/media/press/2011/09/recognising-best-practices-of-schools.php) | Anglo-Chinese Junior college: ACJC Awards and Achievements (http://www.acjc.edu.sg/article/1529)",""
"18538454","Ministry of Education Masterplan of Awards","_Awards","Awarding Entity","","Singapore. Ministry of Education",""
"18538454","Ministry of Education Masterplan of Awards","_Awards","Year First Awarded","","1998",""
"18538454","Ministry of Education Masterplan of Awards","_Awards","UF","18538519","MOE MoA","_Awards"
"18538515","MITT Awards","_Awards","Use","18538446","Most Inspiring Tamil Teachers' Award","_Awards"
"18538411","Mob-Ex Awards","_Awards","SN","","Started in 2013 and presented by Marketing Magazine. The awards honour companies that demonstrate excellence in mobile marketing in Singapore by using campaign strategies and marketing programmes to increase the success of their mobile marketing.",""
"18538411","Mob-Ex Awards","_Awards","Source","","Mob-Ex Awards 2014 (http://mob-exawards.com/SG/)",""
"18538411","Mob-Ex Awards","_Awards","Awarding Entity","","Lighthouse Independent Media",""
"18538411","Mob-Ex Awards","_Awards","Year First Awarded","","2013",""
"18538519","MOE MoA","_Awards","Use","18538454","Ministry of Education Masterplan of Awards","_Awards"
"18538446","Most Inspiring Tamil Teachers' Award","_Awards","SN","","Started in 2002 and originally awarded by Tamil Murasu, the daily Tamil newspaper in Singapore. The award recognises Tamil language teachers in primary and secondary schools and junior colleges who have made significant contributions to the teaching and learning of the Tamil language. It is presented by Tamil Murasu, Tamil Language Learning and Promotion Council, and the Singapore Tamil Teachers' Union.",""
"18538446","Most Inspiring Tamil Teachers' Award","_Awards","Source","","SPH Media Releases 2012: Tamil Murasu's 10th Most Inspiring Tamil Teachers' Awards (http://www.sph.com.sg/media_releases/1539) | SPH Media Releases 2013: Tamil Murasu's 11th Most Inspiring Tamil Teachers' Awards (http://www.sph.com.sg/media_releases/1840)",""
"18538446","Most Inspiring Tamil Teachers' Award","_Awards","Awarding Entity","","Tamil Murasu | Singapore Tamil Teachers' Union | Tamil Language Learning and Promotion Council",""
"18538446","Most Inspiring Tamil Teachers' Award","_Awards","Year First Awarded","","2002",""
"18538446","Most Inspiring Tamil Teachers' Award","_Awards","UF","18538515","MITT Awards","_Awards"
"18538087","MPAS Magazine Awards","_Awards","SN","","Awarded by the Media Publishers Association Singapore. The awards honour excellence in editorial content, design & creativity, photography & illustration, advertising & marketing, digital media, individual professional excellence and overall magazine standards in the magazine publishing industry.",""
"18538087","MPAS Magazine Awards","_Awards","Source","","MPAS: MPAS Magazine Awards 2013 (http://www.mpas.org.sg/images/awards/mpas%20magazine%20awards%202013.pdf) | mpas: mpas awards 2014 (http://mpas.org.sg/images/awards/mpas2014/MPAS_Awards_2014_Brochure.pdf)",""
"18538087","MPAS Magazine Awards","_Awards","UF","18538572","Media Publishers Association Singapore Magazine Awards","_Awards"
"18538471","Nanyang Education Award","_Awards","SN","","Started in 1994 and presented by the Nanyang Technological University annually. The awards are given to faculty members with outstanding and dedicated teaching practices and are committed to the undergraduates’ learning needs.",""
"18538471","Nanyang Education Award","_Awards","Source","","Nanyang Technological University: Award Categories (http://www.ntu.edu.sg/NanyangAwards/Award%20Categories/Pages/NanyangEducationAward.aspx)",""
"18538471","Nanyang Education Award","_Awards","Awarding Entity","","Nanyang Technological University",""
"18538471","Nanyang Education Award","_Awards","Year First Awarded","","1994",""
"18341448","National Arts Education Award","_Awards","SN","","A biennial national arts award presented by the National Arts Council to schools in Singapore that provide opportunities for all students to be involved and show excellence in the arts; and encourage and reward schools with good arts practices and programmes. Intiated in 2003, the last award was given out in 2016.",""
"18341448","National Arts Education Award","_Awards","Source","","http://www.nac.gov.sg/aep/attachments/HTMLNAEAward.htm | NAC Annual Report FY 2011/12 (https://www.nac.gov.sg/docs/default-source/about-us-files/annual-report/fy1112---arts-is-everywhere.pdf) Retrieved 12 Mar 2024. | National Arts Council: About us: Milestones: 2003 (https://www.nac.gov.sg/about-us/milestones) Retrieved 12 Mar 2024.",""
"18341448","National Arts Education Award","_Awards","Awarding Entity","","National Arts Council (Singapore)",""
"18341448","National Arts Education Award","_Awards","Year First Awarded","","2003",""
"18341448","National Arts Education Award","_Awards","ENGtoCHI","18501727","全国艺术教育奖","_Awards_CN"
"18341448","National Arts Education Award","_Awards","ENGtoMAY","15922636","Anugerah-anugerah Pendidikan Seni Kebangsaan","_Awards_MY"
"18341448","National Arts Education Award","_Awards","ENGtoTAM","18503695","தேசிய கலைகள் கல்வி விருதுகள்","_Awards_TM"
"18341463","National Book Development Council of Singapore Book Awards","_Awards","SN","","Inaugurated in 1972 to mark the International Year of the Book and first awarded in 1976. The Awards were for the best works by Singaporeans and Permanent Residents, published in Singapore or abroad, in any of Singapore's four official languages: Malay, Chinese, Tamil and English. The aim of the Award was to encourage and develop Singapore literary talent and to give recognition to excellence in writing. The award was discontinued in 1999.",""
"18341463","National Book Development Council of Singapore Book Awards","_Awards","Source","","Singapore Infopedia: Literary awards and prizes in Singapore (https://www.nlb.gov.sg/main/article-detail?cmsuuid=0e47a77a-ce28-44e6-8681-613431b26157) Retrieved 13 June 2024. | National Library Board Singapore: National Book Development Council of Singapore is formed (https://www.nlb.gov.sg/main/article-detail?cmsuuid=765f83d6-f9fc-4d88-8016-019b9719d6e9) Retrieved 13 June 2024.",""
"18341463","National Book Development Council of Singapore Book Awards","_Awards","Awarding Entity","","National Book Development Council of Singapore",""
"18341463","National Book Development Council of Singapore Book Awards","_Awards","Year First Awarded","","1976",""
"18341463","National Book Development Council of Singapore Book Awards","_Awards","ENGtoCHI","18501728","新加坡全国书籍发展理事会书籍奖","_Awards_CN"
"18341463","National Book Development Council of Singapore Book Awards","_Awards","ENGtoMAY","15922637","Anugerah-anugerah Majlis Kemajuan Buku-Buku Kebangsaan Singapura","_Awards_MY"
"18341463","National Book Development Council of Singapore Book Awards","_Awards","ENGtoTAM","18503696","சிங்கப்பூர் தேசிய புத்தக மேம்பாட்டு மன்ற புத்தக விருதுகள்","_Awards_TM"
"18538456","National Day Awards","_Awards","SN","","Started in 1962 and gazetted in 1965, the National Day Awards are given annually by the Prime Minister’s Office, Singapore to recognise individuals who have made outstanding contributions to the nation. A total of 17 awards are now given, the highest being the Star of Temasek (Bintang Temasek) given for gallantry. Other awards include the Public Administration Medal given to exceptional civil servants, the Long Service Medal and the Meritorious Service Medal.",""
"18538456","National Day Awards","_Awards","Source","","Singapore Infopedia: National Day Awards (http://eresources.nlb.gov.sg/infopedia/articles/SIP_379_2005-01-06.html) | Prime Minister’s Office Singapore: National Day Awards (https://www.pmo.gov.sg/National-Day-Awards)",""
"18538456","National Day Awards","_Awards","Awarding Entity","","Singapore. Prime Minister's Office",""
"18538456","National Day Awards","_Awards","Year First Awarded","","1962",""
"18538456","National Day Awards","_Awards","Wikidata URI","","http://www.wikidata.org/entity/Q111032592",""
"18538456","National Day Awards","_Awards","NT","18736516","Certificate of Honour","_Awards"
"18538456","National Day Awards","_Awards","NT","18736563","Commendation Medal","_Awards"
"18538456","National Day Awards","_Awards","NT","18736526","Conspicuous Gallantry Medal","_Awards"
"18538456","National Day Awards","_Awards","NT","18736517","Distinguished Service Order","_Awards"
"18538456","National Day Awards","_Awards","NT","18736567","Efficiency Medal","_Awards"
"18538456","National Day Awards","_Awards","NT","18736568","Long Service Medal","_Awards"
"18538456","National Day Awards","_Awards","NT","18736520","Medal of Honour","_Awards"
"18538456","National Day Awards","_Awards","NT","18736562","Medal of Valour","_Awards"
"18538456","National Day Awards","_Awards","NT","18736534","Meritorious Service Medal","_Awards"
"18538456","National Day Awards","_Awards","NT","18736511","Order of Nila Utama","_Awards"
"18538456","National Day Awards","_Awards","NT","18736506","Order of Temasek","_Awards"
"18538456","National Day Awards","_Awards","NT","18736551","Public Administration Medal (Bronze)","_Awards"
"18538456","National Day Awards","_Awards","NT","18736549","Public Administration Medal (Gold)","_Awards"
"18538456","National Day Awards","_Awards","NT","18736550","Public Administration Medal (Silver)","_Awards"
"18538456","National Day Awards","_Awards","NT","18736564","Public Service Medal","_Awards"
"18538456","National Day Awards","_Awards","NT","18736535","Public Service Star","_Awards"
"18538456","National Day Awards","_Awards","NT","18736505","Star of Temasek","_Awards"
"18538456","National Day Awards","_Awards","ENGtoMAY","18736504","Anugerah Hari Kebangsaan","_Awards_MY"
"18538088","National Infocomm Awards","_Awards","SN","","Started in 2002 and jointly awarded by the Infocomm Development Authority of Singapore (IDA) and the Singapore infocomm Technology Federation (SiTF). The biennial awards recognise and honour Singapore organisations that excel in innovatively developing new infocomm products, services or technology. The awards were replaced by the Techblazer Awards in 2018 after a merger with the SiTF Awards.",""
"18538088","National Infocomm Awards","_Awards","Source","","National Infocomm Awards 2012 (http://www.nia.sg/the-awards.html)",""
"18538088","National Infocomm Awards","_Awards","Awarding Entity","","Infocomm Development Authority of Singapore",""
"18538088","National Infocomm Awards","_Awards","Year First Awarded","","2002",""
"18538088","National Infocomm Awards","_Awards","RT","20600240","Techblazer Awards","_Awards"
"18538089","National Medical Excellence Awards","_Awards","SN","","A national award that recognises the efforts of outstanding clinicians, clinician scientists and other healthcare professionals for their contributions in advancing healthcare, improving the standards of patient safety and quality of care which ultimately improve people's lives.",""
"18538089","National Medical Excellence Awards","_Awards","Source","","SingHealth Academy: Awards & Accolades: National Awards and Recognition (https://www.singhealthacademy.edu.sg/about-us/awards-accolades/national-awards-recognition)",""
"18538089","National Medical Excellence Awards","_Awards","Awarding Entity","","Singapore. Ministry of Health",""
"18341455","National Physical Fitness Award","_Awards","SN","","The National Physical Fitness Award Scheme (NAPFA) is a test of physical fitness for Singaporeans as part of Singapore's Sports For Life programme. It was launched in 1982. It is a standardised assessment of overall fitness for the general population. All primary and secondary schools are required to participate on alternate years.",""
"18341455","National Physical Fitness Award","_Awards","Source","","Wikipedia: National Physical Fitness Award (https://en.wikipedia.org/wiki/National_Physical_Fitness_Award) Retrieved 5 Aug 2024.",""
"18341455","National Physical Fitness Award","_Awards","Year First Awarded","","1982",""
"18341455","National Physical Fitness Award","_Awards","Wikidata URI","","http://www.wikidata.org/entity/Q6974911",""
"18341455","National Physical Fitness Award","_Awards","ENGtoCHI","18501729","全国体能奖","_Awards_CN"
"18341455","National Physical Fitness Award","_Awards","ENGtoMAY","15922638","Anugerah Kesihatan Fizikal Kebangsaan","_Awards_MY"
"18341455","National Physical Fitness Award","_Awards","ENGtoTAM","18503697","உடல் திறனுக்கான தேசிய விருது","_Awards_TM"
"18538462","National Safety and Security Watch Group Award","_Awards","SN","","Presented by the Singapore Police Force. The national awards are given to individuals and organisations that show excellence in emergency preparedness, alertness, safety and security issues in guarding against terrorism.",""
"18538462","National Safety and Security Watch Group Award","_Awards","Source","","Singapore Police Force: National Safety and Security Watch Group (https://www.police.gov.sg/Community/Community-Programmes/Safety-and-Security-Watch-Group)",""
"18538462","National Safety and Security Watch Group Award","_Awards","Awarding Entity","","Singapore. Police Force",""
"18538462","National Safety and Security Watch Group Award","_Awards","Year First Awarded","","2009",""
"18538413","National Schools Colours Awards","_Awards","SN","","Started in 1970 and presented by the Singapore Schools Sports Council (SSSC) and supported by the Ministry of Education Singapore. The awards recognise students who represent the Singapore Schools Team and those who excel in the council’s sports and games. It was later known as the Singapore Schools Sports Council Colours Awards.",""
"18538413","National Schools Colours Awards","_Awards","Source","","Ministry of Education Singapore: 606 Students Recognised For Outstanding Sporting Achievements (http://www.moe.gov.sg/media/press/2013/09/606-students-recognised-for-outstanding-sporting-achievement.php)",""
"18538413","National Schools Colours Awards","_Awards","Awarding Entity","","Singapore Schools Sports Council",""
"18538413","National Schools Colours Awards","_Awards","Year First Awarded","","1970",""
"18538413","National Schools Colours Awards","_Awards","Successor","20600266","Singapore Schools Sports Council Colours Award","_Awards"
"20600289","National Service Housing, Medical and Education Awards","_Awards","Use","20600288","NS HOME Awards","_Awards"
"18538090","National Service Recognition Award","_Awards","SN","","Started in 2010 and presented by the Ministry of Defence (MINDEF). The award is a monetary recognition of between $9,000 and $10,500 for each National Serviceman completing his Operationally Ready National Service (ORNS) training cycle. It was revamped into the National Service HOusing, Medical and Education Awards or NS HOME Awards in 2014.",""
"18538090","National Service Recognition Award","_Awards","Source","","MINDEF Singapore: National Service Recognition Award for Singapore Citizens (http://www.mindef.gov.sg/imindef/press_room/faqs/faqNSRA.html#.UxDgIhBdXT8) | MINDEF News Release, 1 Jul 2014: Fact Sheet: National Service Housing, Medical and Education Awards (https://www.nas.gov.sg/archivesonline/data/pdfdoc/MINDEF_20140701001_2/MINDEF_20140701003_2_1.pdf) Retrieved 6 Aug 2024.",""
"18538090","National Service Recognition Award","_Awards","Awarding Entity","","Singapore. Ministry of Defence",""
"18538090","National Service Recognition Award","_Awards","Year First Awarded","","2010",""
"18538090","National Service Recognition Award","_Awards","UF","18538248","NSRA","_Awards"
"18538090","National Service Recognition Award","_Awards","Successor","20600288","NS HOME Awards","_Awards"
"18516148","National Youth Achievement Award","_Awards","SN","","The award was adapted from The Duke of Edinburgh’s Award Scheme and launched in Singapore in 1992. This award is given for participation in a youth development programme which aims to encourage youth between the ages of 14 and 25 to develop personal qualities of self-reliance, perseverance and a sense of responsibility to oneself, society and nation. It is administered by the National Youth Achievement Award Council of Singapore (NYAAC)..",""
"18516148","National Youth Achievement Award","_Awards","Source","","http://www.nyaa.org/",""
"18516148","National Youth Achievement Award","_Awards","Awarding Entity","","National Youth Achievement Award Council",""
"18516148","National Youth Achievement Award","_Awards","Year First Awarded","","1992",""
"18516147","National Youth Service Awards","_Awards","SN","","Established by the Singapore Cabinet in 1974. It was renamed as Singapore Youth Award (SYA) in 1993 to commend contributions made by youths who have excelled in their respective fields of endeavour as well as contributed back to the community.",""
"18516147","National Youth Service Awards","_Awards","Source","","http://www.sya.sg/the_award_2.html",""
"18516147","National Youth Service Awards","_Awards","Year First Awarded","","1974",""
"18516147","National Youth Service Awards","_Awards","Successor","18516146","Singapore Youth Award","_Awards"
"20600288","NS HOME Awards","_Awards","SN","","The National Service Housing, Medical and Education Awards which aims to strengthen National Servicemen's stake in the country and support their housing, healthcare and education needs. It was revamped from the earlier National Service Recognition Award.",""
"20600288","NS HOME Awards","_Awards","Source","","NS Recognition (https://ns.mha.gov.sg/nsp/app/ns-and-you/NS-recognition) Retrieved 6 Aug 2024. | MINDEF News Release, 1 Jul 2014: Fact Sheet: National Service Housing, Medical and Education Awards (https://www.nas.gov.sg/archivesonline/data/pdfdoc/MINDEF_20140701001_2/MINDEF_20140701003_2_1.pdf) Retrieved 6 Aug 2024.",""
"20600288","NS HOME Awards","_Awards","Awarding Entity","","Singapore. Ministry of Defence",""
"20600288","NS HOME Awards","_Awards","Year First Awarded","","2014",""
"20600288","NS HOME Awards","_Awards","UF","20600289","National Service Housing, Medical and Education Awards","_Awards"
"20600288","NS HOME Awards","_Awards","Predecessor","18538090","National Service Recognition Award","_Awards"
"18538248","NSRA","_Awards","Use","18538090","National Service Recognition Award","_Awards"
"18538467","NTUC May Day Awards","_Awards","SN","","Started in 1963 and awarded by the National Trades Union Congress (NTUC) with support from Unions. The awards recognise those who have made significant contributions to the Labour Movement. The awards presented on May Day each year include Distinguished Service Award, Meritorious Service Award, Comrade of Labour Award and Medal of Commendation Award.",""
"18538467","NTUC May Day Awards","_Awards","Source","","NTUC: May Day Awards Citations Book 2013 Part 2 (https://www.ntuc.org.sg/wps/portal/up2/home/aboutntuc/organisationprofile/ourpublications/citations/citationsdetails?WCM_GLOBAL_CONTEXT=/content_library/ntuc/home/about+ntuc/organisation+profile/our+publications/citations/7c6ffd004f66cd0586e8f6bda6c1e78c ) | May Day Awards: Citations 2013 (https://www.ntuc.org.sg/wps/wcm/connect/3ee076804f66cc1686d6f6bda6c1e78c/May+Day+Awards+Citations+2013+Part+1.pdf?MOD=AJPERES&CACHEID=3ee076804f66cc1686d6f6bda6c1e78c) | Food, Drink and Allied Workers’ Union: 92 Exemplary Individuals and Companies Honoured at May Day Awards 2012 for their Extraordinary Contributions to the Labour Movement (http://www.fdawu.org.sg/wps/portal/fdawu/home/workingforu/workingforudetails?WCM_GLOBAL_CONTEXT=/content_library/ntuc/home/about+ntuc/newsroom/media+releases/047016004b09284d8d4aeffc7fc7dcdb)",""
"18538467","NTUC May Day Awards","_Awards","Awarding Entity","","National Trades Union Congress",""
"18538467","NTUC May Day Awards","_Awards","Year First Awarded","","1963",""
"18538449","ONE (Singapore) Awards","_Awards","SN","","Awarded by ONE (SINGAPORE), an initiative that strives to eradicate poverty. The award recognises individuals and organisations that strive to eradicate poverty through exemplary community initiatives.",""
"18538449","ONE (Singapore) Awards","_Awards","Source","","ONE Singapore: The One (Singapore) Awards (http://www.onesingapore.org/featured/the-one-singapore-awards-2013/)",""
"18538449","ONE (Singapore) Awards","_Awards","Awarding Entity","","ONE Singapore",""
"18736511","Order of Nila Utama","_Awards","SN","","The third most prestigious national honour conferred by the President of Singapore on the advice of the Prime Minister. It was originally intended to be the highest honour conferred to a foreign dignitary, but was later awarded mostly to Singapore citizens.",""
"18736511","Order of Nila Utama","_Awards","Source","","Prime Minister's Office (https://www.pmo.gov.sg/National-Day-Awards/Information-On-Medals/The-Order-of-Nila-Utama-Darjah-Utama-Nila-Utama)",""
"18736511","Order of Nila Utama","_Awards","Awarding Entity","","Singapore. Prime Minister's Office",""
"18736511","Order of Nila Utama","_Awards","Year First Awarded","","1975",""
"18736511","Order of Nila Utama","_Awards","Wikidata URI","","http://www.wikidata.org/entity/Q5223057",""
"18736511","Order of Nila Utama","_Awards","BT","18538456","National Day Awards","_Awards"
"18736511","Order of Nila Utama","_Awards","ENGtoMAY","18736514","Darjah Utama Nila Utama","_Awards_MY"
"18736506","Order of Temasek","_Awards","SN","","The second most prestigious national honour conferred by the President of Singapore only to citizens of Singapore. In special circumstances, non-Singapore citizens may also be admitted in an honorary capacity.",""
"18736506","Order of Temasek","_Awards","Source","","Prime Minister's Office (https://www.pmo.gov.sg/National-Day-Awards/Information-On-Medals/The-Order-of-Temasek-Darjah-Utama-Temasek)",""
"18736506","Order of Temasek","_Awards","Awarding Entity","","Singapore. Prime Minister's Office",""
"18736506","Order of Temasek","_Awards","Year First Awarded","","1962",""
"18736506","Order of Temasek","_Awards","Wikidata URI","","http://www.wikidata.org/entity/Q2177611",""
"18736506","Order of Temasek","_Awards","BT","18538456","National Day Awards","_Awards"
"18736506","Order of Temasek","_Awards","ENGtoMAY","18736513","Darjah Utama Temasek","_Awards_MY"
"18741223","Outstanding Lifetime Volunteer Award","_Awards","SN","","The award recognises outstanding volunteers who have consistently contributed to the causes of the Ministry of Social and Family Development for at least 30 years. It is usually awarded just before retirement from volunteerism.",""
"18741223","Outstanding Lifetime Volunteer Award","_Awards","Source","","Ministry of Social and Family Development: MSF Volunteer Awards (https://www.msf.gov.sg/policies/Volunteer-with-MSF/MSF-Volunteer-Awards/Pages/default.aspx)",""
"18741223","Outstanding Lifetime Volunteer Award","_Awards","Awarding Entity","","Singapore. Ministry of Social and Family Development",""
"18538146","Outstanding Volunteer Award","_Awards","SN","","Awarded by the Ministry of Social and Family Development to individuals or groups of individuals for their significant contributions in terms of the amount of time and effort spent on voluntary services to groups served by the Ministry.",""
"18538146","Outstanding Volunteer Award","_Awards","Source","","Ministry of Social and Family Development: MSF Volunteer Awards (https://www.msf.gov.sg/policies/Volunteer-with-MSF/MSF-Volunteer-Awards/Pages/default.aspx)",""
"18538146","Outstanding Volunteer Award","_Awards","Awarding Entity","","Singapore. Ministry of Social and Family Development",""
"18538146","Outstanding Volunteer Award","_Awards","Year First Awarded","","1995",""
"18538092","Outstanding Youth in Education Award","_Awards","SN","","National award started in 1999 and presented by the Academy of Singapore Teachers (AST). A national award that recognises and honours the achievements of young educators who have shown admirable passion for teaching, and commitment to inspiring and nurturing their students",""
"18538092","Outstanding Youth in Education Award","_Awards","Source","","Academy of Singapore Teachers: Outstanding Youth in Education Award (https://academyofsingaporeteachers.moe.edu.sg/professional-recognition/outstanding-youth-in-education-award)",""
"18538092","Outstanding Youth in Education Award","_Awards","Awarding Entity","","Academy of Singapore Teachers",""
"18538092","Outstanding Youth in Education Award","_Awards","Year First Awarded","","1999",""
"18538092","Outstanding Youth in Education Award","_Awards","UF","18538249","OYEA","_Awards"
"18538249","OYEA","_Awards","Use","18538092","Outstanding Youth in Education Award","_Awards"
"18538480","PACS Awards","_Awards","Use","18538414","People's Association Community Spirit Awards","_Awards"
"18516149","Patron of Heritage Awards","_Awards","SN","","The award is given out by the National Heritage Board to recognise donations and contributions, in cash, kind or material, by individuals and organisations to heritage causes.",""
"18516149","Patron of Heritage Awards","_Awards","Source","","National Heritage Board: Patron of Heritage Awards (https://www.nhb.gov.sg/support-us/support/giving-to-heritage/patron-of-heritage-awards) Retrieved 2 Dec 2021.",""
"18516149","Patron of Heritage Awards","_Awards","Awarding Entity","","Singapore. National Heritage Board",""
"18516149","Patron of Heritage Awards","_Awards","Year First Awarded","","2006",""
"18341449","Patron of the Arts Awards","_Awards","SN","","The awards celebrate and recognise organisations and individuals who have contributed significantly towards the development of the arts",""
"18341449","Patron of the Arts Awards","_Awards","Source","","National Arts Council: Patron of the Arts Awards (https://www.nac.gov.sg/support/giving-to-the-arts/patron-of-the-arts-awards) | 联合早报 (Lianhe Zaobao), 12 September 2023: 2023艺术赞助奖 去年捐赠额为三年来最高水平 (https://www.zaobao.com.sg/realtime/singapore/story20230912-1432804) Retrieved 17 Nov 2023.",""
"18341449","Patron of the Arts Awards","_Awards","Awarding Entity","","National Arts Council (Singapore)",""
"18341449","Patron of the Arts Awards","_Awards","Year First Awarded","","1983",""
"18341449","Patron of the Arts Awards","_Awards","ENGtoCHI","18501730","艺术赞助奖","_Awards_CN"
"18341449","Patron of the Arts Awards","_Awards","ENGtoMAY","15922639","Anugerah-anugerah Penaung Seni","_Awards_MY"
"18341449","Patron of the Arts Awards","_Awards","ENGtoTAM","18503698","கலைகளின் காப்பாளருக்கான விருதுகள்","_Awards_TM"
"18538414","People's Association Community Spirit Awards","_Awards","SN","","Annual award given by the People’s Association to organisations and GROs that support their staff’s participation in grassroot activities and contribute outstandingly to serving the community.",""
"18538414","People's Association Community Spirit Awards","_Awards","Source","","THK: People's Association Community Spirit Award (http://www.thkms.org.sg/news-and-events/peoples-association-community-spirit-award/)",""
"18538414","People's Association Community Spirit Awards","_Awards","Awarding Entity","","People's Association",""
"18538414","People's Association Community Spirit Awards","_Awards","UF","18538480","PACS Awards","_Awards"
"18736571","Pingat Bakti Masyarakat","_Awards_MY","BT","18736504","Anugerah Hari Kebangsaan","_Awards_MY"
"18736571","Pingat Bakti Masyarakat","_Awards_MY","MAYtoENG","18736564","Public Service Medal","_Awards"
"18736573","Pingat Bakti Setia","_Awards_MY","BT","18736504","Anugerah Hari Kebangsaan","_Awards_MY"
"18736573","Pingat Bakti Setia","_Awards_MY","MAYtoENG","18736568","Long Service Medal","_Awards"
"18736572","Pingat Berkebolehan","_Awards_MY","BT","18736504","Anugerah Hari Kebangsaan","_Awards_MY"
"18736572","Pingat Berkebolehan","_Awards_MY","MAYtoENG","18736567","Efficiency Medal","_Awards"
"18736530","Pingat Gagah Perkasa","_Awards_MY","BT","18736504","Anugerah Hari Kebangsaan","_Awards_MY"
"18736530","Pingat Gagah Perkasa","_Awards_MY","MAYtoENG","18736526","Conspicuous Gallantry Medal","_Awards"
"18736532","Pingat Jasa Gemilang","_Awards_MY","BT","18736504","Anugerah Hari Kebangsaan","_Awards_MY"
"18736532","Pingat Jasa Gemilang","_Awards_MY","MAYtoENG","18736534","Meritorious Service Medal","_Awards"
"18736569","Pingat Keberanian","_Awards_MY","BT","18736504","Anugerah Hari Kebangsaan","_Awards_MY"
"18736569","Pingat Keberanian","_Awards_MY","MAYtoENG","18736562","Medal of Valour","_Awards"
"15922634","Pingat Kebudayaan","_Awards_MY","MAYtoENG","18341444","Cultural Medallion","_Awards"
"18736519","Pingat Kehormatan","_Awards_MY","BT","18736504","Anugerah Hari Kebangsaan","_Awards_MY"
"18736519","Pingat Kehormatan","_Awards_MY","MAYtoENG","18736520","Medal of Honour","_Awards"
"18736570","Pingat Kepujian","_Awards_MY","BT","18736504","Anugerah Hari Kebangsaan","_Awards_MY"
"18736570","Pingat Kepujian","_Awards_MY","MAYtoENG","18736563","Commendation Medal","_Awards"
"18736554","Pingat Pentadbiran Awam (Emas)","_Awards_MY","BT","18736504","Anugerah Hari Kebangsaan","_Awards_MY"
"18736554","Pingat Pentadbiran Awam (Emas)","_Awards_MY","MAYtoENG","18736549","Public Administration Medal (Gold)","_Awards"
"18736556","Pingat Pentadbiran Awam (Gangsa)","_Awards_MY","BT","18736504","Anugerah Hari Kebangsaan","_Awards_MY"
"18736556","Pingat Pentadbiran Awam (Gangsa)","_Awards_MY","MAYtoENG","18736551","Public Administration Medal (Bronze)","_Awards"
"18736555","Pingat Pentadbiran Awam (Perak)","_Awards_MY","BT","18736504","Anugerah Hari Kebangsaan","_Awards_MY"
"18736555","Pingat Pentadbiran Awam (Perak)","_Awards_MY","MAYtoENG","18736550","Public Administration Medal (Silver)","_Awards"
"18538252","PMBP","_Awards","Use","18538096","Prime Minister's Book Prize","_Awards"
"18538415","PR Awards","_Awards","SN","","Awards presented by Marketing-Interactive Magazine to honour and recognise the best in the public relations and communications industry across Southeast Asia, South Asia and ANZ regions. It is judged by an independent panel of industry leaders and senior communications experts.",""
"18538415","PR Awards","_Awards","Source","","Marketing-Interactive PR Awards (https://awards.marketing-interactive.com/pr-awards-sg/about/)",""
"18538415","PR Awards","_Awards","Awarding Entity","","Lighthouse Independent Media",""
"18538415","PR Awards","_Awards","UF","18538573","Public Relations Awards Singapore","_Awards"
"18538416","President's Award for Teachers","_Awards","SN","","Started in 1998 and awarded by the Ministry of Education Singapore. The award recognises exemplary teachers who are dedicated and inspiring to the students and who show strong pedagogy. The awards are presented annually on Teachers’ Day by the President at the Istana.",""
"18538416","President's Award for Teachers","_Awards","Source","","Academy of Singapore Teachers: President's Award for Teachers (https://academyofsingaporeteachers.moe.edu.sg/professional-recognition/president-s-award-for-teachers) Retrieved 27 Apr 2022.",""
"18538416","President's Award for Teachers","_Awards","Awarding Entity","","Singapore. Ministry of Education",""
"18538416","President's Award for Teachers","_Awards","Year First Awarded","","1998",""
"18733835","President's Award for the Environment","_Awards","SN","","Awarded to individuals, educational institutions and organisations that have made outstanding contributions towards the environment and sustainability, as well as building a resilient future for Singapore. It is awarded biennially.",""
"18733835","President's Award for the Environment","_Awards","Source","","President's Award for the Environment (https://www.pae.gov.sg/about-the-award/) Retrieved 25 Apr 2022.",""
"18733835","President's Award for the Environment","_Awards","Awarding Entity","","Singapore. Ministry of Sustainability and the Environment",""
"18733835","President's Award for the Environment","_Awards","Year First Awarded","","2006",""
"18733878","President's Challenge Social Enterprise Award","_Awards","SN","","Awarded to outstanding businesses and their partners within the social enterprise sector. It aims to honour and recognise exceptional social enterprises for their contributions to the local community. It comprises three awards: Social Enterprise of the Year, Social Enterprise Start-Up of the Year and Social Enterprise Champion of the Year. It is awarded biennially.",""
"18733878","President's Challenge Social Enterprise Award","_Awards","Source","","raiSE (https://www.raise.sg/president-s-challenge-social-enterprise-award.html) Retrieved 27 Apr 2022.",""
"18733878","President's Challenge Social Enterprise Award","_Awards","Awarding Entity","","Singapore Centre for Social Enterprise",""
"18733878","President's Challenge Social Enterprise Award","_Awards","Year First Awarded","","2013",""
"18733878","President's Challenge Social Enterprise Award","_Awards","NT","18733885","President's Challenge Social Enterprise Champion of the Year","_Awards"
"18733878","President's Challenge Social Enterprise Award","_Awards","NT","18733883","President's Challenge Social Enterprise of the Year","_Awards"
"18733878","President's Challenge Social Enterprise Award","_Awards","NT","18733884","President's Challenge Social Enterprise Start-Up of the Year","_Awards"
"18733885","President's Challenge Social Enterprise Champion of the Year","_Awards","SN","","Awarded to orgnisations and individuals who have made significant contributions to the development of the social enterprise sector in Singapore, resulting in greater social impact.",""
"18733885","President's Challenge Social Enterprise Champion of the Year","_Awards","Source","","raiSE (https://www.raise.sg/president-s-challenge-social-enterprise-award.html) Retrieved 6 Aug 2024.",""
"18733885","President's Challenge Social Enterprise Champion of the Year","_Awards","Awarding Entity","","Singapore Centre for Social Enterprise",""
"18733885","President's Challenge Social Enterprise Champion of the Year","_Awards","BT","18733878","President's Challenge Social Enterprise Award","_Awards"
"18733883","President's Challenge Social Enterprise of the Year","_Awards","SN","","Award recognising social enterprises who have incorporated for more than 2 years. They must be able to demonstrate a double bottom line of financial sustainability and social impact creation.",""
"18733883","President's Challenge Social Enterprise of the Year","_Awards","Source","","raiSE (https://www.raise.sg/president-s-challenge-social-enterprise-award.html) Retrieved 6 Aug 2024.",""
"18733883","President's Challenge Social Enterprise of the Year","_Awards","Awarding Entity","","Singapore Centre for Social Enterprise",""
"18733883","President's Challenge Social Enterprise of the Year","_Awards","BT","18733878","President's Challenge Social Enterprise Award","_Awards"
"18733884","President's Challenge Social Enterprise Start-Up of the Year","_Awards","SN","","Award recognising social enterprises who have incorporated for less than 2 years. They must be able to demonstrate a double bottom line of financial sustainability and social impact creation.",""
"18733884","President's Challenge Social Enterprise Start-Up of the Year","_Awards","Source","","raiSE (https://www.raise.sg/president-s-challenge-social-enterprise-award.html) Retrieved 6 Aug 2024.",""
"18733884","President's Challenge Social Enterprise Start-Up of the Year","_Awards","Awarding Entity","","Singapore Centre for Social Enterprise",""
"18733884","President's Challenge Social Enterprise Start-Up of the Year","_Awards","BT","18733878","President's Challenge Social Enterprise Award","_Awards"
"18341460","President's Design Award","_Awards","SN","","The President’s Design Award is Singapore’s most prestigious award for its designers and designs. It recognises the significant achievements and contributions of the nation’s design talents. The spirit of the Award encourages design excellence that improves quality of life, enhances human potential and national competitiveness. The President’s Design Award acknowledges that Singapore’s design industry has reached a key milestone by attaining significant achievements in all disciplines of design, including but not limited to architecture and urban design, exhibition design, interior design and landscape design, product and industrial design, visual communications and fashion design. It is awarded to individuals and designs that are pushing the boundaries of Singapore design, tangibly making a difference to the lives of Singaporeans and larger global communities.",""
"18341460","President's Design Award","_Awards","Source","","President's Design Award Singapore (https://pda.designsingapore.org/presidents-design-award/about/) Retrieved 6 Aug 2024.",""
"18341460","President's Design Award","_Awards","Awarding Entity","","DesignSingapore Council | Urban Redevelopment Authority (Singapore)",""
"18341460","President's Design Award","_Awards","Year First Awarded","","2006",""
"18341460","President's Design Award","_Awards","ENGtoCHI","18501731","总统设计奖","_Awards_CN"
"18341460","President's Design Award","_Awards","ENGtoMAY","15922640","Anugerah-anugerah Presiden untuk Reka Bentuk","_Awards_MY"
"18341460","President's Design Award","_Awards","ENGtoTAM","18503699","அதிபரின் வடிவமைப்பு விருது","_Awards_TM"
"18538093","President's Science and Technology Awards","_Awards","SN","","The awards are given to the most outstanding research scientists for their achievements in the fields of science and technology. It comprises three components: the President's Science & Technology Medal, the President's Science Award and the President's Technology Award. It was formerly known as the Science and Technology Awards since 1987.",""
"18538093","President's Science and Technology Awards","_Awards","Source","","President's Science and Technology Awards (https://www.psta.gov.sg) Retrieved 6 Aug 2024.",""
"18538093","President's Science and Technology Awards","_Awards","Awarding Entity","","Singapore. National Research Foundation",""
"18538093","President's Science and Technology Awards","_Awards","Year First Awarded","","2009",""
"18538093","President's Science and Technology Awards","_Awards","UF","18538250","PSTA","_Awards"
"18538093","President's Science and Technology Awards","_Awards","NT","18733886","President's Science and Technology Medal","_Awards"
"18538093","President's Science and Technology Awards","_Awards","NT","18733887","President's Science Award","_Awards"
"18538093","President's Science and Technology Awards","_Awards","NT","18733888","President's Technology Award","_Awards"
"18733886","President's Science and Technology Medal","_Awards","SN","","Awarded to individuals who have made distinguished, sustained and exceptional contributions, and played a strategic role in advancing Singapore's development through promotion and management of science and technology.",""
"18733886","President's Science and Technology Medal","_Awards","Source","","President's Science and Technology Awards (https//www.psta.gov.sg/about/awards/) Retrieved 6 Aug 2024.",""
"18733886","President's Science and Technology Medal","_Awards","Awarding Entity","","Singapore. National Research Foundation",""
"18733886","President's Science and Technology Medal","_Awards","Year First Awarded","","2009",""
"18733886","President's Science and Technology Medal","_Awards","BT","18538093","President's Science and Technology Awards","_Awards"
"18733887","President's Science Award","_Awards","SN","","Recognises accomplishments generally acknowledged by other science and technology practitioners as being significant and impactful in their field.",""
"18733887","President's Science Award","_Awards","Source","","President's Science and Technology Awards (https//www.psta.gov.sg/about/awards/) Retrieved 6 Aug 2024.",""
"18733887","President's Science Award","_Awards","Awarding Entity","","Singapore. National Research Foundation",""
"18733887","President's Science Award","_Awards","Year First Awarded","","2009",""
"18733887","President's Science Award","_Awards","BT","18538093","President's Science and Technology Awards","_Awards"
"18538094","President's Social Service Award","_Awards","SN","","Started in 2001 and awarded by the National Council of Social Service (NCSS). The award is presented by the President of Singapore to individuals, groups, organisations and corporations who have made outstanding contributions to the social service sector. In 2012, it was combined with the National Volunteerism & Philanthropy Awards, and since then has become the President's Volunteerism & Philanthropy Awards.",""
"18538094","President's Social Service Award","_Awards","Source","","President's Social Service Award 2011: About PSSA (http://www.ncss.org.sg/presidents%20award/aboutpssa.asp)",""
"18538094","President's Social Service Award","_Awards","Awarding Entity","","Singapore. National Council of Social Service",""
"18538094","President's Social Service Award","_Awards","Year First Awarded","","2001",""
"18538094","President's Social Service Award","_Awards","UF","18538251","PSSA","_Awards"
"18538094","President's Social Service Award","_Awards","RT","18538095","President's Volunteerism & Philanthropy Awards","_Awards"
"18733888","President's Technology Award","_Awards","SN","","Recognises accomplishments that have led to transformative changes in the use or potential of technology in Singapore or further afield.",""
"18733888","President's Technology Award","_Awards","Source","","President's Science and Technology Awards (https//www.psta.gov.sg/about/awards/) Retrieved 6 Aug 2024.",""
"18733888","President's Technology Award","_Awards","Awarding Entity","","Singapore. National Research Foundation",""
"18733888","President's Technology Award","_Awards","Year First Awarded","","2009",""
"18733888","President's Technology Award","_Awards","BT","18538093","President's Science and Technology Awards","_Awards"
"18538095","President's Volunteerism & Philanthropy Awards","_Awards","SN","","These awards represent the highest honour bestowed upon individuals and organisations in recognition of their achievement of excellence in giving in the community. They are awarded by the National Volunteer & Philanthropy Centre (NVPC), with support from the Ministry of Culture, Community and Youth (MCCY).",""
"18538095","President's Volunteerism & Philanthropy Awards","_Awards","Source","","City of Good: President's Volunteerism & Philanthropy Awards (https://cityofgood.sg/pvpa/) Retrieved 27 Apr 2022.",""
"18538095","President's Volunteerism & Philanthropy Awards","_Awards","Awarding Entity","","National Volunteer & Philanthropy Centre (Singapore)",""
"18538095","President's Volunteerism & Philanthropy Awards","_Awards","Year First Awarded","","2001",""
"18538095","President's Volunteerism & Philanthropy Awards","_Awards","UF","18538237","PVPA","_Awards"
"18538095","President's Volunteerism & Philanthropy Awards","_Awards","RT","18538094","President's Social Service Award","_Awards"
"18538096","Prime Minister's Book Prize","_Awards","SN","","Established in 1974 by the Ministry of Education to recognise students who excel bilingually. The awards are given to primary, secondary and pre-university students.",""
"18538096","Prime Minister's Book Prize","_Awards","Source","","Ministry of Education Singapore- Press Releases: 122 Students Received Special Awards for their Achievements (http://www.moe.gov.sg/media/press/2013/08/122-students-received-special-awards-for-their-achievements.php)",""
"18538096","Prime Minister's Book Prize","_Awards","Awarding Entity","","Singapore. Ministry of Education",""
"18538096","Prime Minister's Book Prize","_Awards","Year First Awarded","","1974",""
"18538096","Prime Minister's Book Prize","_Awards","UF","18538252","PMBP","_Awards"
"18538417","PRISM Awards","_Awards","SN","","Started in 1987 by the Institute of Public Relations of Singapore, the PRISM (Public Relations In the Service of Mankind) Awards recognise and honour individuals and organisations that are outstanding in public relations and communications and who elevate the level of professionalism in public relations in Singapore.",""
"18538417","PRISM Awards","_Awards","Source","","Institute of Public Relations of Singapore: PRISM Awards (http://www.iprs.org.sg/prism-awards)",""
"18538417","PRISM Awards","_Awards","Awarding Entity","","Institute of Public Relations of Singapore",""
"18538417","PRISM Awards","_Awards","Year First Awarded","","1987",""
"18538417","PRISM Awards","_Awards","UF","18538571","Institute of Public Relations of Singapore Public Relations In the Service of Mankind Awards","_Awards"
"18538460","Promising SME 500 Business Luminary Award","_Awards","SN","","Award that recognises outstanding achievements of business men and women in Singapore and their contributions to the economy and community. It was organised by Promising SME 500 and supported by the Small Medium Business Association (SMBA),",""
"18538460","Promising SME 500 Business Luminary Award","_Awards","Source","","Promising SME 500 2013: About the Campaign (http://psme500.com.sg/about) | The Straits Times, 27 September 2016, page 5: Spotlight on bright sparks in business (https://eresources.nlb.gov.sg/newspapers/digitised/article/straitstimes20160927-1.2.8.1.1) Retrieved 5 August 2024.",""
"18538460","Promising SME 500 Business Luminary Award","_Awards","Awarding Entity","","Promising SME 500",""
"18538460","Promising SME 500 Business Luminary Award","_Awards","Year First Awarded","","2012",""
"18538418","Prudential Eye Awards","_Awards","SN","","Launched in 2014 in Singapore by the Prudential Eye Programme, a partnership between Parallel Contemporary Art, Saatchi Gallery and Prudential. The awards are given to outstanding emerging contemporary artists across Greater Asia. The award is possibly discontinued.",""
"18538418","Prudential Eye Awards","_Awards","Source","","Prudential Eye Awards: About (http://prudentialeyeawards.com/about) | LASALLE College of the Arts: Prudential Eye Awards (https://www.lasalle.edu.sg/about/awards-showcase/prudential-eye-awards) Retrieved 5 August 2024. | Facebook: Prudential Eye Awards (https://www.facebook.com/PrudentialEyeAwards/) Retrieved 5 August 2024.",""
"18538418","Prudential Eye Awards","_Awards","Awarding Entity","","Prudential Eye Programme",""
"18538251","PSSA","_Awards","Use","18538094","President's Social Service Award","_Awards"
"18538250","PSTA","_Awards","Use","18538093","President's Science and Technology Awards","_Awards"
"18736551","Public Administration Medal (Bronze)","_Awards","SN","","The Medal may be awarded to any of the following persons for outstanding efficiency, competence and industry: any person who is or has been a public officer; any person who is or has been an officer employed by any statutory authority (other than a Town Council); any person who is or has been in the service of any organisation, association or body rendering services in the field of education; any person who is or has been employed in any company which is wholly-owned by the Government and which is carrying on business mainly as an agent or instrumentality of the Government; any person who is or has been employed as a member of the personal staff of the President.",""
"18736551","Public Administration Medal (Bronze)","_Awards","Source","","Prime Minister's Office (https://www.pmo.gov.sg/National-Day-Awards/Information-On-Medals/The-Public-Administration-Medal-Bronze-Pingat-Pentadbiran-Awam-Gangsa)",""
"18736551","Public Administration Medal (Bronze)","_Awards","Awarding Entity","","Singapore. Prime Minister's Office",""
"18736551","Public Administration Medal (Bronze)","_Awards","Year First Awarded","","1963",""
"18736551","Public Administration Medal (Bronze)","_Awards","BT","18538456","National Day Awards","_Awards"
"18736551","Public Administration Medal (Bronze)","_Awards","ENGtoMAY","18736556","Pingat Pentadbiran Awam (Gangsa)","_Awards_MY"
"18736549","Public Administration Medal (Gold)","_Awards","SN","","The Medal may be awarded to any of the following persons for outstanding efficiency, competence and industry: any person who is or has been a public officer; any person who is or has been an officer employed by any statutory authority (other than a Town Council); any person who is or has been in the service of any organisation, association or body rendering services in the field of education; any person who is or has been employed in any company which is wholly-owned by the Government and which is carrying on business mainly as an agent or instrumentality of the Government; any person who is or has been employed as a member of the personal staff of the President.",""
"18736549","Public Administration Medal (Gold)","_Awards","Source","","Prime Minister's Office (https://www.pmo.gov.sg/National-Day-Awards/Information-On-Medals/The-Public-Administration-Medal-Gold-Pingat-Pentadbiran-Awam-Emas)",""
"18736549","Public Administration Medal (Gold)","_Awards","Awarding Entity","","Singapore. Prime Minister's Office",""
"18736549","Public Administration Medal (Gold)","_Awards","Year First Awarded","","1963",""
"18736549","Public Administration Medal (Gold)","_Awards","BT","18538456","National Day Awards","_Awards"
"18736549","Public Administration Medal (Gold)","_Awards","ENGtoMAY","18736554","Pingat Pentadbiran Awam (Emas)","_Awards_MY"
"18736550","Public Administration Medal (Silver)","_Awards","SN","","The Medal may be awarded to any of the following persons for outstanding efficiency, competence and industry: any person who is or has been a public officer; any person who is or has been an officer employed by any statutory authority (other than a Town Council); any person who is or has been in the service of any organisation, association or body rendering services in the field of education; any person who is or has been employed in any company which is wholly-owned by the Government and which is carrying on business mainly as an agent or instrumentality of the Government; any person who is or has been employed as a member of the personal staff of the President.",""
"18736550","Public Administration Medal (Silver)","_Awards","Source","","Prime Minister's Office (https://www.pmo.gov.sg/National-Day-Awards/Information-On-Medals/The-Public-Administration-Medal-Silver-Pingat-Pentadbiran-Awam-Perak)",""
"18736550","Public Administration Medal (Silver)","_Awards","Awarding Entity","","Singapore. Prime Minister's Office",""
"18736550","Public Administration Medal (Silver)","_Awards","Year First Awarded","","1963",""
"18736550","Public Administration Medal (Silver)","_Awards","BT","18538456","National Day Awards","_Awards"
"18736550","Public Administration Medal (Silver)","_Awards","ENGtoMAY","18736555","Pingat Pentadbiran Awam (Perak)","_Awards_MY"
"18538573","Public Relations Awards Singapore","_Awards","Use","18538415","PR Awards","_Awards"
"18736564","Public Service Medal","_Awards","SN","","The Medal may be awarded to any person who has rendered commendable public service in Singapore or for his achievement in the field of arts and letters, sports, the sciences, business, the professions and the labour movement.",""
"18736564","Public Service Medal","_Awards","Source","","Prime Minister's Office (https://www.pmo.gov.sg/National-Day-Awards/Information-On-Medals/The-Public-Service-Medal-Pingat-Bakti-Masyarakat)",""
"18736564","Public Service Medal","_Awards","Awarding Entity","","Singapore. Prime Minister's Office",""
"18736564","Public Service Medal","_Awards","Year First Awarded","","1973",""
"18736564","Public Service Medal","_Awards","Wikidata URI","","http://www.wikidata.org/entity/Q7195753",""
"18736564","Public Service Medal","_Awards","BT","18538456","National Day Awards","_Awards"
"18736564","Public Service Medal","_Awards","ENGtoMAY","18736571","Pingat Bakti Masyarakat","_Awards_MY"
"18736535","Public Service Star","_Awards","SN","","The Public Service Star may be awarded to any person who has rendered valuable public service to the people of Singapore; or who has distinguished himself in the field of arts and letters, sports, the sciences, business, the professions and the labour movement.",""
"18736535","Public Service Star","_Awards","Source","","Prime Minister's Office (https://www.pmo.gov.sg/National-Day-Awards/Information-On-Medals/The-Public-Service-Star-Bintang-Bakti-Masyarakat)",""
"18736535","Public Service Star","_Awards","Awarding Entity","","Singapore. Prime Minister's Office",""
"18736535","Public Service Star","_Awards","Year First Awarded","","1963",""
"18736535","Public Service Star","_Awards","Wikidata URI","","http://www.wikidata.org/entity/Q4914524",""
"18736535","Public Service Star","_Awards","BT","18538456","National Day Awards","_Awards"
"18736535","Public Service Star","_Awards","ENGtoMAY","18736537","Bintang Bakti Masyarakat","_Awards_MY"
"18538237","PVPA","_Awards","Use","18538095","President's Volunteerism & Philanthropy Awards","_Awards"
"18538419","Randstad Award","_Awards","SN","","Singapore aspect of Ranstad Global Awards given out in 23 countries. The award honours the best employers in Singapore. The award is based on an employment survey done on job seekers on their perception of Singapore’s biggest 75 employers.",""
"18538419","Randstad Award","_Awards","Source","","Ranstad Award: About the Ranstad Award (http://www.randstad.com.sg/the-randstad-award/about-the-randstad-award)",""
"18538419","Randstad Award","_Awards","Awarding Entity","","Randstad",""
"18341459","Red Dot Award","_Awards","SN","","A German international design prize that is awarded in three categories: Product Design, Brands & Communication Design, and Design Concept. The Red Dot Award: Design Concept was first launched in Red Dot Design Museum Singapore in 2005 to identify and recognise design projects for their design excellence.",""
"18341459","Red Dot Award","_Awards","Source","","Red Dot Award: Design Concept (https://www.red-dot.org/design-concept) Retrieved 5 August 2024. | The Straits Times, 21 June 2017, page 2: Red Dot Design Museum moving to Marina Bay (https://eresources.nlb.gov.sg/newspapers/digitised/article/straitstimes20170621-1.2.28.4) Retrieved 5 August 2024.",""
"18341459","Red Dot Award","_Awards","Awarding Entity","","Red Dot",""
"18341459","Red Dot Award","_Awards","Year First Awarded","","2005",""
"18341459","Red Dot Award","_Awards","ENGtoCHI","18501732","红点大奖","_Awards_CN"
"18341459","Red Dot Award","_Awards","ENGtoMAY","15922641","Anugerah Titik Merah","_Awards_MY"
"18341459","Red Dot Award","_Awards","ENGtoTAM","18503700","சிவப்புப் புள்ளி விருது","_Awards_TM"
"18538420","Red Dot Student Choice Book Awards","_Awards","SN","","Annual awards started in 2009 by the International School Libraries (ISLN) in Singapore with participants coming from school libraries in Singapore and the region. Books from four age-based categories are shortlisted and the best are recognised.",""
"18538420","Red Dot Student Choice Book Awards","_Awards","Source","","Red Dot Book Awards 2013-2014: About (http://www.reddotawards.com/home/about)",""
"18538420","Red Dot Student Choice Book Awards","_Awards","Awarding Entity","","International School Libraries Network",""
"18538420","Red Dot Student Choice Book Awards","_Awards","Year First Awarded","","2009",""
"18538097","Roche Award","_Awards","SN","","Started in 2007 and awarded by the Singapore Society of Pathology (SSP) to the medical technologist or scientific officer who has made an important contribution to research publications pertaining to laboratory medicine practiced in Singapore.",""
"18538097","Roche Award","_Awards","Source","","Singapore Society of Pathology - Roche Laboratory Medicine (Technical) Award: (http://singaporesocietypathology.weebly.com/roche-award.html) Retrieved 5 August 2024.",""
"18538097","Roche Award","_Awards","Awarding Entity","","Singapore Society of Pathology",""
"18538097","Roche Award","_Awards","Year First Awarded","","2007",""
"18538098","Rotary ASME Entrepreneur of the Year Award","_Awards","SN","","Started in 1989 and awarded by the Association of Small and Medium Enterprises and the Rotary Club of Singapore. The award honours local entrepreneurs who have shown outstanding performance as business owners, be they emerging or established enterprises, in their respective fields.",""
"18538098","Rotary ASME Entrepreneur of the Year Award","_Awards","Source","","The Entrepreneur of the Year Award (https://eya.com.sg/) Retrieved 5 August 2024.",""
"18538098","Rotary ASME Entrepreneur of the Year Award","_Awards","Awarding Entity","","Association of Small and Medium Enterprises (Singapore) | Rotary Club of Singapore",""
"18538098","Rotary ASME Entrepreneur of the Year Award","_Awards","Year First Awarded","","1989",""
"18538253","SAA","_Awards","Use","18538104","Singapore Accountancy Awards","_Awards"
"18538099","SAEA-STProperty Real Estate Excellence Awards","_Awards","SN","","The award originated from the SAEA Real Estate Excellence Awards initiated by Singapore Accredited Estate Agencies Limited in 2008. In 2013, STProperty joined in to co-organised SAEA-STProperty Real Estate Excellence Awards. The awards recognise the achievements of those in real estate sales and are given out to the best salesperson, best client service, best leader and most popular online advertisement. It is possibly discontinued.",""
"18538099","SAEA-STProperty Real Estate Excellence Awards","_Awards","Source","","SAEA: SAEA Real Estate Excellence Awards 2011 (https://web.archive.org/web/20111227013237/http://www.saea.org.sg/SAEA_Awards-page.htm) Retrieved 5 August 2024. | SAEA: SAEA-STProperty Real Estate Excellence Awards 2013 (https://web.archive.org/web/20131226220407/http://www.saea.org.sg/SAEA_Awards-page.htm) Retrieved 5 August 2024.",""
"18538099","SAEA-STProperty Real Estate Excellence Awards","_Awards","Awarding Entity","","Singapore Accredited Estate Agencies",""
"18538099","SAEA-STProperty Real Estate Excellence Awards","_Awards","Year First Awarded","","2013",""
"18538254","SBA","_Awards","Use","18538107","Singapore Business Awards","_Awards"
"18538421","Schools Digital Media Awards","_Awards","SN","","The annual awards, formerly known as Schools Video Awards, aims to enhance the development of media and digital literacies among students, develop their skills in research and perspective-taking, as well as to showcase their talents.",""
"18538421","Schools Digital Media Awards","_Awards","Source","","Schools Digital Media Awards (SDMA) 2024 (https://sites.google.com/moe.edu.sg/sdma-information-site-for-shss/home) Retrieved 5 August 2024. | Ministry of Education: Awards Ceremony for Schools Digital Media Awards 2017 (https://web.archive.org/web/20220322061817/https://www.moe.gov.sg/news/press-releases/20171109-awards-ceremony-for-schools-digital-media-awards-2017) Retrieved 5 August 2024.",""
"18538421","Schools Digital Media Awards","_Awards","Awarding Entity","","Singapore. Ministry of Education",""
"18538421","Schools Digital Media Awards","_Awards","UF","18538482","SDMA","_Awards"
"18538422","SCIC Responsible Care Awards","_Awards","SN","","Started in 2001 and presented by the Singapore Chemical Industry Council (SCIC). The awards recognise companies that strive to put into practice the Responsible Care Codes of Practices. An exemplary individual who strives to develop and promote the Responsible Care initiative in Singapore is awarded the Responsible Care Individual Award.",""
"18538422","SCIC Responsible Care Awards","_Awards","Source","","Singapore Chemical Industry Council: Annual SCIC Responsible Care Awards (https://www.scic.sg/index.php/en/annual-scic-responsible-care-awards) Retrieved 5 August 2024.",""
"18538422","SCIC Responsible Care Awards","_Awards","Awarding Entity","","Singapore Chemical Industry Council",""
"18538422","SCIC Responsible Care Awards","_Awards","Year First Awarded","","2001",""
"18538422","SCIC Responsible Care Awards","_Awards","UF","18538574","Singapore Chemical Industry Council Responsible Care Awards","_Awards"
"18538482","SDMA","_Awards","Use","18538421","Schools Digital Media Awards","_Awards"
"18538238","SEAA","_Awards","Use","18538113","Singapore Environmental Achievement Awards","_Awards"
"18538578","Security Investors Association (Singapore) Investors’ Choice Awards","_Awards","Use","18538425","SIAS Investors’ Choice Awards","_Awards"
"18538100","Service to Education Award","_Awards","SN","","Set up in 1990 by the Ministry of Education. The award is presented annually to individuals who haved volunteered their services in the School Advisory Committee of government schools, School Management Committee of government-aided schools and Board of Governors of independent schools.",""
"18538100","Service to Education Award","_Awards","Source","","Ministry of Education Singapore: Ministry of Education congratulates 306 recipients of the Service to Education Award 2013.(http://www.moe.gov.sg/initiatives/service-to-education-award/)",""
"18538100","Service to Education Award","_Awards","Awarding Entity","","Singapore. Ministry of Education",""
"18538100","Service to Education Award","_Awards","Year First Awarded","","1990",""
"18538255","SFIA","_Awards","Use","18538115","Singapore Furniture Industry Awards","_Awards"
"18538101","Shell LiveWIRE Awards","_Awards","SN","","Jointly organised by Shell Companies in Singapore and the Institute of Technical Education, in partnership with ITE Alumni Association and Singapore Press Holdings (Chinese Newspapers Division). The biennial awards recognise exemplary young entrepreneurs in Singapore and give them the opportunity to network and get noticed. The award is possibly discontinued in Singapore.",""
"18538101","Shell LiveWIRE Awards","_Awards","Source","","Shell Singapore - Shell LiveWIRE Awards 2013: Recognising Singapore’s Promising Youth Entrepreneurs (https://www.shell.com.sg/media/2013-media-releases/shell-livewire-awards-2013.html) Retrieved 6 August 2024.",""
"18538101","Shell LiveWIRE Awards","_Awards","Awarding Entity","","Shell Singapore | Institute of Technical Education",""
"18538101","Shell LiveWIRE Awards","_Awards","Year First Awarded","","2000",""
"18538141","SHHK Literary Awards","_Awards","SN","","Started in 2003 by the Singapore Hokkien Huay Kuan (SHHK) to promote Chinese literary writing. It is an amalgamation of the SHHK Primary Schools Chinese Essay Writing Competition, the National Secondary School Chinese Essay Writing Competition and the Singapore Tertiary Chinese Literary Award. The awards recognise outstanding essay writing in Chinese with the aim to raise the standard of the language in Singapore.",""
"18538141","SHHK Literary Awards","_Awards","Source","","Singapore Hokkien Huay Kuan: SHHK Literary Awards (https://www.shhk.com.sg/shhk-literary-awards/) Retrieved 6 August 2024.",""
"18538141","SHHK Literary Awards","_Awards","Awarding Entity","","Singapore Hokkien Huay Kuan (Clan association)",""
"18538141","SHHK Literary Awards","_Awards","Year First Awarded","","2003",""
"18538141","SHHK Literary Awards","_Awards","UF","18538576","Singapore Hokkien Huay Kuan Literary Award","_Awards"
"18538517","SHOAS Book Prize","_Awards","Use","18538451","Sultan Haji Omar Ali Saifuddien Book Prize","_Awards"
"18538239","SHQSA","_Awards","Use","18538117","Singapore Health Quality Service Award","_Awards"
"18538102","SIA Architectural Design Awards","_Awards","SN","","Started in 1983, the awards are presented by the Singapore Institute of Architects (SIA). The awards recognise and honour outstanding and innovative architectural works among its members, with the intent to motivate architects to strive for higher standards of architectural excellence.",""
"18538102","SIA Architectural Design Awards","_Awards","Source","","SIA: SIA Architectural Design Awards (https://sia.org.sg/awards/sia-architectural-design-awards/)",""
"18538102","SIA Architectural Design Awards","_Awards","Awarding Entity","","Singapore Institute of Architects",""
"18538102","SIA Architectural Design Awards","_Awards","Year First Awarded","","1983",""
"18538102","SIA Architectural Design Awards","_Awards","UF","18538577","Singapore Institute of Architects Architectural Design Awards","_Awards"
"18538424","SIA-ICI Colour Dulux Award","_Awards","SN","","Annual award recognises the creative use of colours in local architecture and interior design. It was awarded by Singapore Institute of Architects and ICI Paints Singapore. The award is possibly discontinued.",""
"18538424","SIA-ICI Colour Dulux Award","_Awards","Source","","Look Architects: Awards & Commendations (https://web.archive.org/web/20140709051602/http://www.lookarchitects.com/en/awards) Retrieved 6 August 2024. | TP Architecture; Architectural Design Awards (http://library.tp.edu.sg/dmr/package3/designawards.htm) | The Straits Times, 13 April 1998, page 8: Orchard baby scores with flying colours (https://eresources.nlb.gov.sg/newspapers/digitised/article/straitstimes19980413-1.2.77.5.13) Retrieved 6 August 2024. | The Business Times, 24 April 2004, page 8: Woha biggest winner in architecture awards (https://eresources.nlb.gov.sg/newspapers/digitised/article/biztimes20040424-1.2.17.2) Retrieved 6 August 2024.",""
"18538424","SIA-ICI Colour Dulux Award","_Awards","Awarding Entity","","Singapore Institute of Architects | ICI Paints Singapore",""
"18538425","SIAS Investors’ Choice Awards","_Awards","SN","","Awarded by the Security Investors Association of Singapore (SIAS), the awards recognise excellence in companies adopting good corporate governance practices. SIAS and its industry partners annually rate the best performing public listed companies in governance and transparency for the benefit of investors. Financial journalists that help to drive good governance are also recognised.",""
"18538425","SIAS Investors’ Choice Awards","_Awards","Source","","SIAS Investors’ Choice Awards 2021 (https://sias.org.sg/cgweek2021/Investorchoiceawards.php)",""
"18538425","SIAS Investors’ Choice Awards","_Awards","Awarding Entity","","Securities Investors Association of Singapore",""
"18538425","SIAS Investors’ Choice Awards","_Awards","UF","18538578","Security Investors Association (Singapore) Investors’ Choice Awards","_Awards"
"18538425","SIAS Investors’ Choice Awards","_Awards","NT","18538110","Singapore Corporate Governance Award","_Awards"
"18538103","SICCI-DBS Singapore Indian Entrepreneur Awards","_Awards","SN","","Started in 2004 and given annually by the Singapore Indian Chamber of Commerce and Industry. The awards are given to the most outstanding Indian entrepreneurs in Singapore, and serve as motivation for budding Indian entrepreneurs. It is possibly discontinued.",""
"18538103","SICCI-DBS Singapore Indian Entrepreneur Awards","_Awards","Source","","SICCI-DBS:The Awards (http://siea.sicci.com/) | Supreme Components International: Singapore’s enterprising Indian entrepreneurs unveiled (https://www.supremecomponents.com/wp-content/uploads/2014/09/MEDIA%20RELEASE-SIEA%20FINALISTS%202011.pdf) Retrieved 6 August 2024.",""
"18538103","SICCI-DBS Singapore Indian Entrepreneur Awards","_Awards","Awarding Entity","","Singapore Indian Chamber of Commerce and Industry",""
"18538103","SICCI-DBS Singapore Indian Entrepreneur Awards","_Awards","Year First Awarded","","2004",""
"18538392","SICCI Youth Enterprise Awards","_Awards","SN","","Started in 2006 by the Young Entrepreneurs Network of Singapore Indian Chamber of Commerce and Industry, the annual awards for youth between the ages of 17 to 26 are given to recognise their business plan ideas and to encourage excellence in entrepreneurship among the youth in the Indian community. The award is possibly discontinued.",""
"18538392","SICCI Youth Enterprise Awards","_Awards","Source","","Singapore Indian Chamber of Commerce and Industry: Young Entrepreneurs Network@SICCI (https://web.archive.org/web/20131126173327/http://www.sicci.com/en/articles/young-entrepreneurs-network-sicci) Retrieved 6 August 2024.",""
"18538392","SICCI Youth Enterprise Awards","_Awards","Awarding Entity","","Singapore Indian Chamber of Commerce and Industry",""
"18538392","SICCI Youth Enterprise Awards","_Awards","Year First Awarded","","2006",""
"18736515","Sijil Kemuliaan","_Awards_MY","BT","18736504","Anugerah Hari Kebangsaan","_Awards_MY"
"18736515","Sijil Kemuliaan","_Awards_MY","MAYtoENG","18736516","Certificate of Honour","_Awards"
"18341450","Silver Screen Awards","_Awards","SN","","An annual competition organised in conjunction with the Singapore International Film Festival to encourage advances in Asian filmmaking.",""
"18341450","Silver Screen Awards","_Awards","Source","","https://sgiff.com/silver-screen-awards/",""
"18341450","Silver Screen Awards","_Awards","Awarding Entity","","Singapore International Film Festival",""
"18341450","Silver Screen Awards","_Awards","Year First Awarded","","1991",""
"18341450","Silver Screen Awards","_Awards","ENGtoCHI","18501733","银幕大奖","_Awards_CN"
"18341450","Silver Screen Awards","_Awards","ENGtoMAY","15922642","Anugerah-anugerah Layar Perak","_Awards_MY"
"18341450","Silver Screen Awards","_Awards","ENGtoTAM","18503701","வெள்ளித்திரை விருதுகள்","_Awards_TM"
"18538426","SINDA Excellence Awards","_Awards","SN","","Started in 1991 by the Singapore Indian Development Association (SINDA). The awards are given to Indian students who excel in their respective academic fields, the arts or sports.",""
"18538426","SINDA Excellence Awards","_Awards","Source","","SINDA Excellence Awards 2013: Celebrating Student Excellence & Achievement (https://docs.google.com/file/d/0BxivSbDPN30eTTFHSkVhczBVaFU/edit?pli=1) | SINDA: SINDA Excellence Awards (https://www.seaawards.sg/about) Retrieved 6 August 2024.",""
"18538426","SINDA Excellence Awards","_Awards","Awarding Entity","","SINDA",""
"18538426","SINDA Excellence Awards","_Awards","Year First Awarded","","1991",""
"18538426","SINDA Excellence Awards","_Awards","UF","18538508","Singapore Indian Development Association Excellence Awards","_Awards"
"18538427","Singapore Academy of Law Awards","_Awards","SN","","Started in 2008 and awarded by the Singapore Academy of Law. The award recognises recipients who strive to advance the ideals of the academy and contribute to the development of Singapore law. The awards are given out once every five years.",""
"18538427","Singapore Academy of Law Awards","_Awards","Source","","Singapore Academy of Law: Singapore Academy of Law Awards (https://www.sal.org.sg/Services/Awards/SAL-Awards)",""
"18538427","Singapore Academy of Law Awards","_Awards","Awarding Entity","","Singapore Academy of Law",""
"18538427","Singapore Academy of Law Awards","_Awards","Year First Awarded","","2008",""
"18538104","Singapore Accountancy Awards","_Awards","SN","","Awards that recognise outstanding businesses, teams and individuals in the accountancy profession in Singapore. It was launched by Institute of Singapore Chartered Accountants, and supported by the Accounting and Corporate Regulatory Authority and the Singapore Accountancy Commission.",""
"18538104","Singapore Accountancy Awards","_Awards","Source","","Institute of Singapre Chartered Accountants: Singapore Accountancy Awards (https://isca.org.sg/learn-connect/corporate-events/conferences-(saac-series)/singapore-accountancy-awards) | The Straits Times, 3 July 2013, page 8: New name for accounting body (https://eresources.nlb.gov.sg/newspapers/digitised/article/straitstimes20130703-1.2.41.3) Retrieved 6 August 2024. | Ardent: Awards winning team (https://ardent.com.sg/awards/) Retrieved 6 August 2024.",""
"18538104","Singapore Accountancy Awards","_Awards","Awarding Entity","","Institute of Singapore Chartered Accountants",""
"18538104","Singapore Accountancy Awards","_Awards","Year First Awarded","","2013",""
"18538104","Singapore Accountancy Awards","_Awards","UF","18538253","SAA","_Awards"
"18538428","Singapore Advocacy Awards","_Awards","SN","","Annual awards launched in 2014 by an activist group called The Working Committee 3 (TWC3). The awards recognised exemplary individuals and civil society organisations for their initiatives and impact on tolerance, integration, awareness, solidarity and awareness in making Singapore a better place. The awards were awarded annually between 2014 and 2017.",""
"18538428","Singapore Advocacy Awards","_Awards","Source","","Singapore Advocacy Awards: About (http://singaporeadvocacyawards.org/about/) | The Online Citizen: Launch of Singapore Advocacy Awards for civil society (http://www.theonlinecitizen.com/2014/01/launch-of-singapore-advocacy-awards-for-civil-society/) | Ethos Books: The Art of Advocacy In Singapore (https://www.ethosbooks.com.sg/products/the-art-of-advocacy-in-singapore) Retrieved 6 August 2024.",""
"18538428","Singapore Advocacy Awards","_Awards","Awarding Entity","","The Working Committee 3",""
"18538428","Singapore Advocacy Awards","_Awards","Year First Awarded","","2014",""
"18538429","Singapore Aerospace Awards","_Awards","SN","","Started in 2009 and presented by the Association of Aerospace Industries (Singapore). The awards recognise outstanding achievements of companies in the Singapore Aerospace Industry. Award categories include Aerospace Supplier Excellence Award and Aerospace Productivity & Innovation Leadership Award. The award is possibly discontinued.",""
"18538429","Singapore Aerospace Awards","_Awards","Source","","Association of Aerospace Industries (Singapore): Singapore Aerospace Awards 2011 (https://web.archive.org/web/20140106232423/http://www.aais.org.sg/awards)",""
"18538429","Singapore Aerospace Awards","_Awards","Awarding Entity","","Association of Aerospace Industries Singapore",""
"18538429","Singapore Aerospace Awards","_Awards","Year First Awarded","","2009",""
"20600312","Singapore Apex Corporate Sustainability Awards","_Awards","SN","","Annual award which recognises companies whose business operations or solutions have exemplified the Ten Principles of the United Nations Global Compact on environment, human rights, labour and anti-corruption.",""
"20600312","Singapore Apex Corporate Sustainability Awards","_Awards","Source","","Singapore Apex Corporate Sustainability Awards (https://apexawards.unglobalcompact.sg) Retrieved 7 Aug 2024.",""
"20600312","Singapore Apex Corporate Sustainability Awards","_Awards","Awarding Entity","","Global Compact Network Singapore",""
"20600312","Singapore Apex Corporate Sustainability Awards","_Awards","Year First Awarded","","2016",""
"20600312","Singapore Apex Corporate Sustainability Awards","_Awards","RT","18538125","Singapore Sustainability Awards","_Awards"
"18538105","Singapore Blog Awards","_Awards","SN","","Started in 2008 by omy.sg, the bilingual news and entertainment portal of Singapore Press Holdings. The annual awards honour the producers of innovative and informative blogs with original content. The award is possibly discontinued.",""
"18538105","Singapore Blog Awards","_Awards","Source","","Panasonic presents Singapore Blog Awards 2013: Overview (http://sgblogawards.omy.sg/2013/about/) | The Straits Times, 6 September 2008, page 42: First S'pore Blog Awards given out (https://eresources.nlb.gov.sg/newspapers/digitised/article/straitstimes20080906-1.2.41.13) Retrieved 6 August 2024.",""
"18538105","Singapore Blog Awards","_Awards","Awarding Entity","","Singapore Press Holdings",""
"18538107","Singapore Business Awards","_Awards","SN","","Started in 1985 and jointly presented by The Business Times and DHL. The awards recognise outstanding individuals and organisations in business and are given out in 4 categories: Businessman of the Year Award, Enterprise Award, Outstanding Chief Execuitve of the Year Award and Outstanding Chief/Senior Executive (Overseas) Award.",""
"18538107","Singapore Business Awards","_Awards","Source","","Singapore Business Awards (https://www.businesstimes.com.sg/events-awards/singapore-business-awards/)",""
"18538107","Singapore Business Awards","_Awards","Awarding Entity","","The Business Times | DHL",""
"18538107","Singapore Business Awards","_Awards","Year First Awarded","","1985",""
"18538107","Singapore Business Awards","_Awards","UF","18538254","SBA","_Awards"
"18538574","Singapore Chemical Industry Council Responsible Care Awards","_Awards","Use","18538422","SCIC Responsible Care Awards","_Awards"
"18538430","Singapore Children's Society Awards","_Awards","SN","","Annual awards given by the Singapore Children’s Society. The awards recognise individuals and organisations who tirelessly contribute to helping children in need.",""
"18538430","Singapore Children's Society Awards","_Awards","Source","","Children's Society: Donate To Singapore Children’s Society (https://www.childrensociety.org.sg/about/supporters-and-donors) Retrieved 6 August 2024.",""
"18538430","Singapore Children's Society Awards","_Awards","Awarding Entity","","Singapore Children's Society",""
"20011735","Singapore Chinese Cultural Contribution Award","_Awards","SN","","Annual award conferred to individuals and organisations who made extraordinary contributions to the promotion, enrichment, and development of Chinese Singaporean culture. It was launched in 2017 by the Singapore Chinese Cultural Centre.",""
"20011735","Singapore Chinese Cultural Contribution Award","_Awards","Source","","Singapore Chinese Cultural Centre: Singapore Chinese Cultural Contribution Award (https://singaporeccc.org.sg/sccca/) Retrieved 9 May 2024.",""
"20011735","Singapore Chinese Cultural Contribution Award","_Awards","Awarding Entity","","Singapore Chinese Cultural Centre",""
"20011735","Singapore Chinese Cultural Contribution Award","_Awards","Year First Awarded","","2017",""
"20011735","Singapore Chinese Cultural Contribution Award","_Awards","ENGtoCHI","20011737","新加坡华族文化贡献奖","_Awards_CN"
"19994259","Singapore Corporate Awards","_Awards","SN","","Awards recognising exemplary corporate governance practices among listed companies in Singapore.",""
"19994259","Singapore Corporate Awards","_Awards","Source","","Singapore Institute of Directors: Singapore Corporate Awards (https://www.sid.org.sg/Web/Web/Events/Singapore_Corporate_Awards.aspx) Retrieved 25 Apr 2024.",""
"19994259","Singapore Corporate Awards","_Awards","Awarding Entity","","Singapore Institute of Directors | Institute of Singapore Chartered Accountants | Business Times",""
"19994259","Singapore Corporate Awards","_Awards","Year First Awarded","","2005",""
"18538110","Singapore Corporate Governance Award","_Awards","SN","","A component of the Investors' Choice Awards, it is presented by the Securities Investors Association (Singapore) or SIAS, a non-profit organization. The awards are given to companies that practice good corporate governance practices in accordance with the Singapore Corporate Governance Code.",""
"18538110","Singapore Corporate Governance Award","_Awards","Source","","SIAS 14th Investors’ Choice Awards Dinner Presentation Ceremony: Awards (https://web.archive.org/web/20140630025437/http://sias.org.sg/cgweek2013/ICA/ICA_Awards.html) Retrieved 6 August 2024. | Singapore 2012 CG Week: Award Winners (http://sias.org.sg/cgweek2012/ICA_PWinners_SCGA10.html) | The Straits Times, 15 August 2003, page 14: Sias launches new corporate governance award (https://eresources.nlb.gov.sg/newspapers/digitised/article/straitstimes20030815-1.2.54.16.34) Retrieved 6 August 2024.",""
"18538110","Singapore Corporate Governance Award","_Awards","Awarding Entity","","Securities Investors Association of Singapore",""
"18538110","Singapore Corporate Governance Award","_Awards","Year First Awarded","","2003",""
"18538110","Singapore Corporate Governance Award","_Awards","BT","18538425","SIAS Investors’ Choice Awards","_Awards"
"18538111","Singapore Effie Awards","_Awards","SN","","Awards that are given to outstanding marketing campaigns that effectively use research, planning and execution to build their brand. It is administered by Institute of Advertising Singapore.",""
"18538111","Singapore Effie Awards","_Awards","Source","","IAS: Celebrating 10 years of Effectiveness with the 2013 Singapore Effie Awards Competition (https://web.archive.org/web/20140613184305/http://www.ias.org.sg/events/EffieSingapore2013-Introduction.html) Retrieved 6 August 2024. | Effie Singapore (http://effie.sg/about-effie/) Retrieved 29 Jul 2022. | The Straits Times, 22 September 2004, page 17: Effectiveness the magic word at first Effie Singapore Awards (https://eresources.nlb.gov.sg/newspapers/digitised/article/straitstimes20040922-1.2.41.12.35) Retrieved 6 August 2024.",""
"18538111","Singapore Effie Awards","_Awards","Awarding Entity","","Institute of Advertising Singapore",""
"18538111","Singapore Effie Awards","_Awards","Year First Awarded","","2003",""
"18538111","Singapore Effie Awards","_Awards","UF","18746598","Effie Awards Singapore","_Awards"
"18538112","Singapore Energy Award","_Awards","SN","","Biennial awards given by the Energy Market Authority to individuals and organisations that contribute outstandingly to the energy sector of Singapore in capability development and innovation.",""
"18538112","Singapore Energy Award","_Awards","Source","","Energy Market Authority: Singapore Energy Award (https://web.archive.org/web/20141203100338/https://www.ema.gov.sg/singapore_energy_award.aspx) Retrieved 6 August 2024.",""
"18538112","Singapore Energy Award","_Awards","Awarding Entity","","Singapore. Energy Market Authority",""
"18538112","Singapore Energy Award","_Awards","Year First Awarded","","2013",""
"18516143","Singapore Enterprise 50 Awards","_Awards","SN","","The award is organised by the Business Times and KPMG to recognise the 50 most outstanding and enterprising privately-held companies in Singapore. It was first established in 1995.",""
"18516143","Singapore Enterprise 50 Awards","_Awards","Source","","The Business Times: Enterprise 50 (https://www.businesstimes.com.sg/events-awards/enterprise-50)",""
"18516143","Singapore Enterprise 50 Awards","_Awards","Awarding Entity","","KPMG Singapore | The Business Times",""
"18516143","Singapore Enterprise 50 Awards","_Awards","Year First Awarded","","1995",""
"18516143","Singapore Enterprise 50 Awards","_Awards","UF","18516144","E50 Awards","_Awards"
"18538113","Singapore Environmental Achievement Awards","_Awards","SN","","Started in 1997 and presented by the Singapore Environment Council. The awards recognise the overall environmental stewardship by organisations and is in support of the Singapore Green Plan.",""
"18538113","Singapore Environmental Achievement Awards","_Awards","Source","","Singapore Environmental Achievement Awards: About the Singapore Environmental Achievement Awards (http://www.sec.org.sg/seaa/)",""
"18538113","Singapore Environmental Achievement Awards","_Awards","Awarding Entity","","Singapore Environment Council",""
"18538113","Singapore Environmental Achievement Awards","_Awards","Year First Awarded","","1997",""
"18538113","Singapore Environmental Achievement Awards","_Awards","UF","18538238","SEAA","_Awards"
"18538440","Singapore Excellence in Finance Award","_Awards","SN","","The award is supported by the Singapore Women's Association. The annual award is given to an outstanding student in the Lee Kong Chian School of Business of Singapore Management University who excels in the Finance discipline. The award is possibly discontinued.",""
"18538440","Singapore Excellence in Finance Award","_Awards","Source","","SMU: Financial Women's Association Singapore (http://www.smu.edu.sg/smu/about/fees-and-financial-aid/financial-assistance/scholarships-and-awards/awards/financial)",""
"18538114","Singapore Experience Awards","_Awards","SN","","Presented by the Singapore Tourism Board. The awards, which replace the annual Tourism, Singapore Business Events and Singapore Education prizes, recognise and honour individuals and organisations that create strong and distinctive Singapore experiences for visitors and help to boost the tourism industry. It was later repositioned as Singapore Tourism Awards.",""
"18538114","Singapore Experience Awards","_Awards","Source","","Singapore Experience Awards: Can We Help? (http://www.singaporeexperience.com/can-we-help.html#FNQ1) | Singapore Tourism Board: The Singapore Experience Awards (https://www.stb.gov.sg/content/stb/en/media-centre/media-releases/the-singapore-experience-awards.html) Retrieved 6 August 2024. | Singapore Tourism Awards: FAQ (https://www.singaporetourismawards.gov.sg/faq) Retrieved 6 August 2024. | The Straits Times, 10 November 2009, page 22: Trio win top honours for contributions to tourism (https://eresources.nlb.gov.sg/newspapers/digitised/article/straitstimes20091110-1.2.27.9) Retrieved 6 August 2024.",""
"18538114","Singapore Experience Awards","_Awards","Awarding Entity","","Singapore Tourism Board",""
"18538114","Singapore Experience Awards","_Awards","Year First Awarded","","2009",""
"19987878","Singapore Family Friendly Employer Award","_Awards","SN","","Biennial award launched by the Ministry of Community Development and Sports to recognise employers who have adopted pro-family work practices. It was later renamed Work-Life Excellence Award.",""
"19987878","Singapore Family Friendly Employer Award","_Awards","Source","","The Singapore Family Friendly Employer Award 2004 (2004) | Ministry of Manpower: Organisational Leaders Recognised for Work-Life Leadership in Work-Life Excellence Award 2008 (https://www.mom.gov.sg/newsroom/press-releases/2008/organisational-leaders-recognised-for-work-life-leadership-in-work-life-excellence-award-2008) | The Straits Times, 21 July 2004, page 8: Firms which made the grade (https://eresources.nlb.gov.sg/newspapers/digitised/article/straitstimes20040721-1.2.71.4.3) Retrieved 16 October 2023",""
"19987878","Singapore Family Friendly Employer Award","_Awards","Awarding Entity","","Singapore. Ministry of Community Development and Sports",""
"19987878","Singapore Family Friendly Employer Award","_Awards","Successor","18538144","Work-Life Excellence Awards","_Awards"
"19987878","Singapore Family Friendly Employer Award","_Awards","Predecessor","19987880","Family Friendly Firm Award","_Awards"
"18538115","Singapore Furniture Industry Awards","_Awards","SN","","Started in 2003 and presented by the Singapore Furniture Industries Council (SFIC) and supported by the DesignSingapore Council (DSG), International Enterprise (IE) Singapore and SPRING Singapore. The awards recognise individuals and companies that contribute significantly and outstandingly to the furniture industry in Singapore. It was discontinued after 2013 and was replaced by the Sol Awards in 2023.",""
"18538115","Singapore Furniture Industry Awards","_Awards","Source","","Singapore Furniture Industries Council: Singapore Furniture Industry Awards 2013 (https://web.archive.org/web/20141220190428/http://www.singaporefurniture.com/initiatives/corporate/singapore-furniture-industry-awards/) Retrieved 6 August 2024. | Singapore Furniture Industries Council: Sol Awards 2023 (https://www.singaporefurniture.com/sol-awards-2023/) Retrieved 6 August 2024.",""
"18538115","Singapore Furniture Industry Awards","_Awards","Awarding Entity","","Singapore Furniture Industries Council",""
"18538115","Singapore Furniture Industry Awards","_Awards","Year First Awarded","","2003",""
"18538115","Singapore Furniture Industry Awards","_Awards","UF","18538255","SFIA","_Awards"
"18538116","Singapore Green Hotel Award","_Awards","SN","","Started in 2009 by the Singapore Hotel Association. The award is presented to hotels that have made significant efforts in protecting the environment. It was combined with the SHA-NEA 3R Awards for Hotels to form the Singapore Hotel Sustainability Award.",""
"18538116","Singapore Green Hotel Award","_Awards","Source","","Singapore Hotel Association: News and Events (https://sha.org.sg/news_events/news_details/1316/singapore-green-hotel-award-2013) | TTG Asia: New award challenge to propel sustainability in Singapore hotels (https://www.ttgasia.com/2023/10/11/new-award-challenge-to-propel-sustainability-in-singapore-hotels/) Retrieved 13 August 2024.",""
"18538116","Singapore Green Hotel Award","_Awards","Awarding Entity","","Singapore Hotel Association",""
"18538116","Singapore Green Hotel Award","_Awards","Year First Awarded","","2009",""
"18341456","Singapore HEALTH Award","_Awards","SN","","The Singapore HEALTH Award is presented by the Health Promotion Board to give national recognition to pre-schools, workplaces and health ambassadors in the community for their commendable health promotion achievements.",""
"18341456","Singapore HEALTH Award","_Awards","Source","","Health Promotion Board: Singaopre HEALTH Award (https://hpb.gov.sg/workplace/singapore-health-award) Retrieved 1 Aug 2022.",""
"18341456","Singapore HEALTH Award","_Awards","Awarding Entity","","Singapore. Health Promotion Board",""
"18341456","Singapore HEALTH Award","_Awards","ENGtoCHI","18501734","新加坡保健奖","_Awards_CN"
"18341456","Singapore HEALTH Award","_Awards","ENGtoMAY","15922643","Anugerah HEALTH Singapura","_Awards_MY"
"18341456","Singapore HEALTH Award","_Awards","ENGtoTAM","18503702","சிங்கப்பூர் ஆரோக்கிய விருது","_Awards_TM"
"18538117","Singapore Health Quality Service Award","_Awards","SN","","Award that honours professionals in the healthcare industry who are dedicated in providing outstanding care and service.",""
"18538117","Singapore Health Quality Service Award","_Awards","Source","","SingHealth: Awards & Achievements (https://www.singhealth.com.sg/SHQSA)",""
"18538117","Singapore Health Quality Service Award","_Awards","Awarding Entity","","SingHealth Duke-NUS Academic Medical Centre",""
"18538117","Singapore Health Quality Service Award","_Awards","Year First Awarded","","2011",""
"18538117","Singapore Health Quality Service Award","_Awards","UF","18538239","SHQSA","_Awards"
"18538431","Singapore Hit Awards","_Awards","SN","","Annual music awards that are presented for the most popular Chinese male and female singers in Singapore and the region as well as other awards in other professional categories. It was presented by the Singapore Mandarin radio station, Y.E.S. 93.3FM. It was formerly known as 93.3 Hit Awards before renamed Singapore Hit Awards in 1996. The awards had been discontinued.",""
"18538431","Singapore Hit Awards","_Awards","Source","","Singapore Hit Awards 2013 (https://web.archive.org/web/20141018220156/http://www.meradio.sg/sha/about) Retrieved 6 August 2024. | The Straits Times, 12 July 1996, page 12: Hit Awards gets new name, new look (https://eresources.nlb.gov.sg/newspapers/digitised/article/straitstimes19960712-1.2.100.7.1) Retrieved 6 August 2024. | 维基百科: 新加坡金曲奖(https://zh.wikipedia.org/wiki/%E6%96%B0%E5%8A%A0%E5%9D%A1%E9%87%91%E6%9B%B2%E7%8D%8E) Retrieved 6 August 2024. | Today, September 20, 2013: S’pore Hit Awards returns with Mandopop glamour (https://www.todayonline.com/entertainment/music/spore-hit-awards-returns-mandopop-glamour) Retrieved 6 August 2024.",""
"18538431","Singapore Hit Awards","_Awards","Awarding Entity","","Mediacorp Pte Ltd",""
"18538431","Singapore Hit Awards","_Awards","Year First Awarded","","1996",""
"18538431","Singapore Hit Awards","_Awards","Wikidata URI","","http://www.wikidata.org/entity/Q11081259",""
"18538431","Singapore Hit Awards","_Awards","ENGtoCHI","20600302","新加坡金曲奖","_Awards_CN"
"18538576","Singapore Hokkien Huay Kuan Literary Award","_Awards","Use","18538141","SHHK Literary Awards","_Awards"
"18538508","Singapore Indian Development Association Excellence Awards","_Awards","Use","18538426","SINDA Excellence Awards","_Awards"
"18538579","Singapore infocomm Technology Federation Awards","_Awards","Use","18538130","SiTF Awards","_Awards"
"18538577","Singapore Institute of Architects Architectural Design Awards","_Awards","Use","18538102","SIA Architectural Design Awards","_Awards"
"20600345","Singapore Institute of Planners Awards","_Awards","Use","18538432","SIP Planning Awards","_Awards"
"18538434","Singapore International Maritime Awards","_Awards","SN","","Presented by the Maritime and Port Authority of Singapore (MPA) during Singapore Maritime Week. The biennial award recognises individuals and companies for their outstanding contributions to advancing Singapore as a premier global hub port and a leading international maritime centre.",""
"18538434","Singapore International Maritime Awards","_Awards","Source","","MPA Singapore: 50 awards presented at the Singapore International Maritime Awards 2013 (https://web.archive.org/web/20130713134703/http://www.mpa.gov.sg/sites/global_navigation/news_center/mpa_news/mpa_news_detail.page?filename=nr130411b.xml) Retrieved 6 August 2024.",""
"18538434","Singapore International Maritime Awards","_Awards","Awarding Entity","","Maritime & Port Authority of Singapore",""
"18538118","Singapore International Photography Award","_Awards","SN","","Started in 1953 and presented by the Photographic Society of Singapore. The award is given to the most outstanding photographer among those competing from the world over, who excels in all the sections of the photographic competition.",""
"18538118","Singapore International Photography Award","_Awards","Source","","Singapore International Photography Award: SIPA 2013 Winner (http://www.sipa.org.sg/sipa_winner_60th.asp)",""
"18538118","Singapore International Photography Award","_Awards","Awarding Entity","","Photographic Society of Singapore",""
"18538118","Singapore International Photography Award","_Awards","Year First Awarded","","1953",""
"18538118","Singapore International Photography Award","_Awards","UF","18538240","SIPA","_Awards"
"18538119","Singapore Jewellery Design Award","_Awards","SN","","Set up by the Singapore Jewellers Association to advance the art of budding jewellery designers to the global community.",""
"18538119","Singapore Jewellery Design Award","_Awards","Source","","SJDA Singapore Jewellery Design Award: Introduction (https://web.archive.org/web/20140402204608/http://www.sjda.sg/about-us/singapore-jewellery-design-award-introduction) Retrieved 6 August 2024. | Singapore Jewellery Design Award (https://sjda.sg/) Retrieved 13 August 2024.",""
"18538119","Singapore Jewellery Design Award","_Awards","Awarding Entity","","Singapore Jewellers Association",""
"18538119","Singapore Jewellery Design Award","_Awards","UF","18538256","SJDA","_Awards"
"18538120","Singapore Landscape Architecture Awards","_Awards","SN","","Set up by the Singapore Institute of Landscape Architects. The awards are given to the most outstanding creations of local landscape architecture firms and aims to set new benchmarks in design and best practices of landscape architecture.",""
"18538120","Singapore Landscape Architecture Awards","_Awards","Source","","SILA: Singapore Landscape Architecture Awards (https://www.sila.org.sg/awards)",""
"18538120","Singapore Landscape Architecture Awards","_Awards","Awarding Entity","","Singapore Institute of Landscape Architects",""
"18341452","Singapore Literature Prize","_Awards","SN","","Singapore's top literary prize that is held biennially by the Singapore Book Council. It aims to stimulate public interest and support for creative writing in Singapore as well as to promote the Singapore literary talent through due recognition to outstanding published works of fiction, poetry and creative nonfiction by Singapore authors in any of the four official languages: Chinese, English, Malay and Tamil.",""
"18341452","Singapore Literature Prize","_Awards","Source","","Singapore Literature Prize (https://www.bookcouncil.sg/slp-2024) Retrieved 7 August 2024.",""
"18341452","Singapore Literature Prize","_Awards","Awarding Entity","","Singapore Book Council",""
"18341452","Singapore Literature Prize","_Awards","Year First Awarded","","1992",""
"18341452","Singapore Literature Prize","_Awards","Wikidata URI","","http://www.wikidata.org/entity/Q7523043",""
"18341452","Singapore Literature Prize","_Awards","ENGtoCHI","18501735","新加坡文学奖","_Awards_CN"
"18341452","Singapore Literature Prize","_Awards","ENGtoMAY","15922644","Hadiah Sastera Singapura","_Awards_MY"
"18341452","Singapore Literature Prize","_Awards","ENGtoTAM","18503703","சிங்கப்பூர் இலக்கியப் பரிசு","_Awards_TM"
"18538459","Singapore Morningstar Awards for Investing Excellence","_Awards","SN","","Presented by Morningstar, an investment research company, the awards recognise funds and asset managers that have served investors well over the long term, and will be able to deliver strong risk-adjusted returns in the long term.",""
"18538459","Singapore Morningstar Awards for Investing Excellence","_Awards","Source","","Morningstar: 2023 Singapore Morningstar Awards for Investing Excellence (https://sg.morningstar.com/sg/news/232569/2023-singapore-morningstar-awards-for-investing-excellence.aspx) Retrieved 27 September 2024.",""
"18538459","Singapore Morningstar Awards for Investing Excellence","_Awards","Awarding Entity","","Morningstar Asia Ltd",""
"18538442","Singapore National Academy of Science Student Awards","_Awards","SN","","Awarded by the Singapore National Academy of Science. The awards recognise and honour outstanding students from the National University of Singapore and the Nanyang Technological University who excel in their respective scientific discipline of Physics, Chemistry, Mathematics, Statistics, and Life Sciences (or Biology).",""
"18538442","Singapore National Academy of Science Student Awards","_Awards","Source","","Singapore National Academy of Science: SNAS Student Awards (https://snas.org.sg/snas-student-awards) Retrieved 7 August 2024.",""
"18538442","Singapore National Academy of Science Student Awards","_Awards","Awarding Entity","","Singapore National Academy of Science",""
"18538442","Singapore National Academy of Science Student Awards","_Awards","UF","18538506","SNAS Student Awards","_Awards"
"18538435","Singapore Outdoor Advertising Awards","_Awards","SN","","Awards given to the best in transport media, street media, ambient media, mobile media, electronic posters and exhibition stands. The awards have incorporated the Asia Outdoor Awards (AOA) to recognise entrants from both Singapore and the Asia Pacific region.",""
"18538435","Singapore Outdoor Advertising Awards","_Awards","Source","","PPAS: Singapore Outdoor Advertising Awards (http://ppas.sg/site/index.php?option=com_content&task=view&id=66&Itemid=32)",""
"18538435","Singapore Outdoor Advertising Awards","_Awards","Awarding Entity","","AdAsia",""
"18538463","Singapore Packaging Star Award","_Awards","SN","","Presented by the Packaging Council of Singapore (PCS) under the Singapore Manufacturing Federation (SMF). The national award recognises companies and individuals for their innovative and unique packaging designs in the areas of creative design, material usage, functional performance, brand enhancement and environmental consciousness.",""
"18538463","Singapore Packaging Star Award","_Awards","Source","","Packaging Council of Singapore: Singapore Packaging Star Awards 2021 (https://www.packaging.org.sg/singapore-packaging-star-awards-spsa-2021/)",""
"18538463","Singapore Packaging Star Award","_Awards","Awarding Entity","","Packaging Council of Singapore",""
"18538463","Singapore Packaging Star Award","_Awards","Year First Awarded","","1998",""
"18538580","Singapore Press Holdings iink Awards","_Awards","Use","18538443","SPH iink Awards","_Awards"
"18538436","Singapore Prestige Brand Award","_Awards","SN","","Started in 2002 by the Association of Small and Medium Enterprises (ASME) and Lianhe Zaobao, a Chinese daily. The award recognises and honour Singapore brands that are developed and managed successfully by using inititiatives that enhance the branding.",""
"18538436","Singapore Prestige Brand Award","_Awards","Source","","Singapore Prestige Brand Award (https://www.spba.com.sg/about-spba/)",""
"18538436","Singapore Prestige Brand Award","_Awards","Awarding Entity","","Association of Small and Medium Enterprises (Singapore)",""
"18538436","Singapore Prestige Brand Award","_Awards","Year First Awarded","","2002",""
"18538436","Singapore Prestige Brand Award","_Awards","UF","18538511","SPBA","_Awards"
"18538133","Singapore Quality Award","_Awards","SN","","Started in 1994 by SPRING Singapore, an agency under the Ministry of Trade and Industry. The award honours organisations that achieve world-class standards in their products and services. It was concluded after its 25th year in 2019.",""
"18538133","Singapore Quality Award","_Awards","Source","","SPRING Singapore: BE Awards (http://www.spring.gov.sg/qualitystandards/be/pages/be-awards-new.aspx#.UyfpShBdXT9) | Enterprise Singapore: Business Excellence (https://www.enterprisesg.gov.sg/quality-standards/business-excellence) Retrieved 17 Aug 2022.",""
"18538133","Singapore Quality Award","_Awards","Awarding Entity","","SPRING Singapore",""
"18538133","Singapore Quality Award","_Awards","Year First Awarded","","1994",""
"18538121","Singapore Quality Brand Award","_Awards","SN","","Set up by Singapore Quality Brand Award Pte Ltd, the awards recognise brands that utilise outstanding marketing strategies to distinguish their identity and position in their respective field.",""
"18538121","Singapore Quality Brand Award","_Awards","Source","","Singapore Quality Brand Award 2014: About Us (http://www.sqba.com.sg/award-details/)",""
"18538121","Singapore Quality Brand Award","_Awards","Awarding Entity","","Singapore Quality Brand Award Pte Ltd",""
"18538121","Singapore Quality Brand Award","_Awards","UF","18538241","SQBA","_Awards"
"18538464","Singapore Racing Awards","_Awards","SN","","Presented by the Association of Racehorse Trainers of Singapore. The awards recognise outstanding persons in the Singapore racing industry. Award categories include Champion Trainer, Champion Jockey and Horse of the Year.",""
"18538464","Singapore Racing Awards","_Awards","Source","","Singapore Turf Club: Celebrate our stars at the 2013 Singapore Racing Awards (http://www.turfclub.com.sg/MediaCenter/RacingNews/Pages/LocalDetails.aspx?intNewsID=12061&spListName=Local%20News&Year=2014#.UzUENhBdXT9)",""
"18538464","Singapore Racing Awards","_Awards","Awarding Entity","","Association of Racehorse Trainers (Singapore)",""
"20600311","Singapore Red Cross Awards","_Awards","SN","","The annual awards recognise and honour the contributions of volunteers and partners who have given selflessly of their time, expertise and resources to further the Singapore Red Cross' mission.",""
"20600311","Singapore Red Cross Awards","_Awards","Source","","Singapore Red Cross (https://redcross.sg/media-centre/press-releases/1355-more-than-110-volunteers-and-partners-honoured-at-singapore-red-cross-awards-ceremony.html) Retrieved 7 Aug 2024.",""
"20600311","Singapore Red Cross Awards","_Awards","Awarding Entity","","Singapore Red Cross Society",""
"20600311","Singapore Red Cross Awards","_Awards","Year First Awarded","","2013",""
"18538122","Singapore Red Cross Humanitarian Award","_Awards","SN","","Award given by the Singapore Red Cross Society to an individual, group or organisation that have used outstanding service or leadership consistently for a period of at least eight years in promoting the cause of the society. It became part of the broader Singapore Red Cross Awards since 2013.",""
"18538122","Singapore Red Cross Humanitarian Award","_Awards","Source","","Singapore Red Cross Society: Awards Criteria (http://www.redcross.org.sg/articles/awards-criteria)",""
"18538122","Singapore Red Cross Humanitarian Award","_Awards","Awarding Entity","","Singapore Red Cross Society",""
"18538437","Singapore Road Safety Awards","_Awards","SN","","Started in 2013 and presented by the Singapore Road Safety Council. The awards are a joint effort with the Traffic Police, Land Transport Authority and the Workplace Safety and Health Institute. The awards recognise exemplary companies and company drivers/riders for their effort to put in place systems and work towards keeping the roads safe.",""
"18538437","Singapore Road Safety Awards","_Awards","Source","","Singapore Road Safety Council: Singapore Road Safety Awards (https://www.srsc.org.sg/award.html) Retrieved 17 Aug 2022.",""
"18538437","Singapore Road Safety Awards","_Awards","Awarding Entity","","Singapore Road Safety Council",""
"18538437","Singapore Road Safety Awards","_Awards","Year First Awarded","","2013",""
"20600266","Singapore Schools Sports Council Colours Award","_Awards","SN","","Award presented to students from secondary schools, junior colleges and Millennia Institute based on their sporting achievements and display of good sporting character.",""
"20600266","Singapore Schools Sports Council Colours Award","_Awards","Source","","Singapore Schools Sports Council (https://nsg.moe.edu.sg/sssc/about-us) Retrieved 5 Aug 2024.",""
"20600266","Singapore Schools Sports Council Colours Award","_Awards","Awarding Entity","","Singapore Schools Sports Council",""
"20600266","Singapore Schools Sports Council Colours Award","_Awards","Predecessor","18538413","National Schools Colours Awards","_Awards"
"18538123","Singapore Short Film Awards","_Awards","SN","","Started in 2010 and presented by The Substation's Moving Images and Objectifs: Centre for Photography and Film. The annual awards recognise outstanding short films made in Singapore. It was last held in 2015.",""
"18538123","Singapore Short Film Awards","_Awards","Source","","The Substation: The 5th Singapore Short Film (http://www.substation.org/event/5ssfa/) | Wikipedia: Singapore Short Film Awards (https://en.wikipedia.org/wiki/Singapore_Short_Film_Awards) Retrieved 17 Aug 2022.",""
"18538123","Singapore Short Film Awards","_Awards","Awarding Entity","","The Substation",""
"18538123","Singapore Short Film Awards","_Awards","Year First Awarded","","2010",""
"18538123","Singapore Short Film Awards","_Awards","Wikidata URI","","http://www.wikidata.org/entity/Q7523114",""
"18538124","Singapore Sports Awards","_Awards","SN","","Started in 1968 by the National Olympic Council. The awards honour and recognise not only Singapore sportsmen and sportswomen, but also sportsboys and sportsgirls for their outstanding achievments both locally and overseas.",""
"18538124","Singapore Sports Awards","_Awards","Source","","Singapore National Olympic Council: Singapore Sports Awards (https://www.singaporeolympics.com/singapore-sports-awards/)",""
"18538124","Singapore Sports Awards","_Awards","Awarding Entity","","Singapore National Olympic Council",""
"18538124","Singapore Sports Awards","_Awards","Year First Awarded","","1968",""
"18538124","Singapore Sports Awards","_Awards","Wikidata URI","","http://www.wikidata.org/entity/Q111032655",""
"18538125","Singapore Sustainability Awards","_Awards","SN","","Started in 2009 by the Singapore Business Federation. The awards recognise and honour sustainable development solutions and business practices in the business sector. It was replaced by Singapore Apex Corporate Sustainability Awards in 2016 with the integration with Global Compact Network Singapore's Apex CSR Awards.",""
"18538125","Singapore Sustainability Awards","_Awards","Source","","Singapore Sustainability Awards 2013 (http://sustainabilityawards.sg/) | Keppel Land: Green Awards (http://www.keppelland.com.sg/IR-Awards-Green.asp) | Eco Business: Press Releases, 2 Aug 2016: Singapore Apex Corporate Sustainability Awards 2016 call for applications (https://www.eco-business.com/press-releases/singapore-apex-corporate-sustainability-awards-2016-call-for-applications/) Retrieved 17 Aug 2022.",""
"18538125","Singapore Sustainability Awards","_Awards","Awarding Entity","","Singapore Business Federation",""
"18538125","Singapore Sustainability Awards","_Awards","Year First Awarded","","2009",""
"18538125","Singapore Sustainability Awards","_Awards","UF","18538257","SSAwards","_Awards"
"18538125","Singapore Sustainability Awards","_Awards","RT","20600312","Singapore Apex Corporate Sustainability Awards","_Awards"
"18538438","Singapore Tatler Singapore's Best Restaurants Awards","_Awards","SN","","Started in 2006 by Singapore Tatler. Awards are given to the best rated restaurants based on setting, food, wine and service. Award categories include Best New Restaurant and Best Service. The awarded best restaurants have been renamed the Tatler Dining 20. In addition are the Best of the Year Awards for Best New Restaurant, Best Service and Best Interior Design. The practice continues in the renamed Tatler Dining Guide. The top 20 restaurants are selected, as well as the Restaurant of the Year, Best New Restaurant, Best Service and Best Interior Design.",""
"18538438","Singapore Tatler Singapore's Best Restaurants Awards","_Awards","Source","","Singapore Tatler Singapore's Best Restaurants Awards 2012 (http://www.bonta.com.sg/pdfs/BRG2012.pdf) | Singapore Tatler, 17 Feb 2022: The Best Restaurants in Singapore 2022 (https://www.tatlerasia.com/dining/awards/the-best-restaurants-in-singapore-2022) Retrieved 17 Aug 2022.",""
"18538438","Singapore Tatler Singapore's Best Restaurants Awards","_Awards","Awarding Entity","","Tatler Singapore",""
"18538438","Singapore Tatler Singapore's Best Restaurants Awards","_Awards","Year First Awarded","","2006",""
"18538126","Singapore Translational Research (STaR) Investigator Award","_Awards","SN","","An award given by the Singapore Ministry of Health’s National Medical Research Council (NMRC). The awards are given to internationally renowned researchers as funding for outstanding translational and clinical research to be done in Singapore.",""
"18538126","Singapore Translational Research (STaR) Investigator Award","_Awards","Source","","Ministry of Health: Singapore Translational Research (STaR) Investigator Awards (http://www.nmrc.gov.sg/content/nmrc_internet/home/grant/talentdev/staraward.html)",""
"18538126","Singapore Translational Research (STaR) Investigator Award","_Awards","Awarding Entity","","National Medical Research Council (Singapore)",""
"18538127","Singapore Woman Award","_Awards","SN","","The award is given by MediaCorp of Singapore to the exemplary woman who has made outstanding contributions to society, with the hope that other women become inspired to emulate the achievements. It was last awarded in 2015.",""
"18538127","Singapore Woman Award","_Awards","Source","","XinMsn Entertainment: Singapore Woman Award 2014 (http://entertainment.xin.msn.com/en/radio/singapore-woman-award-2014-2)",""
"18538127","Singapore Woman Award","_Awards","Awarding Entity","","Mediacorp Pte Ltd",""
"18538127","Singapore Woman Award","_Awards","Year First Awarded","","2008",""
"18538439","Singapore Young Author Award","_Awards","SN","","Supported by the National Library Board and the National Book Development Council of Singapore (NBDCS). The award is open to primary and secondary students in Singapore and the region. Writing in English should be in the Science Fiction, Magic and Fantasy, Ghosts and Ghouls, Heartwarmers, Mystery and Adventure, Animal Tales and Asian Tales genres.",""
"18538439","Singapore Young Author Award","_Awards","Source","","Janus Education: Awards (https://www.catherinekhoo.sg/asia-award/)",""
"18538439","Singapore Young Author Award","_Awards","Awarding Entity","","Janus Education",""
"18538439","Singapore Young Author Award","_Awards","UF","18538512","YAA","_Awards"
"18516146","Singapore Youth Award","_Awards","SN","","Formerly known as National Youth Service Awards, it was renamed Singapore Youth Award in 1993. It commends the contributions made by youths who have excelled in their respective fields of endeavour as well as contributed back to the community.",""
"18516146","Singapore Youth Award","_Awards","Source","","http://www.sya.sg/the_award.html",""
"18516146","Singapore Youth Award","_Awards","Awarding Entity","","National Youth Council (Singapore)",""
"18516146","Singapore Youth Award","_Awards","Year First Awarded","","1993",""
"18516146","Singapore Youth Award","_Awards","Predecessor","18516147","National Youth Service Awards","_Awards"
"18538457","SingHealth Excellence Awards","_Awards","SN","","Started in 2011 and presented by SingHealth, the largest healthcare group in Singapore. The awards recognise and honour outstanding staff for their contributions to healthcare leadership and administration, patient care, education and research.",""
"18538457","SingHealth Excellence Awards","_Awards","Source","","SingHealth: Awards and Achievements (http://www.singhealth.com.sg/ABOUTSINGHEALTH/CORPORATEOVERVIEW/AWARDSANDACHIEVEMENTS/EXCELLENCE-AWARD/Pages/Home.aspx) | SingHealth: Singapore's Largest Healthcare Group (http://www.singhealth.com.sg/AboutSingHealth/Pages/Home.aspx)",""
"18538457","SingHealth Excellence Awards","_Awards","Awarding Entity","","SingHealth",""
"18538457","SingHealth Excellence Awards","_Awards","Year First Awarded","","2011",""
"18538129","Singtel Asian Picture Book Award","_Awards","SN","","Organised as part of the Asian Festival of Children's Content, the award was to be given annually to the best Asian-themed picture book of the year (unpublished), with the hope of encouraging the creation and increasing the interest in such books. It was funded by SingTel. It was only awarded once in 2013.",""
"18538129","Singtel Asian Picture Book Award","_Awards","Source","","Asian Festival of Children's Content: Awards (http://afcc.com.sg/2013/page/awards)",""
"18538129","Singtel Asian Picture Book Award","_Awards","Awarding Entity","","National Book Development Council of Singapore",""
"18538129","Singtel Asian Picture Book Award","_Awards","Year First Awarded","","2013",""
"18538432","SIP Planning Awards","_Awards","SN","","Awards given by the Singapore Institute of Planners (SIP), a professional body dedicated to the advancement of urban planning. The biannual awards recognise urban planners, urban designers and allied professionals for their excellence in planning projects.",""
"18538432","SIP Planning Awards","_Awards","Source","","Singapore Institute of Planners: SIP Planning Awards (https://www.planning.org.sg/web/sp_awd.html)",""
"18538432","SIP Planning Awards","_Awards","Awarding Entity","","Singapore Institute of Planners",""
"18538432","SIP Planning Awards","_Awards","Year First Awarded","","2008",""
"18538432","SIP Planning Awards","_Awards","UF","20600345","Singapore Institute of Planners Awards","_Awards"
"18538240","SIPA","_Awards","Use","18538118","Singapore International Photography Award","_Awards"
"18538130","SiTF Awards","_Awards","SN","","Started in 2009 and presented by Singapore infocomm Technology Federation (SiTF). The awards are given to companies, enterprises and institutions that develop innovative ICT applications/solutions. The awards were replaced by the Techblazer Awards in 2018 after a merger with the National Infocomm Awards.",""
"18538130","SiTF Awards","_Awards","Source","","SiTF Awards 2013: About SiTF Awards (http://www.sitfawards.com/cos/o.x?c=/wbn/pagetree&func=view&rid=1064355)",""
"18538130","SiTF Awards","_Awards","Awarding Entity","","Singapore Infocomm Technology Federation",""
"18538130","SiTF Awards","_Awards","Year First Awarded","","2009",""
"18538130","SiTF Awards","_Awards","UF","18538579","Singapore infocomm Technology Federation Awards","_Awards"
"18538130","SiTF Awards","_Awards","RT","20600240","Techblazer Awards","_Awards"
"18538256","SJDA","_Awards","Use","18538119","Singapore Jewellery Design Award","_Awards"
"18538091","Skyrise Greenery Awards","_Awards","SN","","Started in 2008 and awarded by the National Parks Board (NParks). The awards recognise projects where building owners, developers, architects and landscape designers have incorporated skyrise greenery in urban settings with innovative use of space. It was last awarded in 2017.",""
"18538091","Skyrise Greenery Awards","_Awards","Source","","Skyrise Greenery: Skyrise Greenery Awards (http://www.skyrisegreenery.com/index.php/home/awards/SGA_main/)",""
"18538091","Skyrise Greenery Awards","_Awards","Awarding Entity","","National Parks Board (Singapore)",""
"18538091","Skyrise Greenery Awards","_Awards","Year First Awarded","","2008",""
"18538441","SMU University Student Life Awards","_Awards","SN","","Awards given by the Singapore Management University's Office of Student Life to outstanding students, faculty and staff for actively participating in and supporting co-curriculum activities and events in the university. Categories include Dean of Students Awards and Student Life Recognition Awards.",""
"18538441","SMU University Student Life Awards","_Awards","Source","","SMU: University Student Life Awards (https://www.smu.edu.sg/campus-life/student-experience/student-leadership/university-student-life-awards)",""
"18538441","SMU University Student Life Awards","_Awards","Awarding Entity","","Singapore Management University",""
"18538441","SMU University Student Life Awards","_Awards","UF","18538513","USLA","_Awards"
"18538506","SNAS Student Awards","_Awards","Use","18538442","Singapore National Academy of Science Student Awards","_Awards"
"18538131","Sony Creative Science Award","_Awards","SN","","Annual awards jointly presented by the Science Centre Singapore and Sony Group of Companies in Singapore, with the support of the Ministry of Education. The aim is to develop interest and creativity in science among Singapore primary school students by letting them compete in applying scientific principles in making creative toys.",""
"18538131","Sony Creative Science Award","_Awards","Source","","Science Centre Singapore: Sony Creative Science Award (https://www.science.edu.sg/for-schools/competitions/sony-creative-science-award)",""
"18538131","Sony Creative Science Award","_Awards","Awarding Entity","","Science Centre Singapore",""
"18538131","Sony Creative Science Award","_Awards","Year First Awarded","","1998",""
"18538511","SPBA","_Awards","Use","18538436","Singapore Prestige Brand Award","_Awards"
"18538443","SPH iink Awards","_Awards","SN","","Awards presented by Singapore Press Holdings (SPH) to honour outstanding made-in-Singapore print, digital and radio advertisements and their creators. They were last awarded in 2017.",""
"18538443","SPH iink Awards","_Awards","Source","","AsiaOne News Aug 1, 2013: Grey Group Singapore wins Grand Prix at SPH iink Awards 2013 (http://news.asiaone.com/news/new-market/grey-group-singapore-wins-grand-prix-sph-iink-awards-2013)",""
"18538443","SPH iink Awards","_Awards","Awarding Entity","","SPH Media",""
"18538443","SPH iink Awards","_Awards","UF","18538580","Singapore Press Holdings iink Awards","_Awards"
"18538132","Spirit of Enterprise Award","_Awards","SN","","Started in 2009 by the organisation Spirit of Enterprise to promote entrepreneurship in Singapore. The award is given annually to outstanding business entrepreneurs for their courage, perseverance and innovation.",""
"18538132","Spirit of Enterprise Award","_Awards","Source","","Spirit of Enterprise: About SOE Awards (https://soe.org.sg/soe-awards/)",""
"18538132","Spirit of Enterprise Award","_Awards","Awarding Entity","","Spirit of Enterprise",""
"18538132","Spirit of Enterprise Award","_Awards","Year First Awarded","","2009",""
"18538444","Sporting Singapore Inspiration Awards","_Awards","SN","","Started in 2003 and presented by the Singapore Sports Council. The awards recognise individuals and organisations for their commitment and continuous efforts in inspiring and advocating sporting culture among their peers.",""
"18538444","Sporting Singapore Inspiration Awards","_Awards","Source","","Singapore Sports Directory 2007/2008: Sporting Singapore Inspiration Awards (http://www.singaporeairfreight.com/IndProf%5CSSD%5C0708%5CSSD0708%20ED05.pdf)",""
"18538444","Sporting Singapore Inspiration Awards","_Awards","Awarding Entity","","Singapore Sports Council",""
"18538444","Sporting Singapore Inspiration Awards","_Awards","Year First Awarded","","2003",""
"18538444","Sporting Singapore Inspiration Awards","_Awards","UF","18538514","SSIA","_Awards"
"18538241","SQBA","_Awards","Use","18538121","Singapore Quality Brand Award","_Awards"
"18538134","SRA Retail Awards","_Awards","SN","","Started in 2000 and given by the Singapore Retailers Association (SRA) and supported by SPRING Singapore and the Singapore Tourism Board. The awards are given to innovative and creative retailers. The awards include Best New Entrant of the Year, Best Retail Concept of the Year, Best Retail Event of the Year, Best Efforts in Corporate Social Responsibility, Manager of the Year and Young Executive of the Year.",""
"18538134","SRA Retail Awards","_Awards","Source","","SRA Retail Awards: About the SRA Retail Awards (http://www.retail.org.sg/awardscholarships.htm)",""
"18538134","SRA Retail Awards","_Awards","Awarding Entity","","Singapore Retailers Association",""
"18538134","SRA Retail Awards","_Awards","Year First Awarded","","2000",""
"18538257","SSAwards","_Awards","Use","18538125","Singapore Sustainability Awards","_Awards"
"18538514","SSIA","_Awards","Use","18538444","Sporting Singapore Inspiration Awards","_Awards"
"18736505","Star of Temasek","_Awards","SN","","Awarded to any member of the Singapore Armed Forces, the Singapore Police Force or the Singapore Civil Defence Force who has performed acts of exceptional courage and skill or exhibited conspicuous devotion to duty in circumstances of extreme danger. It may be awarded posthumously. This is the most prestigious national honour.",""
"18736505","Star of Temasek","_Awards","Source","","https://www.pmo.gov.sg/National-Day-Awards/Information-On-Medals/The-Star-of-Temasek-Bintang-Temasek",""
"18736505","Star of Temasek","_Awards","Awarding Entity","","Singapore. Prime Minister's Office",""
"18736505","Star of Temasek","_Awards","Year First Awarded","","1970",""
"18736505","Star of Temasek","_Awards","Wikidata URI","","http://www.wikidata.org/entity/Q4914530",""
"18736505","Star of Temasek","_Awards","BT","18538456","National Day Awards","_Awards"
"18736505","Star of Temasek","_Awards","ENGtoMAY","18736512","Bintang Temasek","_Awards_MY"
"18663804","Stewards of Intangible Cultural Heritage Award","_Awards","SN","","Recognises practitioners of Singapore's intangible cultural heritage who are dedicated to preserving their practices, and have made outstanding contributions in their field.",""
"18663804","Stewards of Intangible Cultural Heritage Award","_Awards","Source","","National Heritage Board: The Stewards of Singapore’s Intangible Cultural Heritage Award (https://www.nhb.gov.sg/what-we-do/our-work/community-engagement/awards) Retrieved 5 Jun 2020. | Today, 30 Oct 2019: New NHB award to promote 'intangible cultural heritage' and those who work to preserve it (https://www.todayonline.com/singapore/new-nhb-award-promote-intangible-cultural-heritage-and-those-who-work-preserve-it) Retrieved 5 Jun 2020.",""
"18663804","Stewards of Intangible Cultural Heritage Award","_Awards","Awarding Entity","","Singapore. National Heritage Board",""
"18663804","Stewards of Intangible Cultural Heritage Award","_Awards","Year First Awarded","","2020",""
"18538135","Stomp Citizen Journalism Awards","_Awards","SN","","Awards given by STOMP, a Singapore Press Holdings news website. Every month, the top ten original and engaging news stories contributed by members of the public are shortlisted, and the top story is voted and presented with the Citizen Journalist of the Month award. The monthly winners participate in the Citizen Journalist of the Year Award.",""
"18538135","Stomp Citizen Journalism Awards","_Awards","Source","","STOMP: Stomp Citizen Journalism Awards (http://www.stomp.com.sg/citizenjournalismawards/)",""
"18538135","Stomp Citizen Journalism Awards","_Awards","Awarding Entity","","STOMP",""
"19904525","Storytel Epigram Horror Prize","_Awards","SN","","Prize offered by publisher Epigram Books and Storytel audiobook platform for 4,000 to 7,000 word-long, English horror short story manuscripts submitted by Singapore residents above the age of 15 years. The first, second and third place winners get $3,000, $2,000 and $1,000 respectively, while eight winners get $500 each. Winning entries get published in an anthology by Epigram Books, as well as featured in audiobook format on Storytel. The Prize was discontinued after the first year following the withdrawal of sponsorship by Storytel.",""
"19904525","Storytel Epigram Horror Prize","_Awards","Source","","Straits Times, 6 Mar 2022: Epigram Books and Storytel launch new horror fiction prize (https://www.straitstimes.com/life/epigram-books-and-storytel-launch-new-horror-fiction-prize) Retrieved 29 May 2023. | Storytel Epigram Horror Prize (https://www.epigram.sg/sehp) Retrieved 29 May 2023.",""
"19904525","Storytel Epigram Horror Prize","_Awards","Awarding Entity","","Epigram Books | Storytel (Firm)",""
"19904525","Storytel Epigram Horror Prize","_Awards","Year First Awarded","","2022",""
"18538070","The Straits Times’ Life! Theatre Awards","_Awards","SN","","Awards organised by Life!, the arts and entertainment section of the Strait Times, to recognise the best of local theatre, including stage productions, performers, playwrights, and directors. It was known as DBS Life! Theatre Awards between 2002 and 2003 when the awards were sponsored by DBS Bank, and M1-The Straits Times Life! Theatre Awards between 2015 and 2016 when M1 was the sponsor.",""
"18538070","The Straits Times’ Life! Theatre Awards","_Awards","Source","","Singapore Infopedia: The Straits Times’ Life! Theatre Awards (https://eresources.nlb.gov.sg/infopedia/articles/SIP_514_2004-12-29.html) | LASALLE College of the Arts: The Straits Times Life! Theatre Awards (https://www.lasalle.edu.sg/about/awards-showcase/straits-times-life-theatre-awards) | Straits Times, 17 March 2015, page 8: Life! Theatre Awards marks 15 years with a new identity (http://eresources.nlb.gov.sg/newspapers/Digitised/Article/straitstimes20150317-1.2.8.12) Retrieved 30 March 2022",""
"18538070","The Straits Times’ Life! Theatre Awards","_Awards","Awarding Entity","","The Straits Times",""
"18538070","The Straits Times’ Life! Theatre Awards","_Awards","Year First Awarded","","2001",""
"18538070","The Straits Times’ Life! Theatre Awards","_Awards","Wikidata URI","","http://www.wikidata.org/entity/Q111032698",""
"18538070","The Straits Times’ Life! Theatre Awards","_Awards","UF","18733555","DBS Life! Theatre Awards","_Awards"
"18538070","The Straits Times’ Life! Theatre Awards","_Awards","UF","18733556","M1-The Straits Times Life! Theatre Awards","_Awards"
"18736646","Students Creative Awards","_Awards","Use","18538139","Crowbar Awards","_Awards"
"18538451","Sultan Haji Omar Ali Saifuddien Book Prize","_Awards","SN","","Started in 2009 from a donation made by Minister Mentor Lee Kuan Yew. The annual awards recognise up to six student recipients of the Lee Kuan Yew Scholarship to Encourage Upgrading (LKY-STEP Award) with the most outstanding academic results at the Institute of Education.",""
"18538451","Sultan Haji Omar Ali Saifuddien Book Prize","_Awards","Source","","Ministry of Education Singapore: The Sultan Haji Omar Ali Saifuddien Book Prize (SHOAS book prize) (http://www.moe.gov.sg/media/press/2009/08/109-students-received-the-2009.php)",""
"18538451","Sultan Haji Omar Ali Saifuddien Book Prize","_Awards","Awarding Entity","","Singapore. Ministry of Education",""
"18538451","Sultan Haji Omar Ali Saifuddien Book Prize","_Awards","Year First Awarded","","2009",""
"18538451","Sultan Haji Omar Ali Saifuddien Book Prize","_Awards","UF","18538517","SHOAS Book Prize","_Awards"
"18538581","TAFEP Exemplary Employer Award","_Awards","Use","18538445","Tripartite Alliance for Fair Employment Practices Exemplary Employer Award","_Awards"
"18538469","Tamilavel Award","_Awards","SN","","Started in 1988 and presented by the Association of Singapore Tamil Writers. The award is given to an outstanding local writer in the Tamil literary field for contributions to the growth and development of Tamil literature in Singapore.",""
"18538469","Tamilavel Award","_Awards","Source","","Association of Singapore Tamil Writers: Tamilavel Award (http://www.singaporetamilwriters.com/index.php/tamilavel) | Ministry of Education Singapore: Speech by RAdm (NS) Lui Tuck Yew, Senior Minister of State, Ministry of Education and Ministry of Information, Communications and the Arts, at Muthamil Vila Organised by Association of Singapore Tamil Writers, on Sunday, 13 April 2008 at 6.00pm at Singapore Polytechnic Auditorium (http://www.moe.gov.sg/media/speeches/2008/04/13/speech-by-radm-ns-lui-tuck-yew-4.php)",""
"18538469","Tamilavel Award","_Awards","Awarding Entity","","Association of Singapore Tamil Writers",""
"18538469","Tamilavel Award","_Awards","Year First Awarded","","1988",""
"18538136","Tan Ean Kiam Arts Awards","_Awards","SN","","Started in 2009 and sponsored by the Tan Ean Kiam Foundation, the awards are given by the National University of Singapore (NUS) Centre for the Arts. The awards recognise students and alumni for their significant artistic contributions to the Centre, university and community. Awards are given to the Alumni of the Year, Student of the Year, Group of the Year, and Production of the Year.",""
"18538136","Tan Ean Kiam Arts Awards","_Awards","Source","","NUS Centre for the Arts: Tan Ean Kiam Arts Awards (https://cfa.nus.edu.sg/explore/awards-scholarships/tan-ean-kiam-arts-awards/)",""
"18538136","Tan Ean Kiam Arts Awards","_Awards","Awarding Entity","","NUS Centre for the Arts",""
"18538136","Tan Ean Kiam Arts Awards","_Awards","Year First Awarded","","2009",""
"18538137","Tan Kah Kee Young Inventors' Award","_Awards","SN","","Jointly organised by the Tan Kah Kee Foundation and the Ministry of Education with the support of Science Centre Singapore. The awards are given to encourage and promote innovation and creativity in science and technology.",""
"18538137","Tan Kah Kee Young Inventors' Award","_Awards","Source","","Singapore Infopedia: Tan Kah Kee Young Inventors' Award (http://infopedia.nl.sg/articles/SIP_786_2004-12-14.html) | Tan Kah Kee Foundation: About Young Inventors' Award (https://singaporetkkf.com.sg/yia/) Retrieved 8 Aug 2024.",""
"18538137","Tan Kah Kee Young Inventors' Award","_Awards","Awarding Entity","","Tan Kah Kee Foundation",""
"18538137","Tan Kah Kee Young Inventors' Award","_Awards","Year First Awarded","","1986",""
"18538137","Tan Kah Kee Young Inventors' Award","_Awards","Wikidata URI","","http://www.wikidata.org/entity/Q111032677",""
"20600240","Techblazer Awards","_Awards","SN","","This award aims to provide recognition and endorsement to Singapore-based organisations that have exemplified the spirit of innovation in their development of tech products and services or their use of tech to achieve excellence. This award is a result of a merger of the National Infocomm Awards and the SiTF Awards.",""
"20600240","Techblazer Awards","_Awards","Source","","IMDA: Overview of Techblazer Awards (https://www.imda.gov.sg/-/media/imda/files/news-and-events/media-room/media-releases/2021/01/annex-b_sgd-techblazer-2020.pdf) Retrieved 5 Aug 2024.",""
"20600240","Techblazer Awards","_Awards","Awarding Entity","","Singapore. Info-communications Media Development Authority | SGTech",""
"20600240","Techblazer Awards","_Awards","Year First Awarded","","2018",""
"20600240","Techblazer Awards","_Awards","RT","18538088","National Infocomm Awards","_Awards"
"20600240","Techblazer Awards","_Awards","RT","18538130","SiTF Awards","_Awards"
"18341457","Total Defence Awards","_Awards","SN","","The Ministry of Defence introduced the Total Defence Awards to publicly recognise employers and civil resource owners who have been supportive of the National Service (NS) policies, their employees' NS activities and the total defence concept. It was revamped in 2015 to recognize NS advocates beyond businesses, to include educational institutions, families and community organisations as well as individuals.",""
"18341457","Total Defence Awards","_Awards","Source","","MINDEF: Fact Sheet - The Total Defence Awards (https://www.mindef.gov.sg/web/portal/mindef/news-and-events/latest-releases/article-detail/2017/october/05oct17_fs) Retrieved 18 Aug 2022.",""
"18341457","Total Defence Awards","_Awards","Awarding Entity","","Singapore. Ministry of Defence",""
"18341457","Total Defence Awards","_Awards","Year First Awarded","","1984",""
"18341457","Total Defence Awards","_Awards","ENGtoCHI","18501736","全面防卫奖","_Awards_CN"
"18341457","Total Defence Awards","_Awards","ENGtoMAY","15922645","Anugerah Pertahanan Negara","_Awards_MY"
"18341457","Total Defence Awards","_Awards","ENGtoTAM","18503704","முழுமைத் தற்காப்பு விருதுகள்","_Awards_TM"
"18755343","Tripartite Alliance Awards","_Awards","SN","","Recognises exemplary organisations that have effectively implemented fair, responsible and progressive employment practices. It is conferred by the tripartite partners: Ministry of Manpower, National Trades Union Congress and Singapore National Employers Federation. There are four categores or award: Fair and Progressive Employment Practices, Work-Life Excellence, Age Inclusive Practices and Responsible Best Sourcing.",""
"18755343","Tripartite Alliance Awards","_Awards","Source","","TAFEP: Tripartite Alliance Award (https://www.tal.sg/tafep/getting-started/exemplary/tripartite-alliance-award#) Retrieved 23 Aug 2022. | TAFEP: Press Releases, 14 Nov 2018: New Tripartite Alliance Award Recognises Employers Who Place People At The Heart Of Their Business (https://www.tal.sg/tafep/media/press-releases/2018/new-tripartite-alliance-award-recognises-employers-who-place-people-at-the-heart-of-their-business) Retrieved 23 Aug 2022.",""
"18755343","Tripartite Alliance Awards","_Awards","Awarding Entity","","Tripartite Alliance for Fair and Progressive Employment Practices",""
"18755343","Tripartite Alliance Awards","_Awards","Year First Awarded","","2018",""
"18755343","Tripartite Alliance Awards","_Awards","Predecessor","18538445","Tripartite Alliance for Fair Employment Practices Exemplary Employer Award","_Awards"
"18755343","Tripartite Alliance Awards","_Awards","Predecessor","18538144","Work-Life Excellence Awards","_Awards"
"18538445","Tripartite Alliance for Fair Employment Practices Exemplary Employer Award","_Awards","SN","","Started in 2010 and presented by Tripartite Alliance for Fair Employment Practices (TAFEP). Awards are given for outstanding improvement in fair employment practices, inclusive workplace culture, leadership in supporting fair employment practices, workplace for mature employees and workplace for women. It was replaced with the Tripartite Alliance Awards in 2018.",""
"18538445","Tripartite Alliance for Fair Employment Practices Exemplary Employer Award","_Awards","Source","","Celebrating Exemplary Employers Who Are Making A Mark In The Workplace: TAFEP Exemplary Employer Award 2012 (http://www.tafep.sg/assets/files/Publications/TAFEP%20Award%20Booklet%202012-online.pdf)",""
"18538445","Tripartite Alliance for Fair Employment Practices Exemplary Employer Award","_Awards","Awarding Entity","","Tripartite Alliance for Fair and Progressive Employment Practices",""
"18538445","Tripartite Alliance for Fair Employment Practices Exemplary Employer Award","_Awards","Year First Awarded","","2010",""
"18538445","Tripartite Alliance for Fair Employment Practices Exemplary Employer Award","_Awards","UF","18538581","TAFEP Exemplary Employer Award","_Awards"
"18538445","Tripartite Alliance for Fair Employment Practices Exemplary Employer Award","_Awards","Successor","18755343","Tripartite Alliance Awards","_Awards"
"18538465","TWB Brides' Choice Awards","_Awards","SN","","Conferred by The Wedding Bureau, a wedding portal and blog. The award recognises outstanding local wedding professionals. The winners are selected from ratings and feedback given by newlyweds.",""
"18538465","TWB Brides' Choice Awards","_Awards","Source","","The Wedding Bureau: Brides' Choice Awards 2013 (http://www.weddingbureau.com.sg/brides-choice-awards-2013)",""
"18538465","TWB Brides' Choice Awards","_Awards","Awarding Entity","","The Wedding Bureau",""
"18538465","TWB Brides' Choice Awards","_Awards","UF","18538565","The Wedding Bureau Brides' Choice Awards","_Awards"
"18341453","UOB Painting of the Year","_Awards","SN","","An annual art competition organised by the United Overseas Bank (UOB) since 1982 to promote greater interest in local arts and to recognise the best creative art works. It has since expanded to cover Indonesia, Malaysia and Thailand as well, and is one of the most recognised art competitions in Southeast Asia.",""
"18341453","UOB Painting of the Year","_Awards","Source","","UOB: UOB Painting of the Year (https://www.uobgroup.com/uobandart/uncovering-talent/uob-painting-of-the-year.html) Retrieved 17 Nov 2023. | 2023 UOB Painting of the Year (Singapore) Rules and Regulations (https://www.uobgroup.com/uobandart/documents/2023-uob-poy-rules-and-regulations-singapore.pdf) Retrieved 17 Nov 2023.",""
"18341453","UOB Painting of the Year","_Awards","Awarding Entity","","United Overseas Bank",""
"18341453","UOB Painting of the Year","_Awards","Year First Awarded","","1982",""
"18341453","UOB Painting of the Year","_Awards","ENGtoCHI","18501737","大华银行全国绘画比赛","_Awards_CN"
"18341453","UOB Painting of the Year","_Awards","ENGtoMAY","15922646","Hadiah Lukisan Tahunan UOB","_Awards_MY"
"18341453","UOB Painting of the Year","_Awards","ENGtoTAM","18503705","ஆண்டின் சிறந்த யூஒபி ஓவியம்","_Awards_TM"
"18538143","URA Architectural Heritage Awards","_Awards","SN","","Started in 1995 by the Urban Redevelopment Authority. The annual awards recognise well restored gazetted national monuments and conserved buildings in Singapore. It encourages higher conservation standards and enhances the intangible qualities of heritage buildings to create value for the community.",""
"18538143","URA Architectural Heritage Awards","_Awards","Source","","Urban Redevelopment Authority: Architectural Heritage Awards (https://www.ura.gov.sg/Corporate/Get-Involved/Conserve-Built-Heritage/Architectural-Heritage-Season/Architectural-Heritage-Awards) Retrieved 23 Aug 2022.",""
"18538143","URA Architectural Heritage Awards","_Awards","Awarding Entity","","Urban Redevelopment Authority (Singapore)",""
"18538143","URA Architectural Heritage Awards","_Awards","Year First Awarded","","1995",""
"18538513","USLA","_Awards","Use","18538441","SMU University Student Life Awards","_Awards"
"18538565","The Wedding Bureau Brides' Choice Awards","_Awards","Use","18538465","TWB Brides' Choice Awards","_Awards"
"18538144","Work-Life Excellence Awards","_Awards","SN","","The biennial awards are given by The Tripartite Committee on Work-Life Strategy. The awards recognise individuals and employers who successfully promote and contribute to work life harmony. It was absorbed into the Tripartite Alliance Awards in 2018.",""
"18538144","Work-Life Excellence Awards","_Awards","Source","","Work-Life Excellence Award 2014: Recognising Great Employers (http://www.wleaward.com.sg/Pages/default.aspx)",""
"18538144","Work-Life Excellence Awards","_Awards","Awarding Entity","","Tripartite Committee on Work-Life Strategy",""
"18538144","Work-Life Excellence Awards","_Awards","Successor","18755343","Tripartite Alliance Awards","_Awards"
"18538144","Work-Life Excellence Awards","_Awards","Predecessor","19987878","Singapore Family Friendly Employer Award","_Awards"
"18538468","Workplace Partnership Award","_Awards","SN","","Started in 2014 and presented by the National Trades Union Congress (NTUC). The awards recognise unions and companies that are committed to institutionalise favourable labour-management relations using the Ong Teng Cheong Labour Leadership Institute’s (OTC Institute) programmes.",""
"18538468","Workplace Partnership Award","_Awards","Source","","Today, 16 Nov 2013: NTUC presents new award for good labour-management relations (http://www.todayonline.com/singapore/ntuc-presents-new-award-good-labour-management-relations)",""
"18538468","Workplace Partnership Award","_Awards","Awarding Entity","","National Trades Union Congress",""
"18538468","Workplace Partnership Award","_Awards","Year First Awarded","","2013",""
"18538453","Workplace Safety and Health Awards","_Awards","SN","","Presented by the Workplace Safety and Health Council and supported by the Ministry of Manpower, the annual awards recognise individuals and organisations who have achieved excellence in workplace safety and health.",""
"18538453","Workplace Safety and Health Awards","_Awards","Source","","WSH Council: WSH Awards 2014 (https://www.wshc.sg/wps/portal/wshAwards?openMenu=0)",""
"18538453","Workplace Safety and Health Awards","_Awards","Awarding Entity","","Singapore. Workplace Safety and Health Council",""
"18538453","Workplace Safety and Health Awards","_Awards","UF","18538518","WSH Awards","_Awards"
"18538518","WSH Awards","_Awards","Use","18538453","Workplace Safety and Health Awards","_Awards"
"18538512","YAA","_Awards","Use","18538439","Singapore Young Author Award","_Awards"
"18341454","Young Artist Award","_Awards","SN","","The Young Artist Award was introduced in 1992 to encourage the development of young artistic talents in Singapore. The award is accorded to young artists who have shown promise of artistic excellence in their respective artistic fields. In response to the increasingly overlapping boundaries of arts practices and disciplines, the Young Artist Award now recognises artistic excellence in new areas such as multi-media art, technical theatre and pop music. These new areas will be combined with the previous genres of art, music, theatre, photography, dance, literature and film to form four broad categories for nominations, namely literary arts, performing arts, visual arts and film.",""
"18341454","Young Artist Award","_Awards","Source","","http://www.nac.gov.sg/awa/awa03.asp | 联合早报 (Lianhe Zaobao), 25 November 2021: 2021青年艺术奖得主 搭建与社区的桥梁 (https://www.zaobao.com.sg/lifestyle/culture/story20211125-1216859) Retrieved 17 Nov 2023.",""
"18341454","Young Artist Award","_Awards","Awarding Entity","","National Arts Council (Singapore)",""
"18341454","Young Artist Award","_Awards","Year First Awarded","","1992",""
"18341454","Young Artist Award","_Awards","ENGtoCHI","18501738","青年艺术奖","_Awards_CN"
"18341454","Young Artist Award","_Awards","ENGtoMAY","15922647","Anugerah Artis Muda","_Awards_MY"
"18341454","Young Artist Award","_Awards","ENGtoTAM","18503706","இளம் கலைஞர் விருது","_Awards_TM"
"18538145","Young Scientist Awards","_Awards","SN","","Started in 1997 and presented by the Singapore National Academy of Science (SNAS) and supported by the Agency for Science, Technology & Research (A*STAR). The annual awards recognise and honour outstanding scientists based in Singapore below the age of 35 with exceptional potential to be world-class researchers in their field of expertise.",""
"18538145","Young Scientist Awards","_Awards","Source","","Singapore National Academy of Science: Introduction (https://snas.org.sg/young-scientist-award/)",""
"18538145","Young Scientist Awards","_Awards","Awarding Entity","","Singapore National Academy of Science",""
"18538145","Young Scientist Awards","_Awards","Year First Awarded","","1997",""
"18503699","அதிபரின் வடிவமைப்பு விருது","_Awards_TM","TAMtoENG","18341460","President's Design Award","_Awards"
"18503691","ஆசிய தொலைக்காட்சி விருதுகள்","_Awards_TM","TAMtoENG","18341462","Asian Television Awards","_Awards"
"18503690","ஆசிய படிம அப்போலோ விருதுகள்","_Awards_TM","TAMtoENG","18341461","Asia Image Apollo Awards","_Awards"
"18503705","ஆண்டின் சிறந்த யூஒபி ஓவியம்","_Awards_TM","TAMtoENG","18341453","UOB Painting of the Year","_Awards"
"18503706","இளம் கலைஞர் விருது","_Awards_TM","TAMtoENG","18341454","Young Artist Award","_Awards"
"18503697","உடல் திறனுக்கான தேசிய விருது","_Awards_TM","TAMtoENG","18341455","National Physical Fitness Award","_Awards"
"18503693","கலாச்சாரப் பதக்கம்","_Awards_TM","TAMtoENG","18341444","Cultural Medallion","_Awards"
"18503698","கலைகளின் காப்பாளருக்கான விருதுகள்","_Awards_TM","TAMtoENG","18341449","Patron of the Arts Awards","_Awards"
"18503702","சிங்கப்பூர் ஆரோக்கிய விருது","_Awards_TM","TAMtoENG","18341456","Singapore HEALTH Award","_Awards"
"18503703","சிங்கப்பூர் இலக்கியப் பரிசு","_Awards_TM","TAMtoENG","18341452","Singapore Literature Prize","_Awards"
"18503696","சிங்கப்பூர் தேசிய புத்தக மேம்பாட்டு மன்ற புத்தக விருதுகள்","_Awards_TM","TAMtoENG","18341463","National Book Development Council of Singapore Book Awards","_Awards"
"18503700","சிவப்புப் புள்ளி விருது","_Awards_TM","TAMtoENG","18341459","Red Dot Award","_Awards"
"18503694","தங்கப் புள்ளி விருதுகள்","_Awards_TM","TAMtoENG","18341445","Golden Point Awards","_Awards"
"18503695","தேசிய கலைகள் கல்வி விருதுகள்","_Awards_TM","TAMtoENG","18341448","National Arts Education Award","_Awards"
"18503704","முழுமைத் தற்காப்பு விருதுகள்","_Awards_TM","TAMtoENG","18341457","Total Defence Awards","_Awards"
"18503701","வெள்ளித்திரை விருதுகள்","_Awards_TM","TAMtoENG","18341450","Silver Screen Awards","_Awards"
"18501722","亚洲形象阿波罗奖项","_Awards_CN","CHItoENG","18341461","Asia Image Apollo Awards","_Awards"
"18501723","亚洲电视大奖","_Awards_CN","CHItoENG","18341462","Asian Television Awards","_Awards"
"18501729","全国体能奖","_Awards_CN","CHItoENG","18341455","National Physical Fitness Award","_Awards"
"18501727","全国艺术教育奖","_Awards_CN","CHItoENG","18341448","National Arts Education Award","_Awards"
"18501736","全面防卫奖","_Awards_CN","CHItoENG","18341457","Total Defence Awards","_Awards"
"18501737","大华银行全国绘画比赛","_Awards_CN","CHItoENG","18341453","UOB Painting of the Year","_Awards"
"18501731","总统设计奖","_Awards_CN","CHItoENG","18341460","President's Design Award","_Awards"
"18501725","文化奖","_Awards_CN","CHItoENG","18341444","Cultural Medallion","_Awards"
"18501734","新加坡保健奖","_Awards_CN","CHItoENG","18341456","Singapore HEALTH Award","_Awards"
"18501728","新加坡全国书籍发展理事会书籍奖","_Awards_CN","CHItoENG","18341463","National Book Development Council of Singapore Book Awards","_Awards"
"20011737","新加坡华族文化贡献奖","_Awards_CN","CHItoENG","20011735","Singapore Chinese Cultural Contribution Award","_Awards"
"18501735","新加坡文学奖","_Awards_CN","CHItoENG","18341452","Singapore Literature Prize","_Awards"
"20600302","新加坡金曲奖","_Awards_CN","CHItoENG","18538431","Singapore Hit Awards","_Awards"
"18501724","“珍惜“学校保健促进奖","_Awards_CN","CHItoENG","18341443","CHERISH Award","_Awards"
"18501732","红点大奖","_Awards_CN","CHItoENG","18341459","Red Dot Award","_Awards"
"18501730","艺术赞助奖","_Awards_CN","CHItoENG","18341449","Patron of the Arts Awards","_Awards"
"18501726","金笔奖","_Awards_CN","CHItoENG","18341445","Golden Point Awards","_Awards"
"18501733","银幕大奖","_Awards_CN","CHItoENG","18341450","Silver Screen Awards","_Awards"
"18501738","青年艺术奖","_Awards_CN","CHItoENG","18341454","Young Artist Award","_Awards"
