"Key UID","Key Descriptor","Key Vocabulary","Relationship Type","Related UID","Related Descriptor","Related Vocabulary"
"18341795","24-Hour Playwriting Competition","_Events","SN","","Annual playwriting competition for amateur dramatists first held in 1996. Held over a period of 24 hours, participants have to write a completely new play at a specific site (digital and physical), and are also provided a series of stimuli throughout the competition.",""
"18341795","24-Hour Playwriting Competition","_Events","Source","","T:>Works - 24-Hour Playwriting Competition (https://tworksasia.org/24-hour-playwriting-competition/) Retrieved 19 Jan 2024. | 联合早报 - “砸窗战略II”将展演24小时创作获奖剧本 (https://www.zaobao.com.sg/lifestyle/culture/story20220212-1241883) Retrieved 19 Jan 2024.",""
"18341795","24-Hour Playwriting Competition","_Events","Organiser","","Theatreworks (Singapore) | T:>Works",""
"18341795","24-Hour Playwriting Competition","_Events","ENGtoCHI","18503362","24小时剧本创作比赛","_Events_CN"
"18341795","24-Hour Playwriting Competition","_Events","ENGtoMAY","20614491","Pertandingan menulis cereka 24 Jam","_Events_MY"
"18341795","24-Hour Playwriting Competition","_Events","ENGtoTAM","18503708","24 மணி நேர நாடகம் எழுதும் போட்டி","_Events_TM"
"18503708","24 மணி நேர நாடகம் எழுதும் போட்டி","_Events_TM","TAMtoENG","18341795","24-Hour Playwriting Competition","_Events"
"18503362","24小时剧本创作比赛","_Events_CN","CHItoENG","18341795","24-Hour Playwriting Competition","_Events"
"18341745","3DX: 3D Film & Entertainment Technology Festival","_Events","SN","","The first-ever festival of its kind dedicated to stereoscopic 3D content and technologies. The five-day festival held from 19 to 23 November 2008 comprises of forums featuring international speakers and screenings of 3D films for the public.",""
"18341745","3DX: 3D Film & Entertainment Technology Festival","_Events","Year","","2008",""
"18341745","3DX: 3D Film & Entertainment Technology Festival","_Events","Month","","11",""
"18341745","3DX: 3D Film & Entertainment Technology Festival","_Events","Source","","Infocomm Media Development Authority: Singapore hosts world's first fully 3-D based Film Festival (https://www.imda.gov.sg/resources/press-releases-factsheets-and-speeches/archived/mda/press-releases/2008/singapore-hosts-worlds-first-fully-3d-based-film-festival) Retrieved 19 Jan 2024. | Infocomm Media Development Authority: Singapore hosts 3DX Festival (https://www.imda.gov.sg/resources/press-releases-factsheets-and-speeches/archived/mda/press-releases/2008/singapore-hosts-3dx-festival) Retrieved 19 Jan 2024. | YouTube: 3DX Film Festival Singapore 2008 (https://youtu.be/xP-qyaWbf5g?si=4QionVmNpZ6emFaC) Retrieved 19 Jan 2024. | The Straits Times, 20 November 2008, page 25: $10m to boost 3-D industry in S'pore (https://eresources.nlb.gov.sg/newspapers/digitised/article/straitstimes20081120-1.2.34.4) Retrieved 19 Jan 2024. | 美通社: 新加坡举办全球首届全 3-D 电影节 (https://www.prnasia.com/story/10210-1.shtml) Retrieved 19 Jan 2024. | 联合早报 (Lianhe Zaobao), 9 June 2008, Page 21: 三维电影重新掀起热潮 (https://eresources.nlb.gov.sg/newspapers/digitised/article/lhzb20080609-1.2.36.3.1) Retrieved 19 Jan 2024.",""
"18341745","3DX: 3D Film & Entertainment Technology Festival","_Events","Organiser","","Singapore. Media Development Authority | Chabin Partners",""
"18341745","3DX: 3D Film & Entertainment Technology Festival","_Events","UF","19991293","3DX: 3D Film and Entertainment Technology Festival","_Events"
"18341745","3DX: 3D Film & Entertainment Technology Festival","_Events","UF","19991294","3DX Film Festival","_Events"
"18341745","3DX: 3D Film & Entertainment Technology Festival","_Events","ENGtoCHI","18503363","国际三维电影与娱乐科技节","_Events_CN"
"18341745","3DX: 3D Film & Entertainment Technology Festival","_Events","ENGtoMAY","20614511","Pesta Filem 3DX","_Events_MY"
"18341745","3DX: 3D Film & Entertainment Technology Festival","_Events","ENGtoTAM","18503709","3DX திரைப்பட விழா","_Events_TM"
"19991293","3DX: 3D Film and Entertainment Technology Festival","_Events","Use","18341745","3DX: 3D Film & Entertainment Technology Festival","_Events"
"19991294","3DX Film Festival","_Events","Use","18341745","3DX: 3D Film & Entertainment Technology Festival","_Events"
"18503709","3DX திரைப்பட விழா","_Events_TM","TAMtoENG","18341745","3DX: 3D Film & Entertainment Technology Festival","_Events"
"18341707","adidas Sundown Marathon","_Events","Use","18341706","Sundown Marathon","_Events"
"19991299","AFA","_Events","Use","18514190","Anime Festival Asia","_Events"
"18341785","AFC Cup (Football tournament)","_Events","SN","","Annual international club competition between football clubs under the Asian Football Confederation (AFC) that did not receive direct qualifying slots to the top-tier AFC Champions League. It began in 2004.",""
"18341785","AFC Cup (Football tournament)","_Events","Source","","Wikipedia: AFC Cup (https://en.wikipedia.org/wiki/AFC_Cup)",""
"18341785","AFC Cup (Football tournament)","_Events","Organiser","","Asian Football Confederation",""
"18341785","AFC Cup (Football tournament)","_Events","Wikidata URI","","http://www.wikidata.org/entity/Q291808",""
"18341785","AFC Cup (Football tournament)","_Events","ENGtoCHI","18503364","亚洲足协杯 (足球赛)","_Events_CN"
"18341785","AFC Cup (Football tournament)","_Events","ENGtoMAY","18722247","Piala AFC (Perlawanan bola sepak)","_Events_MY"
"18341785","AFC Cup (Football tournament)","_Events","ENGtoTAM","18503710","AFC கோப்பை (காற்பந்தாட்டத் தொடர் போட்டி)","_Events_TM"
"18503710","AFC கோப்பை (காற்பந்தாட்டத் தொடர் போட்டி)","_Events_TM","TAMtoENG","18341785","AFC Cup (Football tournament)","_Events"
"18341594","All Souls' Day","_Events","SN","","A festival in some Christian churches with prayers for the souls of the dead, held on 2 November.",""
"18341594","All Souls' Day","_Events","Month","","11",""
"18341594","All Souls' Day","_Events","Day","","02",""
"18341594","All Souls' Day","_Events","Source","","Oxford English Dictionary (https://www.oed.com/) Retrieved 19 Jan 2024.",""
"18341594","All Souls' Day","_Events","Wikidata URI","","http://www.wikidata.org/entity/Q1033140",""
"18341594","All Souls' Day","_Events","ENGtoCHI","18503365","万灵节","_Events_CN"
"18341594","All Souls' Day","_Events","ENGtoMAY","20614437","Hari Roh","_Events_MY"
"18341594","All Souls' Day","_Events","ENGtoTAM","18503711","அனைத்து ஆன்மாக்கள் தினம்","_Events_TM"
"18341714","Amore Women's Day Out","_Events","Use","18341713","Women's Day Out","_Events"
"18341739","Animation Nation","_Events","SN","","Animated film festival that started in 2004 showcasing animated films from around the world and featuring animation workshops.",""
"18341739","Animation Nation","_Events","Source","","Singapore Film Society: Animation Nation (https://www.singaporefilmsociety.com/animation-nation) Retrieved 19 Jan 2024. | Wikipedia: Animation Nation (https://en.wikipedia.org/wiki/Animation_Nation) Retrieved 19 Jan 2024. | 联合早报, 2004年6月24日, 第40版: “2004年动画世界”推出40部动画片 (https://eresources.nlb.gov.sg/newspapers/digitised/article/lhzb20040624-1.2.68.4) Retrieved 19 Jan 2024. | 联合早报, 2010年12月1日, 第5版: Animation Nation 2010 动画佳片与你有约 (https://eresources.nlb.gov.sg/newspapers/digitised/article/lhzb20101201-1.2.36.6.4.2) Retrieved 19 Jan 2024.",""
"18341739","Animation Nation","_Events","Organiser","","Singapore Film Society",""
"18341739","Animation Nation","_Events","Wikidata URI","","http://www.wikidata.org/entity/Q4765094",""
"18341739","Animation Nation","_Events","ENGtoCHI","18503366","动画世界","_Events_CN"
"18341739","Animation Nation","_Events","ENGtoMAY","20614474","Negara Animasi","_Events_MY"
"18341739","Animation Nation","_Events","ENGtoTAM","18503712","அசைப்பட தேசம்","_Events_TM"
"18514190","Anime Festival Asia","_Events","SN","","Series of anime conventions held in the Southeast Asian region, with a core annual convention held in Singapore. It targeted at both consumers and business organisations in the anime and manga industry. It was started in 2008 and has continued to evolve its programming approach to engage local and regional fans of anime and Japanese popular culture. Among its main organisers are SOZO.",""
"18514190","Anime Festival Asia","_Events","Source","","Anime Festival Asia (https://animefestival.asia/) Retrieved 19 Jan 2024. | Wikipedia: Anime Festival Asia (https://en.wikipedia.org/wiki/Anime_Festival_Asia) Retrieved 19 Jan 2024. | 畅游行: 漫迷朋友翘首期盼 2022新加坡亚洲动漫节11月劲爆回归！(https://travellutionmedia.com/news/afasg22/) Retrieved 19 Jan 2024.",""
"18514190","Anime Festival Asia","_Events","Wikidata URI","","http://www.wikidata.org/entity/Q4765143",""
"18514190","Anime Festival Asia","_Events","UF","19991299","AFA","_Events"
"18514190","Anime Festival Asia","_Events","ENGtoCHI","18722246","亚洲动漫节","_Events_CN"
"18341550","Anlene Orchard Mile","_Events","SN","","The Anlene Orchard Mile was Singapore's first ever women-only running event to be held on Orchard Road in 2007. The event was inspired by successful mile events around the world, including the prestigious Continental Airlines Fifth Avenue Mile in New York and the Sports Relief Mile which attracts over 10,000 runners and walkers to 15 events across England.",""
"18341550","Anlene Orchard Mile","_Events","Month","","06",""
"18341550","Anlene Orchard Mile","_Events","Source","","Wikipedia: Anlene Orchard Mile (https://en.wikipedia.org/wiki/Anlene_Orchard_Mile) Retrieved 19 Jan 2024. | Womensportreport.com: Anlene Orchard Mile Gets Women Moving in Inaugural Running Event on Orchard Road (https://www.womensportreport.com/anlene-orchard-mile-gets-women/wn/11362) Retrieved 19 Jan 2024. | The Straits Times, 11 June 2007, page 32: Orchard Road race for women attracts 4,000 (https://eresources.nlb.gov.sg/newspapers/digitised/article/straitstimes20070611-1.2.50.15) Retrieved 19 Jan 2024. | 联合早报, 2007年6月9日, 第10版: 明早乌节公路赛部分道路暂关闭 (https://eresources.nlb.gov.sg/newspapers/digitised/article/lhzb20070609-1.2.17.13) Retrieved 19 Jan 2024.",""
"18341550","Anlene Orchard Mile","_Events","Organiser","","Sporting Spectrum Pte Ltd",""
"18341550","Anlene Orchard Mile","_Events","Wikidata URI","","http://www.wikidata.org/entity/Q4766135",""
"18341550","Anlene Orchard Mile","_Events","ENGtoCHI","18503367","安怡乌节一英里公路赛","_Events_CN"
"18341550","Anlene Orchard Mile","_Events","ENGtoMAY","20614460","Larian Orchard Anlene","_Events_MY"
"18341550","Anlene Orchard Mile","_Events","ENGtoTAM","18503713","ஆன்லீன் ஆர்ச்சர்ட் மைல்","_Events_TM"
"18341777","Art Against AIDS","_Events","SN","","Biennial art competition debuted in 1996 that aims to raise awareness and prevention of HIV/AIDS. The competition also encourages community participation, particularly among the youth.",""
"18341777","Art Against AIDS","_Events","Source","","(A Nutshell) Review: Art Against AIDS 2011 (https://anutshellreview.blogspot.com/2011/06/art-against-aids-2011.html) Retrieved 19 Jan 2024. | The Straits Times, 21 November 2009, page 120: Erasing Aids stigma, photo by photo (https://eresources.nlb.gov.sg/newspapers/digitised/article/straitstimes20091121-1.2.108.2.1) Retrieved 19 Jan 2024. | 联合早报 (Lianhe Zaobao), 14 October 2002, Page 25: 钱不够用 爱之病人与时间赛跑 (https://eresources.nlb.gov.sg/newspapers/digitised/article/lhzb20021014-1.2.42.1) Retrieved 19 Jan 2024.",""
"18341777","Art Against AIDS","_Events","Organiser","","Action for AIDS",""
"18341777","Art Against AIDS","_Events","ENGtoCHI","18503368","""画抗爱之病""美术比赛","_Events_CN"
"18341777","Art Against AIDS","_Events","ENGtoMAY","20614565","Seni Menentang Aids","_Events_MY"
"18341777","Art Against AIDS","_Events","ENGtoTAM","18503714","எய்ட்ஸுக்கு எதிரான கலை","_Events_TM"
"18341671","ARTSingapore","_Events","SN","","ARTSingapore is a contemporary art fair held annually in Asia that was started in 2000. It provides the platform where gallery owners, collectors, artists and art aficionados gather to forge business alliance, acquire new contemporary artworks, share ideas and exchange information. It was first organised by Art Galleries Association of Singapore and subsequently by ARTREACH Pte Ltd.",""
"18341671","ARTSingapore","_Events","Source","","artinasia.com: ARTSingapore (http://www.artinasia.com/institutionsDetail.php?catID=0&galleryID=1004) Retrieved 19 Jan 2024. | The Straits Times, 19 April 2000, page 8: Galleries to get a fair go in arts scene (https://eresources.nlb.gov.sg/newspapers/digitised/article/straitstimes20000419-1.2.111.2.8) Retrieved 19 Jan 2024. | The Straits Times, 7 September 2006, page 2: A fair exchange (https://eresources.nlb.gov.sg/newspapers/digitised/article/straitstimes20060907-1.2.91.2.1) Retrieved 19 Jan 2024. | 联合早报 (Lianhe Zaobao), 30 April 2001, Page 31: 2001新加坡艺术博览会 亚洲美术的盛会 (https://eresources.nlb.gov.sg/newspapers/digitised/article/lhzb20010430-1.2.77.1) Retrieved 19 Jan 2024. | 联合早报, 2010年11月16日, 第1版: 艺术化博览会越来越多 本地将成重要艺术市场？(https://eresources.nlb.gov.sg/newspapers/digitised/article/lhzb20101116-1.2.31.1) Retrieved 19 Jan 2024.",""
"18341671","ARTSingapore","_Events","Organiser","","Art Galleries Association Singapore | Artreach Pte Ltd. (Singapore)",""
"18341671","ARTSingapore","_Events","ENGtoCHI","18503369","新加坡艺术博览会","_Events_CN"
"18341671","ARTSingapore","_Events","ENGtoMAY","20614404","ARTSingapore","_Events_MY"
"18341671","ARTSingapore","_Events","ENGtoTAM","18503715","கலை சிங்கப்பூர்","_Events_TM"
"20614404","ARTSingapore","_Events_MY","MAYtoENG","18341671","ARTSingapore","_Events"
"18341673","ASEAN+3 Youth Festival","_Events","SN","","An event where youth leaders from the ASEAN member countries, China, Japan, and South Korea interact with their peers through various activities so as to better understand one another and be seen as one, working hand in hand for a common cause, a common goal, a common vision, and a better future. The inaugural ASEAN+3 Youth Festival was held in Singapore in 2008.",""
"18341673","ASEAN+3 Youth Festival","_Events","Year","","2008",""
"18341673","ASEAN+3 Youth Festival","_Events","Month","","07",""
"18341673","ASEAN+3 Youth Festival","_Events","Source","","Youthpolicy.org - Asia-Pacific: Cooperation Mechanisms (https://www.youthpolicy.org/mappings/regionalyouthscenes/asia-pacific/actors/mechanisms/) Retrieved 19 Jan 2024. | Today, 30 July 2008, page 4: First ASEAN+3 Youth Festival opens (https://eresources.nlb.gov.sg/newspapers/digitised/article/today20080730-1.2.6.5.3) Retrieved 19 Jan 2024. | 联合早报, 2008年7月23日, 第8版: 第三届东亚周明天至下月3日举行 (https://eresources.nlb.gov.sg/newspapers/digitised/article/lhzb20080723-1.2.13.9) Retrieved 19 Jan 2024.",""
"18341673","ASEAN+3 Youth Festival","_Events","ENGtoCHI","18503370","亚细安加三青年节","_Events_CN"
"18341673","ASEAN+3 Youth Festival","_Events","ENGtoMAY","20614499","Pesta Belia ASEAN+3","_Events_MY"
"18341673","ASEAN+3 Youth Festival","_Events","ENGtoTAM","18503716","ஆசியான் +3 இளையர் விழா","_Events_TM"
"18341750","Asia Animation Conference","_Events","SN","","A platform for animation creators, producers and distributors to meet with each other. It also provides the opportunity for industry players to share expertise and be updated on the latest trends and developments. Part of the Asia Media Festival, the first conference was held at Sentosa in Singapore during the Asia Television Forum 2001.",""
"18341750","Asia Animation Conference","_Events","Source","","AnimeCons.com: Asia Animation 2003 (https://animecons.com/events/info/9995/asia-animation-2003) Retrieved 22 Jan 2024. | Infocomm Media Development Authority: Singapore to Establish Strong Presence at Asia Television Forum 2001 and Asia Animation 2001 (https://www.imda.gov.sg/resources/press-releases-factsheets-and-speeches/archived/mda/press-releases/2001/singapore-to-establish-strong-presence-at-asia-television-forum-2001-and-asia-animation-2001) Retrieved 22 Jan 2024. | The Straits Times, 10 December 2001, page 3: Asia gets animated in Singapore (https://eresources.nlb.gov.sg/newspapers/digitised/article/straitstimes20011210-1.2.59.2.1) Retrieved 22 Jan 2024. | The Straits Times, 14 November 2005, page 10: Conferences at a glance (https://eresources.nlb.gov.sg/newspapers/digitised/article/straitstimes20051114-1.2.67.3.9) Retrieved 22 Jan 2024. | The Straits Times, 9 December 2006, page 2: $73m worth of deals at Asia Media Fest (https://eresources.nlb.gov.sg/newspapers/digitised/article/straitstimes20061209-1.2.141.2.2) Retrieved 22 Jan 2024. | 联合早报, 2007年11月1日, 第17版: 媒发局总裁谢德谦： 我国可发展为媒体融资枢纽 (https://eresources.nlb.gov.sg/newspapers/digitised/article/lhzb20071101-1.2.28.4) Retrieved 22 Jan 2024.",""
"18341750","Asia Animation Conference","_Events","Organiser","","Reed Exhibitions (Firm)",""
"18341750","Asia Animation Conference","_Events","BT","18341747","Asia Media Festival","_Events"
"18341750","Asia Animation Conference","_Events","ENGtoCHI","18503371","亚洲动画大会","_Events_CN"
"18341750","Asia Animation Conference","_Events","ENGtoMAY","20614488","Persidangan Animasi Asia","_Events_MY"
"18341750","Asia Animation Conference","_Events","ENGtoTAM","18503717","ஆசிய அசைப்பட மாநாடு","_Events_TM"
"18341755","Asia Factual Forum","_Events","SN","","A networking and development event for the television industry to highlight factual and documentaries from Asia, and to build relations between factual content creators, international television producers and broadcasters. as well as commissioning editors. It was part of the Asia Media Festival.",""
"18341755","Asia Factual Forum","_Events","Year","","2007",""
"18341755","Asia Factual Forum","_Events","Source","","Internet Archive: Asia Factual Forum (https://web.archive.org/web/20071217170354/http://www.asiafactualforum.com/) Retrieved 22 Jan 2024. | Infocomm Media Development Authority: Asia Media Festival 2007 Poised To Exceed Expectations (https://www.imda.gov.sg/resources/press-releases-factsheets-and-speeches/archived/mda/press-releases/2007/asia-media-festival-2007-poised-to-exceed-expectations) Retrieved 22 Jan 2024. | Sinema: Asia Factual Forum opens registration (https://www.sinema.sg/2008/04/12/asia-factual-forum-opens-registration/) Retrieved 22 Jan 2024. | 联合早报, 2007年11月1日, 第17版: 媒发局总裁谢德谦： 我国可发展为媒体融资枢纽 (https://eresources.nlb.gov.sg/newspapers/digitised/article/lhzb20071101-1.2.28.4) Retrieved 22 Jan 2024.",""
"18341755","Asia Factual Forum","_Events","Organiser","","Association of Independent Producers (Singapore) | Ballinran Productions",""
"18341755","Asia Factual Forum","_Events","BT","18341747","Asia Media Festival","_Events"
"18341755","Asia Factual Forum","_Events","ENGtoCHI","18503372","亚洲纪录片论坛","_Events_CN"
"18341755","Asia Factual Forum","_Events","ENGtoMAY","20614421","Forum Nyata Asia","_Events_MY"
"18341755","Asia Factual Forum","_Events","ENGtoTAM","18503718","ஆசிய மெய்நிகழ்ச்சி சார்ந்த பொது மன்றம்","_Events_TM"
"18341749","Asia Film Market and Conference","_Events","SN","","An event for international film sellers to meet Asian buyers and production companies. An anchor trade event of the Asia Media Festival, it was inaugurated in 2002.",""
"18341749","Asia Film Market and Conference","_Events","Source","","Infocomm Media Development Authority: Singapore's Strong Presence at Asia Television Forum, Asia Animation and Asia Film Market and Conference (https://www.imda.gov.sg/resources/press-releases-factsheets-and-speeches/archived/mda/press-releases/2002/singapores-strong-presence-at-asia-television-forum-asia-animation-and-asia-film-market-and-conference) Retrieved 22 Jan 2024. | Streats, 13 December 2004, page 26: $34m of deals at media forum (https://eresources.nlb.gov.sg/newspapers/digitised/article/streats20041213-1.2.30.2.2) Retrieved 22 Jan 2024. | SG Translate (https://www.sgtranslatetogether.gov.sg/translate) Retrieved 22 Jan 2024.",""
"18341749","Asia Film Market and Conference","_Events","Organiser","","Reed Exhibitions (Firm)",""
"18341749","Asia Film Market and Conference","_Events","BT","18341747","Asia Media Festival","_Events"
"18341749","Asia Film Market and Conference","_Events","ENGtoCHI","18503373","亚洲电影市场与会议","_Events_CN"
"18341749","Asia Film Market and Conference","_Events","ENGtoMAY","20614481","Pasaran Filem Asia Dan Persidangan","_Events_MY"
"18341749","Asia Film Market and Conference","_Events","ENGtoTAM","18503719","ஆசிய திரைப்பட சந்தை மற்றும் மாநாடு","_Events_TM"
"18341747","Asia Media Festival","_Events","SN","","Annual media fiesta comprising events for both trade professionals and consumers. Hosted by the Media Development Authority Singapore (MDA), the Festival offers opportunities for the media industry to share best practices, forge strong business networks and foster international collaborations. Inaugurated in 2002, anchor trade events of the festival include Asia Television Forum and Asia Film Market and Conference.",""
"18341747","Asia Media Festival","_Events","Year","","2002",""
"18341747","Asia Media Festival","_Events","Source","","Internet Archive: Asia Media Festival (https://web.archive.org/web/20031203142203/http://www.asiamediafestival.com/about_amf.htm) Retrieved 22 Jan 2024. | The Straits Times, 27 November 2003, page 6: See the magic of media (https://eresources.nlb.gov.sg/newspapers/digitised/article/straitstimes20031127-1.2.69.9) Retrieved 22 Jan 2024. | Infocomm Media Development Authority: Asia Media Festival 2006 sets five-year record (https://www.imda.gov.sg/resources/press-releases-factsheets-and-speeches/archived/mda/press-releases/2006/asia-media-festival-2006-sets-fiveyear-record) Retrieved 22 Jan 2024. | 联合早报, 2007年11月1日, 第17版: 媒发局总裁谢德谦： 我国可发展为媒体融资枢纽 (https://eresources.nlb.gov.sg/newspapers/digitised/article/lhzb20071101-1.2.28.4) Retrieved 22 Jan 2024.",""
"18341747","Asia Media Festival","_Events","Organiser","","Reed Exhibitions (Firm)",""
"18341747","Asia Media Festival","_Events","NT","18341750","Asia Animation Conference","_Events"
"18341747","Asia Media Festival","_Events","NT","18341755","Asia Factual Forum","_Events"
"18341747","Asia Media Festival","_Events","NT","18341749","Asia Film Market and Conference","_Events"
"18341747","Asia Media Festival","_Events","NT","18341748","Asia Television Forum","_Events"
"18341747","Asia Media Festival","_Events","NT","18341753","Asian Festival of First Films","_Events"
"18341747","Asia Media Festival","_Events","NT","18341751","Media Financing Forum","_Events"
"18341747","Asia Media Festival","_Events","RT","18341759","Intel Action Film Fest","_Events"
"18341747","Asia Media Festival","_Events","ENGtoCHI","18503374","亚洲媒体节","_Events_CN"
"18341747","Asia Media Festival","_Events","ENGtoMAY","20614538","Pesta Media Asia","_Events_MY"
"18341747","Asia Media Festival","_Events","ENGtoTAM","18503720","ஆசிய ஊடக விழா","_Events_TM"
"18341802","Asia Property Show","_Events","SN","","Annual showcase of commercial real estate in the Asia Pacific region that provides a platform for both international and Asian players to meet, network, and negotiate.",""
"18341802","Asia Property Show","_Events","Source","","Internet Archive: Asia Property Show (https://web.archive.org/web/20060613073241/http://www.asiapropertyshow.com/) Retrieved 22 Jan 2024.",""
"18341802","Asia Property Show","_Events","Organiser","","JSP Pictures",""
"18341802","Asia Property Show","_Events","ENGtoMAY","20614495","Pertunjukan Hartanah Asia","_Events_MY"
"18341802","Asia Property Show","_Events","ENGtoTAM","18503721","ஆசிய சொத்துரிமைக் காட்சி","_Events_TM"
"18341748","Asia Television Forum","_Events","SN","","Annual event for international television programme sellers to meet Asian buyers and partners. Inaugurated in 2000, it is one of the anchor events for the Asia Media Festival.",""
"18341748","Asia Television Forum","_Events","Source","","Internet Archive: Asia Media Festival Events (https://web.archive.org/web/20031203152125/http://www.asiamediafestival.com/events.htm) Retrieved 22 Jan 2024. | Asia Research News: Asia Television Forum (ATF) (https://www.asiaresearchnews.com/html/calendar.php/eid/2306/cid/2/research/technology/administrator_account/asia_television_forum_%28atf%29.html) Retrieved 22 Jan 2024. | Today, 6 December 2000, page 4: Relax, talk, buy or sell (https://eresources.nlb.gov.sg/newspapers/digitised/article/today20001206-1.2.4.6) Retrieved 22 Jan 2024. | 联合早报, 2000年12月6日, 第 14版: 亚洲电视论坛今起我国举行 (https://eresources.nlb.gov.sg/newspapers/digitised/article/lhzb20001206-1.2.23.5) Retrieved 22 Jan 2024.",""
"18341748","Asia Television Forum","_Events","Organiser","","Reed Exhibitions (Firm)",""
"18341748","Asia Television Forum","_Events","BT","18341747","Asia Media Festival","_Events"
"18341748","Asia Television Forum","_Events","ENGtoCHI","18503376","亚洲电视论坛","_Events_CN"
"18341748","Asia Television Forum","_Events","ENGtoMAY","20614423","Forum Televisyen Asia","_Events_MY"
"18341748","Asia Television Forum","_Events","ENGtoTAM","18503722","ஆசிய தொலைக்காட்சிப் பொதுமன்றம்","_Events_TM"
"18341754","Asian Festival of 1st Films","_Events","Use","18341753","Asian Festival of First Films","_Events"
"18341753","Asian Festival of First Films","_Events","SN","","Annual film and documentary festival for first time documentaries and films by people of Asia - Pacific origin. It aims to create a platform for new talent, showcasing original content and film debuts. It was held between 2005 and 2009 as part of the Asia Media Festival.",""
"18341753","Asian Festival of First Films","_Events","Source","","Wikipedia: Asian Festival of First Films (https://en.wikipedia.org/wiki/Asian_Festival_of_First_Films) Retrieved 22 Jan 2024. | Asian Festival of 1st Films (https://www.asianfirstfilms.com/) | Today, 27 April 2005, page 1: A First for budding Asian film talent (https://eresources.nlb.gov.sg/newspapers/digitised/article/today20050427-1.2.3) Retrieved 22 Jan 2024. | The Straits Times, 12 November 2005, page 3: Anime instinct (https://eresources.nlb.gov.sg/newspapers/digitised/article/straitstimes20051112-1.2.123.3.1) Retrieved 22 Jan 2024.",""
"18341753","Asian Festival of First Films","_Events","Organiser","","Teamwork Productions | Singapore. Media Development Authority",""
"18341753","Asian Festival of First Films","_Events","Wikidata URI","","http://www.wikidata.org/entity/Q4806627",""
"18341753","Asian Festival of First Films","_Events","UF","18341754","Asian Festival of 1st Films","_Events"
"18341753","Asian Festival of First Films","_Events","BT","18341747","Asia Media Festival","_Events"
"18341753","Asian Festival of First Films","_Events","ENGtoCHI","18503377","亚裔首作电影节","_Events_CN"
"18341753","Asian Festival of First Films","_Events","ENGtoMAY","20614527","Pesta Filem-Pertama Asia","_Events_MY"
"18341753","Asian Festival of First Films","_Events","ENGtoTAM","18503723","ஆசிய முதல் உருவாக்கப் படங்களின் விழா","_Events_TM"
"18341693","Aviva Ironman 70.3 Singapore","_Events","Use","18341681","Ironman 70.3 Triathlon Singapore","_Events"
"18341709","Aviva Open Singapore","_Events","SN","","Series of badminton tournaments sponsored by the British insurance company Aviva that was inaugurated in 2004. It became one of the tournaments in the Badminton World Federation's Super Series in 2007. In 2009, Aviva ended its sponsorship of the Aviva Open Singapore.",""
"18341709","Aviva Open Singapore","_Events","Year","","2004",""
"18341709","Aviva Open Singapore","_Events","Source","","Internet Archive - AVIVA Open Singapore: Event Fact Sheet (https://web.archive.org/web/20081221100850/http://www.singaporebadmintonopen.sg/event/?sec=268&ssec=899) Retrieved 22 Jan 2024. | Today, 21 September 2004, page 37: Big stars, big money (https://eresources.nlb.gov.sg/newspapers/digitised/article/today20040921-1.2.48.2) Retrieved 22 Jan 2024. | The Business Times, 1 September 2009, page 8: Aviva stops badminton sponsorship (https://eresources.nlb.gov.sg/newspapers/digitised/article/biztimes20090901-1.2.16.8.2) | Wikipedia: 2007 Singapore Super Series (https://en.wikipedia.org/wiki/2007_Singapore_Super_Series) Retrieved 22 Jan 2024. | 联合早报, 2005年5月7日, 第20版: 英杰华赞助新加坡羽球赛300万 (https://eresources.nlb.gov.sg/newspapers/digitised/article/lhzb20050507-1.2.32.3) Retrieved 22 Jan 2024.",""
"18341709","Aviva Open Singapore","_Events","Organiser","","Singapore Badminton Association",""
"18341709","Aviva Open Singapore","_Events","ENGtoCHI","18503378","英杰华新加坡羽毛球公开赛","_Events_CN"
"18341709","Aviva Open Singapore","_Events","ENGtoMAY","20614405","Aviva Singapura Terbuka","_Events_MY"
"18341709","Aviva Open Singapore","_Events","ENGtoTAM","18503724","அவிவா ஓப்பன் சிங்கப்பூர்","_Events_TM"
"20614405","Aviva Singapura Terbuka","_Events_MY","MAYtoENG","18341709","Aviva Open Singapore","_Events"
"18341608","Baisakhi","_Events","Use","18341575","Vesakhi","_Events"
"20614406","Balet Di Bawah Bebintang","_Events_MY","MAYtoENG","18341674","Ballet Under the Stars","_Events"
"18341674","Ballet Under the Stars","_Events","SN","","One of Singapore's most popular outdoor arts event. Inaugurated in 1995, it is held at Fort Canning Green.",""
"18341674","Ballet Under the Stars","_Events","Year","","1995",""
"18341674","Ballet Under the Stars","_Events","Source","","Facebook: Ballet Under The Stars by Singapore Dance Theatre (https://www.facebook.com/profile.php?id=100079431881437) Retrieved 22 Jan 2024. | Singapore Ballet: Ballet Under the Stars 2023 (https://singaporeballet.org/performance/stars23/) Retrieved 22 Jan 2024. | Weekend East, 7 April 1995, page 6: Have a picnic in the park before ballet begins (https://eresources.nlb.gov.sg/newspapers/digitised/article/weekendeast19950407-1.2.3.3) Retrieved 22 Jan 2024. | 联合早报, 2023年8月31日: 星空下芭蕾 “老地方”相约 (https://www.zaobao.com.sg/lifestyle/culture/story20230831-1428561) Retrieved 23 Jan 2024.",""
"18341674","Ballet Under the Stars","_Events","Organiser","","Singapore Dance Theatre",""
"18341674","Ballet Under the Stars","_Events","ENGtoCHI","18503379","星空下的芭蕾","_Events_CN"
"18341674","Ballet Under the Stars","_Events","ENGtoMAY","20614406","Balet Di Bawah Bebintang","_Events_MY"
"18341674","Ballet Under the Stars","_Events","ENGtoTAM","18503725","நட்சத்திரங்களின் கீழ் பாலே நடனம்","_Events_TM"
"18341717","Barclays Singapore Open","_Events","Use","18341716","Singapore Open (Golf tournament)","_Events"
"18341724","Baybeats","_Events","SN","","Three-day indie rock and alternative music festival at the Esplanade – Theatres on the Bay that is held annually.",""
"18341724","Baybeats","_Events","Year","","2001",""
"18341724","Baybeats","_Events","Source","","Esplanade - Baybeats 2023: About (https://www.esplanade.com/whats-on/festivals-and-series/festivals/2023/baybeats/about) Retrieved 23 Jan 2024. | 女友: 他们爱玩数学摇滚 (https://www.nuyou.com.sg/lifestyle/more-about-local-band-cues-which-plays-math-rock-inspired-music/) Retrieved 23 Jan 2024.",""
"18341724","Baybeats","_Events","Organiser","","The Esplanade Co Ltd",""
"18341724","Baybeats","_Events","Wikidata URI","","http://www.wikidata.org/entity/Q4874375",""
"18341724","Baybeats","_Events","ENGtoCHI","18503380","BayBeats音乐节","_Events_CN"
"18341724","Baybeats","_Events","ENGtoMAY","20614407","Baybeats","_Events_MY"
"18341724","Baybeats","_Events","ENGtoTAM","18503726","பேபீட்ஸ்","_Events_TM"
"20614407","Baybeats","_Events_MY","MAYtoENG","18341724","Baybeats","_Events"
"18503380","BayBeats音乐节","_Events_CN","CHItoENG","18341724","Baybeats","_Events"
"19991419","BB Share-a-Gift Project","_Events","Use","19991418","Boys' Brigade Share-a-Gift Project","_Events"
"20614408","Biatlon Singapura","_Events_MY","MAYtoENG","18341793","Singapore Biathlon","_Events"
"20614409","Biennale Singapura","_Events_MY","MAYtoENG","18341560","Singapore Biennale","_Events"
"18341708","The Big Groove","_Events","SN","","Annual hip pop dance festival that includes workshops and a finale concert to showcase award-winning choreographies and to raise the standard of hip hop in Asia.",""
"18341708","The Big Groove","_Events","Year","","2006",""
"18341708","The Big Groove","_Events","Source","","City News: Dance Mania At The Big Groove 2009 (https://www.citynews.sg/2009/08/17/dance-mania-at-the-big-groove-2009/) Retrieved 23 Jan 2024. | The Straits Times, 8 June 2007, page 86: Hip-hop over to the Big Groove (https://eresources.nlb.gov.sg/newspapers/digitised/article/straitstimes20070608-1.2.95.12.6) Retrieved 23 Jan 2024. | The Straits Times, 30 July 2008, page 24: Manic dancer (https://eresources.nlb.gov.sg/newspapers/digitised/article/straitstimes20080730-1.2.123.20) Retrieved 23 Jan 2024. | 联合早报, 2011年7月6日, 第2 / 3版: The Big Groove 大舞蹈秀 (https://eresources.nlb.gov.sg/newspapers/digitised/article/lhzb20110706-1.2.35.1.4) Retrieved 23 Jan 2024.",""
"18341708","The Big Groove","_Events","Organiser","","O School",""
"18341708","The Big Groove","_Events","ENGtoCHI","18503526","The Big Groove 大舞蹈秀","_Events_CN"
"18341708","The Big Groove","_Events","ENGtoMAY","20614531","Pesta Hip Hop Big Groove Asia","_Events_MY"
"18341708","The Big Groove","_Events","ENGtoTAM","18503872","தி பிக் க்ரூவ் ஆசிய ஹிப் ஹாப் விழா","_Events_TM"
"18503526","The Big Groove 大舞蹈秀","_Events_CN","CHItoENG","18341708","The Big Groove","_Events"
"18341621","Birthday of Man","_Events","Use","18341620","Ren Ri","_Events"
"19991418","Boys' Brigade Share-a-Gift Project","_Events","SN","","Annual national community service project that promotes the spirit of caring and sharing among Singaporeans during the Christmas season through collecting grocery items and gifts for distribution to the needy. It was formerly known as Boys' Brigade Sharity Gift Box Project.",""
"19991418","Boys' Brigade Share-a-Gift Project","_Events","Source","","Singapore Infopedia: The Boys’ Brigade in Singapore (https://www.nlb.gov.sg/main/article-detail?cmsuuid=2584e0d1-475d-4e56-be69-4807d9e90e6f) Retrieved 23 Jan 2024. | The Boys' Brigade Share-a-Gift: The Project (http://www.bbshare.sg/cos/o.x?c=/wbn/pagetree&func=view&rid=1271383) Retrieved 23 Jan 2024. | The Boys’ Brigade: BB Share-a-Gift Project (https://www.bb.org.sg/who-we-serve/bb-share-a-gift) Retrieved 23 Jan 2024.",""
"19991418","Boys' Brigade Share-a-Gift Project","_Events","Organiser","","Boys' Brigade (Singapore)",""
"19991418","Boys' Brigade Share-a-Gift Project","_Events","Slogan","","Have a Heart, Share a Gift",""
"19991418","Boys' Brigade Share-a-Gift Project","_Events","UF","19991419","BB Share-a-Gift Project","_Events"
"18341780","Boys' Brigade Sharity Gift Box Project","_Events","SN","","Annual charity event held during the Christmas season that seeks donations of gifts and food items for beneficiaries. It was later known as Boys' Brigade Share-a-Gift Project.",""
"18341780","Boys' Brigade Sharity Gift Box Project","_Events","Year","","1988",""
"18341780","Boys' Brigade Sharity Gift Box Project","_Events","Month","","12",""
"18341780","Boys' Brigade Sharity Gift Box Project","_Events","Day","","08",""
"18341780","Boys' Brigade Sharity Gift Box Project","_Events","Source","","Singapore Infopedia: The Boys’ Brigade in Singapore (https://www.nlb.gov.sg/main/article-detail?cmsuuid=2584e0d1-475d-4e56-be69-4807d9e90e6f) Retrieved 23 Jan 2024. | The Boys' Brigade Share-a-Gift: The Project (http://www.bbshare.sg/cos/o.x?c=/wbn/pagetree&func=view&rid=1271383) Retrieved 23 Jan 2024. | The Boys’ Brigade: BB Share-a-Gift Project (https://www.bb.org.sg/who-we-serve/bb-share-a-gift) Retrieved 23 Jan 2024. | 联合早报, 2023年12月02日: 少年旅爱心礼物活动反应欠佳 主办方呼吁公众踊跃捐献 (https://www.zaobao.com.sg/news/singapore/story20231202-1453798) Retrieved 23 Jan 2024.",""
"18341780","Boys' Brigade Sharity Gift Box Project","_Events","Organiser","","Boys' Brigade (Singapore)",""
"18341780","Boys' Brigade Sharity Gift Box Project","_Events","ENGtoCHI","18503381","少年旅爱心礼物","_Events_CN"
"18341780","Boys' Brigade Sharity Gift Box Project","_Events","ENGtoMAY","20614562","Projek Kotak Kotak Derma Budak-budak Pengakap","_Events_MY"
"18341780","Boys' Brigade Sharity Gift Box Project","_Events","ENGtoTAM","18503727","சிறுவர் படையின் அறநிறுவன நன்கொடைப் பெட்டித் திட்டம்","_Events_TM"
"18341740","Brazilian Film Festival","_Events","SN","","Festival showcasing a selection of recent films from Brazil, including award-winning festival favourites.",""
"18341740","Brazilian Film Festival","_Events","Year","","2004",""
"18341740","Brazilian Film Festival","_Events","Month","","09",""
"18341740","Brazilian Film Festival","_Events","Source","","Internet Archive - Singapore Film Society: Brazilian Film Festival 2004 (https://web.archive.org/web/20040911233604/http://www.sfs.org.sg/2004/09brazilian.html) Retrieved 23 Jan 2024. | The Business Times, 14 October 2005, page 31: Compelling tales for movie buffs (https://eresources.nlb.gov.sg/newspapers/digitised/article/biztimes20051014-1.2.45.1) Retrieved 23 Jan 2024. | 联合早报, 2005年10月17日, 第27版: 第二届巴西电影节明天开始 (https://eresources.nlb.gov.sg/newspapers/digitised/article/lhzb20051017-1.2.49.4) Retrieved 23 Jan 2024.",""
"18341740","Brazilian Film Festival","_Events","Organiser","","Singapore Film Society",""
"18341740","Brazilian Film Festival","_Events","ENGtoCHI","18503382","巴西电影节","_Events_CN"
"18341740","Brazilian Film Festival","_Events","ENGtoMAY","20614515","Pesta Filem Brazil","_Events_MY"
"18341740","Brazilian Film Festival","_Events","ENGtoTAM","18503728","பிரேசில் திரைப்பட விழா","_Events_TM"
"18341744","British Film Festival","_Events","SN","","Annual film festival that was held between 1984 and 2004 in Singapore to showcase British films. It was first held at Singapore Cultural Theatre in 1984.",""
"18341744","British Film Festival","_Events","Year","","1984",""
"18341744","British Film Festival","_Events","Source","","BiblioAsia, Apr-Jun 2015: Culture on Celluloid: Alternative Films in Singapore (https://biblioasia.nlb.gov.sg/files/pdf/vol-11/issue-1/v11-issue1_Celluloid.pdf) Retrieved 23 Jan 2024. | The Straits Times, 22 January 1985, page 1: Wide offering for film buffs (https://eresources.nlb.gov.sg/newspapers/digitised/article/straitstimes19850122-1.2.84.3) Retrieved 23 Jan 2024. | Streats, 29 July 2002, page 18: Film (https://eresources.nlb.gov.sg/newspapers/digitised/article/streats20020729-1.2.23.7.3) Retrieved 23 Jan 2024. | 联合早报, 1989年7月17日, 第33版: 纪念喜剧大师百年诞 英国电影节公映卓别灵7部佳作 (https://eresources.nlb.gov.sg/newspapers/digitised/article/lhzb19890717-1.2.53.4.1) Retrieved 23 Jan 2024.",""
"18341744","British Film Festival","_Events","Organiser","","Singapore Film Society | British Council (Singapore)",""
"18341744","British Film Festival","_Events","ENGtoCHI","18503383","英国电影节","_Events_CN"
"18341744","British Film Festival","_Events","ENGtoMAY","20614516","Pesta Filem Britain","_Events_MY"
"18341744","British Film Festival","_Events","ENGtoTAM","18503729","பிரிட்டீக்ஷ் திரைப்பட விழா","_Events_TM"
"20614410","Broadcast Asia","_Events_MY","MAYtoENG","18341762","BroadcastAsia","_Events"
"18341762","BroadcastAsia","_Events","SN","","Anchor trade event of Asia Tech x Singapore (ATxSG) where industry leaders from Asia-Pacific region showcase the latest and most innovative technologies in the areas of pro-audio, film, digital media and broadcasting.",""
"18341762","BroadcastAsia","_Events","Year","","1990",""
"18341762","BroadcastAsia","_Events","Source","","ATxSG: BroadcastAsia (https://asiatechxsg.com/broadcastasia/) Retrieved 23 Jan 2024. | Linkedin: BroadcastAsia (https://www.linkedin.com/showcase/broadcastasia/about/) Retrieved 23 Jan 2024. | The Business Times, 25 January 1990, page 3: Telecoms trade shows to include BroadcastAsia (https://eresources.nlb.gov.sg/newspapers/digitised/article/biztimes19900125-1.2.13.12) Retrieved 23 Jan 2024. | The Business Times, 29 June 2009, page 27: Over 50,000 at BroadcastAsia and CommunicAsia (https://eresources.nlb.gov.sg/newspapers/digitised/article/biztimes20090629-1.2.42.2.3) Retrieved 23 Jan 2024. | 联合早报, 1990年5月29日, 第43版: 广播业的发展前景 (https://eresources.nlb.gov.sg/newspapers/digitised/article/lhzb19900529-1.2.56.2) Retrieved 23 Jan 2024.",""
"18341762","BroadcastAsia","_Events","Organiser","","Singapore Exhibition Services Pte Ltd",""
"18341762","BroadcastAsia","_Events","ENGtoCHI","18503384","亚洲广播展","_Events_CN"
"18341762","BroadcastAsia","_Events","ENGtoMAY","20614410","Broadcast Asia","_Events_MY"
"18341762","BroadcastAsia","_Events","ENGtoTAM","18503730","ஒலிபரப்பு ஆசியா","_Events_TM"
"20614411","Bulan Fotografi Asia","_Events_MY","MAYtoENG","18341721","Month of Photography Asia","_Events"
"20614412","Cabaran Korporat JPMorgan","_Events_MY","MAYtoENG","18341702","JPMorgan Chase Corporate Challenge","_Events"
"20614413","Cabaran Presiden","_Events_MY","MAYtoENG","18341768","President's Challenge","_Events"
"20614414","Cahaya Lilin Peringatan AIDS Singapura","_Events_MY","MAYtoENG","18341776","Singapore AIDS Candlelight Memorial","_Events"
"19991462","Canon Digital Video Fest","_Events","Use","18341757","Canon HD Film Fest","_Events"
"19991463","Canon Digital Video Festival","_Events","Use","18341757","Canon HD Film Fest","_Events"
"18341758","Canon DV Fest","_Events","Use","18341757","Canon HD Film Fest","_Events"
"18341757","Canon HD Film Fest","_Events","SN","","An annual event for local filmmakers to showcase their talents using the digital video platform. The highlight of the festival is the short film contest that calls for entries from professional filmmakers, media students and the general public. It also incorporates public screenings, roadshows, workshops and school seminars to educate the public on the advancements in digital video technology.",""
"18341757","Canon HD Film Fest","_Events","Year","","2004",""
"18341757","Canon HD Film Fest","_Events","Source","","The Straits Times, 14 November 2007, page 62: Developing a Media Literate Society (https://eresources.nlb.gov.sg/newspapers/digitised/article/straitstimes20071114-1.2.84.5.7) Retrieved 24 Jan 2024. | PHOTOVIDEOi, Mar 2008 | Internet Archive: Canon Digital Video Fest (https://web.archive.org/web/20060822174746/http://www.canon.com.sg/dvfest/) Retrieved 24 Jan 2024. | Today, 5 May 2005, page 48: Film-makers, it's time to take heart (https://eresources.nlb.gov.sg/newspapers/digitised/article/today20050505-1.2.57.4.1) Retrieved 24 Jan 2024. | Today, 28 November 2006, page 38: Old Times, new talent (https://eresources.nlb.gov.sg/newspapers/digitised/article/today20061128-1.2.46.6.1) Retrieved 24 Jan 2024.",""
"18341757","Canon HD Film Fest","_Events","Organiser","","Canon",""
"18341757","Canon HD Film Fest","_Events","UF","19991462","Canon Digital Video Fest","_Events"
"18341757","Canon HD Film Fest","_Events","UF","19991463","Canon Digital Video Festival","_Events"
"18341757","Canon HD Film Fest","_Events","UF","18341758","Canon DV Fest","_Events"
"18341757","Canon HD Film Fest","_Events","ENGtoMAY","20614517","Pesta Filem Canon HD","_Events_MY"
"18341757","Canon HD Film Fest","_Events","ENGtoTAM","18503731","கானன் ஹெச்டி திரைப்பட விழா","_Events_TM"
"18341676","Celebrate Drama!","_Events","SN","","Youth and community festival that happens once every two years. Featuring workshops, performances, dialogues, exhibitions, film screenings and presentations, it brings together the combined efforts of teachers, artists, youths and the community who do interesting and meaningful work with drama.",""
"18341676","Celebrate Drama!","_Events","Year","","2005",""
"18341676","Celebrate Drama!","_Events","Source","","SDE: Celebrate Drama! (https://www.sdea.org.sg/event_category/celebrate-drama) Retrieved 24 Jan 2024. | 联合早报, 2006年7月15日, 第35版: SDEA“欢庆戏剧”艺术活动 用戏剧打开心结 (https://eresources.nlb.gov.sg/newspapers/digitised/article/lhzb20060715-1.2.60.1) Retrieved 24 Jan 2024.",""
"18341676","Celebrate Drama!","_Events","Organiser","","Singapore Drama Educators Association",""
"18341676","Celebrate Drama!","_Events","ENGtoCHI","18503386","""欢庆戏剧""艺术活动","_Events_CN"
"18341676","Celebrate Drama!","_Events","ENGtoMAY","20614564","Sambutan Drama!","_Events_MY"
"18341676","Celebrate Drama!","_Events","ENGtoTAM","18503732","நாடகக் கொண்டாட்டம்!","_Events_TM"
"18341763","CG Overdrive","_Events","SN","","Computer graphics (CG) and animation festival with activities that includes a conference, master classes, forums and networking events, guild meetings, film screenings and a digital art exhibition. It brings together local and regional CG professionals and enthusiasts, decision makers and buyers to exchange ideas.",""
"18341763","CG Overdrive","_Events","Year","","2006",""
"18341763","CG Overdrive","_Events","Source","","Internet Archive: CG Overdrive (https://web.archive.org/web/20080727202546/http://www.cgoverdrive.com/) Retrieved 24 Jan 2024. | ntradeshows: CG Overdrive 2011 (https://www.ntradeshows.com/cg-overdrive/) Retrieved 24 Jan 2024. | The Business Times, 27 March 2006, page 31: 3dsense to organise computer graphics conference (https://eresources.nlb.gov.sg/newspapers/digitised/article/biztimes20060327-1.2.39.9.4) Retrieved 24 Jan 2024. | The Business Times, 19 June 2007, page 15: A year of many 'firsts at Asia's largest tech event (https://eresources.nlb.gov.sg/newspapers/digitised/article/biztimes20070619-1.2.27.1) Retrieved 24 Jan 2024.",""
"18341763","CG Overdrive","_Events","Organiser","","3dsense Media School",""
"18341763","CG Overdrive","_Events","BT","18341803","Infocomm Media Business Exchange","_Events"
"18341763","CG Overdrive","_Events","ENGtoMAY","20614415","CG Overdrive","_Events_MY"
"18341763","CG Overdrive","_Events","ENGtoTAM","18503733","சிஜி கூடுதல் இயக்கம்","_Events_TM"
"20614415","CG Overdrive","_Events_MY","MAYtoENG","18341763","CG Overdrive","_Events"
"18341617","Chap Gor Mei","_Events","Use","18341584","Yuan Xiao Jie","_Events"
"19991559","Cheng Beng","_Events","Use","18341586","Qing Ming Jie","_Events"
"18341638","Chi' Chiao","_Events","Use","18341634","Qi Qiao Jie","_Events"
"18341698","Chinese Cultural Festival","_Events","SN","","Festival with the aim to uphold and promote Chinese culture, and to encourage the young to engage in and gain a better understanding of their culture. It was initially staged under the name of ""Chinese Cultural Month"" when it was first launched in 1990. The event was held annually until 1996, when it was turned into a biennial event.",""
"18341698","Chinese Cultural Festival","_Events","Year","","1991",""
"18341698","Chinese Cultural Festival","_Events","Source","","Internet Archive: Chinese Cultural Festival (https://web.archive.org/web/20090305111603/http://www.chineseculturalfestival.com.sg/about/aboutus.asp) Retrieved 24 Jan 2024. | The Straits Times, 19 April 1991, page 20: Spores biggest Chinese book fair opens in June (https://eresources.nlb.gov.sg/newspapers/digitised/article/straitstimes19910419-1.2.33.1) Retrieved 24 Jan 2024.",""
"18341698","Chinese Cultural Festival","_Events","Organiser","","Singapore Press Holdings",""
"18341698","Chinese Cultural Festival","_Events","UF","18341807","Chinese Cultural Month","_Events"
"18341698","Chinese Cultural Festival","_Events","ENGtoCHI","18503388","华族文化节","_Events_CN"
"18341698","Chinese Cultural Festival","_Events","ENGtoMAY","20614532","Pesta Kebudayaan Cina","_Events_MY"
"18341698","Chinese Cultural Festival","_Events","ENGtoTAM","18503734","சீனர் பண்பாட்டு விழா","_Events_TM"
"18341807","Chinese Cultural Month","_Events","Use","18341698","Chinese Cultural Festival","_Events"
"18341576","Chinese New Year","_Events","SN","","Chinese festival that celebrates the coming of spring and a fresh start to one’s life. It usually falls between the winter solstice (dongzhi) and spring’s beginning (lichun). During the 15-day celebration, everyone visits the homes of friends and relatives. Dressed in new clothes, visitors come bearing well wishes and gifts. Children look forward to receiving hongbaos – which literally means ‘red packets’ and these are given to children and adults who are not married. These red packets are filled with new dollar bills and represent good fortune for the coming year. As a sign of respect to one’s elders and friends, two oranges must be brought along when visiting. It’s also customary to present oranges with both hands, and for the recipient to present two oranges when the visitor leaves.",""
"18341576","Chinese New Year","_Events","Source","","Internet Archive - Uniquely Singapore: Chinese New Year (https://web.archive.org/web/20080628181506/http://www.visitsingapore.com/cny/stbcny_trdtion.html) Retrieved 24 Jan 2024. | Singapore Infopedia: Chinese New Year customs in Singapore (https://www.nlb.gov.sg/main/article-detail?cmsuuid=64b992e6-bc61-4950-95c3-5faaf841c3f6) Retrieved 25 Jan 2024. | 心想狮城: 农历新年 (https://www.visitsingapore.com.cn/festivals-events-singapore/cultural-festivals/chinese-new-year/) Retrieved 25 Jan 2024.",""
"18341576","Chinese New Year","_Events","UF","18341609","Chun Jie","_Events"
"18341576","Chinese New Year","_Events","UF","19991498","Spring Festival","_Events"
"18341576","Chinese New Year","_Events","RT","18341602","Chingay","_Events"
"18341576","Chinese New Year","_Events","RT","18341620","Ren Ri","_Events"
"18341576","Chinese New Year","_Events","RT","18341584","Yuan Xiao Jie","_Events"
"18341576","Chinese New Year","_Events","ENGtoCHI","18503389","农历新年","_Events_CN"
"18341576","Chinese New Year","_Events","ENGtoMAY","20614571","Tahun Baru Cina","_Events_MY"
"18341576","Chinese New Year","_Events","ENGtoTAM","18503735","சீனப் புத்தாண்டு","_Events_TM"
"18341600","Ching Ming","_Events","Use","18341586","Qing Ming Jie","_Events"
"18341602","Chingay","_Events","SN","","Annual street parade held in Singapore as part of the Chinese New Year celebrations. Though the tradition began in the19th century, the first 'official' Chingay procession was staged in Singapore in 1973 by the People's Association as an attempt to add colour to Chinese New Year festivities after a ban on firecrackers was introduced. Malay and Indian cultural items were added in 1976 and foreign groups began to take part in 1987. Today, the Chingay Parade is a multi-ethnic, cosmopolitan street festival.",""
"18341602","Chingay","_Events","Source","","Singapore Infopedia: Chingay (https://eresources.nlb.gov.sg/infopedia/articles/SIP_44_2004-12-27.html) Retrieved 30 Nov 2021. | Chingay Parade Singapore: The Chingay Story (https://www.chingay.gov.sg/about-us/the-chingay-story/) Retrieved 25 Jan 2024. | 心想狮城: 妆艺大游行 (https://www.visitsingapore.com.cn/festivals-events-singapore/annual-highlights/chingay-parade-singapore/) Retrieved 25 Jan 2024.",""
"18341602","Chingay","_Events","Organiser","","People's Association",""
"18341602","Chingay","_Events","Wikidata URI","","http://www.wikidata.org/entity/Q5101009",""
"18341602","Chingay","_Events","RT","18341576","Chinese New Year","_Events"
"18341602","Chingay","_Events","ENGtoCHI","18503390","妆艺大游行","_Events_CN"
"18341602","Chingay","_Events","ENGtoMAY","20614416","Chingay","_Events_MY"
"18341602","Chingay","_Events","ENGtoTAM","18503736","சிங்கே","_Events_TM"
"20614416","Chingay","_Events_MY","MAYtoENG","18341602","Chingay","_Events"
"18341577","Christmas","_Events","SN","","Christmas is a Christian festival commemorating the birth of Jesus Christ. Buildings and malls in Singapore are dressed up in festive finery, a trend that originated in the early 1980s. The Christmas light-up along Orchard Road are well known as a tourist attraction.",""
"18341577","Christmas","_Events","Month","","12",""
"18341577","Christmas","_Events","Day","","25",""
"18341577","Christmas","_Events","Source","","Singapore Infopedia: Christmas rites and rituals (https://www.nlb.gov.sg/main/article-detail?cmsuuid=f06d310c-4f95-445d-8e78-01105ee8d5b3) Retrieved 25 Jan 2024. | 心想狮城: 2022 年新加坡精彩圣诞 (https://www.visitsingapore.com.cn/festivals-events-singapore/cultural-festivals/christmas/) Retrieved 25 Jan 2024.",""
"18341577","Christmas","_Events","ENGtoCHI","18503391","圣诞节","_Events_CN"
"18341577","Christmas","_Events","ENGtoMAY","20614459","Krismas","_Events_MY"
"18341577","Christmas","_Events","ENGtoTAM","18503737","கிறிஸ்துமஸ்","_Events_TM"
"18341609","Chun Jie","_Events","Use","18341576","Chinese New Year","_Events"
"18722349","ciNE65","_Events","SN","","A biennial short film competition launched in July 2011, by Nexus, a unit of the Ministry of Defence that oversees matters on total defence and national education. It aims to encourage Singaporeans to express and embrace their national identity through film and to nurture budding film-makers. The competition is open to Singaporeans and Singapore residents, with student or open categories. Awards, such as for Best Film and Best Direction are given out, along with cash prizes.",""
"18722349","ciNE65","_Events","Year","","2011",""
"18722349","ciNE65","_Events","Month","","07",""
"18722349","ciNE65","_Events","Source","","Straits Times, 18 November 2011, page 13: Winning team (https://eresources.nlb.gov.sg/newspapers/Digitised/Article/straitstimes20111118-1.2.100.7) | Straits Times, 31 December 2014, page 3: Make a short film, reflect on values of nation (https://eresources.nlb.gov.sg/newspapers/Digitised/Article/straitstimes20141231-1.2.21.5) | Fact Sheet: ciNE65 Fact Sheet (https://www.mindef.gov.sg/web/portal/mindef/news-and-events/latest-releases/article-detail/2015/june/2015jun12-news-releases-00159) Retrieved 18 Nov 2021.",""
"18722349","ciNE65","_Events","Organiser","","Nexus",""
"18341603","Confucius' birthday","_Events","SN","","The birthday of Confucius is celebrated as an expression of reverence for a historical figure known as an exemplary scholar and teacher. According to traditional sources, he was born in the 21st year of the reign of Duke Xiang in the state of Lu, and on the 27th day of the 8th month of the Chinese agrarian calendar. The celebrations oragnised by the Taoist temple Sanqing Gong in Singapore draw the largest crowd.",""
"18341603","Confucius' birthday","_Events","Source","","Singapore: The Encyclopedia (2006) | 三清宫: 孔子诞辰 (https://www.sqg.com.sg/%E5%AD%94%E5%AD%90%E8%AF%9E%E8%BE%B0/?lang=zh-hans) Retrieved 25 Jan 2024.",""
"18341603","Confucius' birthday","_Events","ENGtoCHI","18503392","孔子诞辰","_Events_CN"
"18341603","Confucius' birthday","_Events","ENGtoMAY","20614430","Hari Jadi Confucius","_Events_MY"
"18341603","Confucius' birthday","_Events","ENGtoTAM","18503738","கன்ஃபூஷியஸ் பிறந்த நாள்","_Events_TM"
"18341685","da:ns festival","_Events","SN","","Annual dance festival launched by Esplanade that introduces various dance genres and presents an array of programmes, including internationally acclaimed productions, dance workshops and free outdoor dancing. It was renamed da:ns focus in 2023.",""
"18341685","da:ns festival","_Events","Year","","2005",""
"18341685","da:ns festival","_Events","Source","","Esplanade: da:ns focus (https://www.esplanade.com/whats-on/festivals-and-series/series/dans-focus/about) Retrieved 25 Jan 2024. | The Straits Times, 25 July 2006, page 14: Get up and boogie (https://eresources.nlb.gov.sg/newspapers/digitised/article/straitstimes20060725-1.2.59.14.1) Retrieved 25 Jan 2024. | Today, 27 July 2006, page 42: Dance festival at Esplanade (https://eresources.nlb.gov.sg/newspapers/digitised/article/today20060727-1.2.51.6.2) Retrieved 25 Jan 2024. | Esplanade: 滨海艺术中心呈献舞蹈13 & 14 (https://www.esplanade.com/zh-CN/whats-on/festivals-and-series/series/dans-focus/events/13-and-14) Retrieved 25 Jan 2024.",""
"18341685","da:ns festival","_Events","Organiser","","The Esplanade Co Ltd",""
"18341685","da:ns festival","_Events","ENGtoCHI","18503393","da:ns 舞蹈节","_Events_CN"
"18341685","da:ns festival","_Events","ENGtoMAY","20614505","Pesta da:ns","_Events_MY"
"18341685","da:ns festival","_Events","ENGtoTAM","18503739","நடன விழா","_Events_TM"
"19991501","da:ns focus","_Events","SN","","Annual event that succeeds da:ns festival, featuring five weekends of dance programmes throughout the year, each focusing on a particular theme or genre.",""
"19991501","da:ns focus","_Events","Year","","2023",""
"19991501","da:ns focus","_Events","Source","","Esplanade: da:ns focus (https://www.esplanade.com/whats-on/festivals-and-series/series/dans-focus/about) Retrieved 25 Jan 2024 | 联合早报, 2023年2月27日: “舞蹈焦点” 全年五个周末推出不同主题节目 深挖掘纳百川 (https://www.zaobao.com.sg/lifestyle/feature/story20230227-1367286) Retrieved 25 Jan 2024.",""
"19991501","da:ns focus","_Events","Organiser","","The Esplanade Co Ltd",""
"19991501","da:ns focus","_Events","ENGtoCHI","19991502","舞蹈焦点","_Events_CN"
"18503393","da:ns 舞蹈节","_Events_CN","CHItoENG","18341685","da:ns festival","_Events"
"18341623","Day of Humanity","_Events","Use","18341620","Ren Ri","_Events"
"18341622","Day of Man","_Events","Use","18341620","Ren Ri","_Events"
"18341613","Day of Sacrifice","_Events","Use","18341581","Hari Raya Haji","_Events"
"18341578","Deepavali","_Events","SN","","Deepavali, also known as Diwali or The Festival of Lights, celebrates the triumph of good over evil as well as light over darkness. It is celebrated by Hindus and Indians of other religions, such as the Sikhs and the Jains. It falls on the 14th day of the dark fortnight in the Tamil month of Aipasi (mid-October to mid-November).",""
"18341578","Deepavali","_Events","Source","","Singapore Infopedia: Deepavali (https://www.nlb.gov.sg/main/article-detail?cmsuuid=0a84fe1a-1222-4701-be17-1735a8a9af27) Retrieved 25 Jan 2024. | Singapore Mandarin Database: Deepavali (https://www.languagecouncils.sg/mandarin/en/learning-resources/singaporean-mandarin-database/terms/deepavali) Retrieved 25 Jan 2024. | 维基百科: 屠妖节 (https://zh.wikipedia.org/zh-sg/%E6%8E%92%E7%87%88%E7%AF%80) Retrieved 25 Jan 2024.",""
"18341578","Deepavali","_Events","UF","18341611","Diwali","_Events"
"18341578","Deepavali","_Events","UF","18341610","Festival of Lights","_Events"
"18341578","Deepavali","_Events","RT","18341726","Kalaa Utsavam: Indian Festival of Arts","_Events"
"18341578","Deepavali","_Events","ENGtoCHI","18503394","屠妖节","_Events_CN"
"18341578","Deepavali","_Events","ENGtoMAY","20614429","Hari Deepavali","_Events_MY"
"18341578","Deepavali","_Events","ENGtoTAM","18503740","தீபாவளி","_Events_TM"
"18341618","Deng Jie","_Events","Use","18341584","Yuan Xiao Jie","_Events"
"20614417","Derby Singapura(Lumba kuda)","_Events_MY","MAYtoENG","18341805","Singapore Derby (Horses)","_Events"
"18341611","Diwali","_Events","Use","18341578","Deepavali","_Events"
"18341604","Dong Zhi","_Events","SN","","Chinese festival celebrating the winter solstice that falls on the 15th day of the 11th lunar month. Literally ""arrival of winter"", it was originally celebrated by the Chinese farmers' for the year-end harvest.",""
"18341604","Dong Zhi","_Events","Source","","Singapore: The Encyclopedia (2006) | Wikipedia: Dongzhi Festival (https://en.wikipedia.org/wiki/Dongzhi_Festival) Retrieved 25 Jan 2024.",""
"18341604","Dong Zhi","_Events","UF","19991504","Dongzhi Festival","_Events"
"18341604","Dong Zhi","_Events","UF","19991505","Winter Solstice Festival","_Events"
"18341604","Dong Zhi","_Events","ENGtoCHI","18503395","冬至","_Events_CN"
"18341604","Dong Zhi","_Events","ENGtoMAY","20614539","Pesta Musim Sejuk","_Events_MY"
"18341604","Dong Zhi","_Events","ENGtoTAM","18503741","டாங் ஜி","_Events_TM"
"19991504","Dongzhi Festival","_Events","Use","18341604","Dong Zhi","_Events"
"18341636","Double-Seventh Day","_Events","Use","18341634","Qi Qiao Jie","_Events"
"18341579","Dragon Boat Festival","_Events","SN","","Chinese festival that falls on the fifth day of the fifth lunar month around the summer solstice. Originated from Southern China, festivities include dragon boat races and rice dumplings. The festivity evolved from the practice of revering the River Dragon, to what later became a festival to commemorate Qu Yuan, a third century poet and political figure of the State of Chu during the Warring States period.",""
"18341579","Dragon Boat Festival","_Events","Source","","Singapore Infopedia: Dragon Boat Festival (https://eresources.nlb.gov.sg/infopedia/articles/SIP_67_2004-12-27.html) Retrieved 25 Jan 2024. | 维基百科: 端午节 (https://zh.wikipedia.org/zh-sg/%E7%AB%AF%E5%8D%88%E8%8A%82) Retrieved 25 Jan 2024.",""
"18341579","Dragon Boat Festival","_Events","UF","18341598","Duan Wu Jie","_Events"
"18341579","Dragon Boat Festival","_Events","UF","19991506","Duan Yang","_Events"
"18341579","Dragon Boat Festival","_Events","UF","19991507","Fifth Month Festival","_Events"
"18341579","Dragon Boat Festival","_Events","ENGtoCHI","18503396","端午节","_Events_CN"
"18341579","Dragon Boat Festival","_Events","ENGtoMAY","20614503","Pesta Bot Naga","_Events_MY"
"18341579","Dragon Boat Festival","_Events","ENGtoTAM","18503742","கடல் நாகப் படகு விழா","_Events_TM"
"18341598","Duan Wu Jie","_Events","Use","18341579","Dragon Boat Festival","_Events"
"19991506","Duan Yang","_Events","Use","18341579","Dragon Boat Festival","_Events"
"18341580","Easter","_Events","SN","","Christian festival that celebrates the resurrection of Jesus Christ. It falls on a Sunday between 22 March and 25 April. Easter Sunday celebrations include an elaborate build-up of festivities that cover 40 days of Lent and a whole week of significant remembrances.",""
"18341580","Easter","_Events","Source","","Singapore Infopedia: Easter (https://eresources.nlb.gov.sg/infopedia/articles/SIP_942_2004-12-30.html) Retrieved 25 Jan 2024. | 维基百科: 复活节 (https://zh.wikipedia.org/zh-sg/%E5%BE%A9%E6%B4%BB%E7%AF%80) Retrieved 25 Jan 2024.",""
"18341580","Easter","_Events","RT","5111510","Easter decorations","KOS_Subjects_ENG"
"18341580","Easter","_Events","RT","5102538","Easter eggs","KOS_Subjects_ENG"
"18341580","Easter","_Events","RT","5117439","Easter music","KOS_Subjects_ENG"
"18341580","Easter","_Events","RT","5165149","Easter plays","KOS_Subjects_ENG"
"18341580","Easter","_Events","RT","5117440","Easter services","KOS_Subjects_ENG"
"18341580","Easter","_Events","ENGtoCHI","18503397","复活节","_Events_CN"
"18341580","Easter","_Events","ENGtoMAY","20614418","Easter","_Events_MY"
"18341580","Easter","_Events","ENGtoTAM","18503743","ஈஸ்டர்","_Events_TM"
"20614418","Easter","_Events_MY","MAYtoENG","18341580","Easter","_Events"
"18341615","Edil Fitri","_Events","Use","18341582","Hari Raya Puasa","_Events"
"18341606","Eid al-Fitr","_Events","Use","18341582","Hari Raya Puasa","_Events"
"18341605","Eid-ul-Adha","_Events","Use","18341581","Hari Raya Haji","_Events"
"18341806","Emirates Singapore Derby","_Events","Use","18341805","Singapore Derby (Horses)","_Events"
"19991508","European Film Festival","_Events","SN","","Annual film festival held in Singapore showcasing selected European films. It was formerly known as European Union Film Festival.",""
"19991508","European Film Festival","_Events","Year","","2021",""
"19991508","European Film Festival","_Events","Source","","29th European Union Film Festival: Partners (https://euff.com.sg/EUFF2019/partners/index.html) Retrieved 26 Jan 2024. | 30th European Film Festival (https://2021.euff.com.sg/) Retrieved 26 Jan 2024. | Delegation of the European Union to Singapore: European Film Festival (EUFF) 2023 in Singapore (https://www.eeas.europa.eu/delegations/singapore/european-film-festival-euff-2023-singapore_en?s=178) Retrieved 26 Jan 2024. | 联合早报, 2021年5月04日: 欧盟电影节后天开幕 放映23部欧洲片 (https://www.zaobao.com.sg/entertainment/story20210504-1144149) Retrieved 26 Jan 2024.",""
"19991508","European Film Festival","_Events","Organiser","","Delegation of the European Union to Singapore",""
"19991508","European Film Festival","_Events","ENGtoCHI","18503398","欧盟电影节","_Events_CN"
"18341736","European Union Film Festival","_Events","SN","","Annual film festival held in Singapore showcasing selected films from the European Union. It was renamed European Film Festival in 2021.",""
"18341736","European Union Film Festival","_Events","Year","","1991",""
"18341736","European Union Film Festival","_Events","Source","","Internet Archive - 17th European Union Film Festival: About the Festival (https://web.archive.org/web/20070826210051/http://www.euff.sg/?p=section&sub=article&articlegrppk=40) Retrieved 26 Jan 2024. | 29th European Union Film Festival: Partners (https://euff.com.sg/EUFF2019/partners/index.html) Retrieved 26 Jan 2024. | 30th European Film Festival (https://2021.euff.com.sg/) Retrieved 26 Jan 2024. | 联合早报, 1996年10月24日, 第33版: 欧洲影片让影迷回味无穷 探讨人生流露真情 (https://eresources.nlb.gov.sg/newspapers/digitised/article/lhzb19961024-1.2.55.1) Retrieved 26 Jan 2024.",""
"18341736","European Union Film Festival","_Events","Organiser","","Delegation of the European Union to Singapore | Singapore Film Society | European Union Cultural Committee | Goethe-Institut (Singapore)",""
"18341736","European Union Film Festival","_Events","ENGtoCHI","18503398","欧盟电影节","_Events_CN"
"18341736","European Union Film Festival","_Events","ENGtoMAY","20614521","Pesta Filem Kesatuan Eropah","_Events_MY"
"18341736","European Union Film Festival","_Events","ENGtoTAM","18503744","ஐரோப்பிய ஒன்றிய திரைப்பட விழா","_Events_TM"
"19991515","F1 Singapore Grand Prix","_Events","Use","18341666","Formula 1 Singapore Grand Prix","_Events"
"20601195","Families for Life Celebrations","_Events","SN","","Annual event that replaced the National Family Celebrations in 2014. It aims to rally like-minded individuals, families and organisations to strengthen family bonds through large-scale events, national celebrations and online digital campaigns.",""
"20601195","Families for Life Celebrations","_Events","Year","","2014",""
"20601195","Families for Life Celebrations","_Events","Source","","Families for Life: About Families for Life (https://familiesforlife.sg/pages/about-us) | Today, 3 September 2014, page 30: Event celebrating families to focus on importance of quality time (https://eresources.nlb.gov.sg/newspapers/digitised/article/today20140903-1.2.32.4) Retrieved 30 August 2024.",""
"20601195","Families for Life Celebrations","_Events","Organiser","","Families for Life Council",""
"20601192","Family Week","_Events","SN","","Annual event held between 1985 and 1990 as part of the Parent Education Programme, which aims to help parents understand their children's needs through activities such as talks, workshops and exhibitions. It was replaced by the National Family Day in 1991.",""
"20601192","Family Week","_Events","Year","","1985",""
"20601192","Family Week","_Events","Source","","The Straits Times, 6 April 1985, page 9: Scheme to strengthen families (https://eresources.nlb.gov.sg/newspapers/digitised/article/straitstimes19850406-1.2.18.4) Retrieved 30 August 2024. | The Straits Times, 21 May 1988, page 15: Educational and fun events for Family Week (https://eresources.nlb.gov.sg/newspapers/digitised/article/straitstimes19880521-1.2.24.20) Retrieved 30 August 2024. | The Straits Times, 3 June 1990, page 21: Sporty start to this year's Family Week (https://eresources.nlb.gov.sg/newspapers/digitised/article/straitstimes19900603-1.2.24.14) Retrieved 30 August 2024. | The Straits Times, 31 October 1991, page 21: National Family Day carnival at East Coast Park (https://eresources.nlb.gov.sg/newspapers/digitised/article/straitstimes19911031-1.2.28.6) Retrieved 30 August 2024. | The Straits Times, 1 June 1996, page 12: Two weeks of activities to celebrate family life (https://eresources.nlb.gov.sg/newspapers/digitised/article/straitstimes19960601-1.2.62.7.1.1) Retrieved 30 August 2024.",""
"20601192","Family Week","_Events","Organiser","","Singapore. Ministry of Community Development",""
"18341599","Feast for the Wandering Souls","_Events","Use","18341583","Hungry Ghost Festival","_Events"
"18341701","Feria de Abril Flamenco Festival","_Events","SN","","Festival that originated from Seville in Spain organised by the Flamenco Festival Committee, a group of flamenco and Spanish culture enthusiasts who aims to bring flamenco and related events to Singapore and beyond. It was first held in Singapore in 2006 to share and promote flamenco and Spanish Feria.",""
"18341701","Feria de Abril Flamenco Festival","_Events","Year","","2006",""
"18341701","Feria de Abril Flamenco Festival","_Events","Source","","Internet Archive: Flamenco Asia (https://web.archive.org/web/20080403003325/http://www.flamencoasia.com/index.html) Retrieved 26 Jan 2024.",""
"18341701","Feria de Abril Flamenco Festival","_Events","Organiser","","Flamenco Festival Committee",""
"18341701","Feria de Abril Flamenco Festival","_Events","ENGtoMAY","20614509","Pesta Feria de Abril Flamenco","_Events_MY"
"18341701","Feria de Abril Flamenco Festival","_Events","ENGtoTAM","18503745","ஃபெரியா டீ அப்ரில் ஃப்ளமென்கோ விழா","_Events_TM"
"20612135","Festival of Biodiversity","_Events","SN","","An annual event by the National Parks Board aimed at creating awareness and appreciation for Singapore's natural heritage. It is co-organised with the Biodiversity Roundtable, an initiative involving more than 20 Non-Governmental Organisations (NGOs) concerned with local biodiversity issues.",""
"20612135","Festival of Biodiversity","_Events","Year","","2012",""
"20612135","Festival of Biodiversity","_Events","Source","","National Parks Board: Festival of Biodiversity (https://fob.nparks.gov.sg/) Retrieved 12 Jun 2025.",""
"20612135","Festival of Biodiversity","_Events","Organiser","","National Parks Board (Singapore)",""
"18341631","Festival of Colours","_Events","Use","18341629","Holi","_Events"
"19994207","Festival of Dance","_Events","SN","","First held as a platform to showcase dance practitioners and choreographers and to encourage the appreciation of dance. It was subsumed under the Festival of Asian Performing Arts in 1993 which in turn merged with the Singapore Festival of Arts in 1999.",""
"19994207","Festival of Dance","_Events","Year","","1982",""
"19994207","Festival of Dance","_Events","Source","","Singapore Infopedia: Festival of Dance (https://eresources.nlb.gov.sg/infopedia/articles/SIP_474_2005-01-24.html) Retrieved 24 Apr 2024.",""
"19994207","Festival of Dance","_Events","Organiser","","National Theatre Trust",""
"18341610","Festival of Lights","_Events","Use","18341578","Deepavali","_Events"
"18341630","Festival of Spring","_Events","Use","18341629","Holi","_Events"
"18341635","Festival of the Cowherd and Weaving Maiden","_Events","Use","18341634","Qi Qiao Jie","_Events"
"19991512","FHA-Food & Beverage","_Events","SN","","Annual international food and beverage trade event that brings together global suppliers and key buyers from Asia and beyond, as well as to showcase developments and future trends of the food and beverage industry. It was formerly known as Food and Hotel Asia (FHA) before it was split into two events FHA-Food & Beverage and FHA-HoReCa in 2018. Originally held biennially, it became an annual event in 2022.",""
"19991512","FHA-Food & Beverage","_Events","Year","","2018",""
"19991512","FHA-Food & Beverage","_Events","Source","","FHA-Food & Beverage (https://fhafnb.com/) Retrieved 26 Jan 2024. | Linkedin: FHA-Food & Beverage (https://www.linkedin.com/company/fhafnb/) Retrieved 26 Jan 2024. | The Straits Times, Sep 5, 2022: F&B trade show expects visitor numbers to return to pre-pandemic levels (https://www.straitstimes.com/singapore/consumer/fb-trade-show-organisers-expect-visitor-numbers-to-return-to-pre-pandemic-levels) Retrieved 26 Jan 2024. | 8视界: 冠病爆发以来 首个实体亚洲食品与酒店餐饮设备展 (https://www.8world.com/singapore/fha-fnb-trade-show-1909086) Retrieved 26 Jan 2024.",""
"19991512","FHA-Food & Beverage","_Events","Organiser","","Informa Markets",""
"19991512","FHA-Food & Beverage","_Events","UF","19991514","Food & Hotel Asia – Food & Beverage","_Events"
"19991512","FHA-Food & Beverage","_Events","ENGtoCHI","19991513","亚洲食品与酒店及餐饮设备展","_Events_CN"
"19991507","Fifth Month Festival","_Events","Use","18341579","Dragon Boat Festival","_Events"
"18341643","Fire-Walking Ceremony","_Events","Use","18341589","Theemithi","_Events"
"18341804","Food and Hotel Asia","_Events","SN","","Annual international food and hospitality event that showcases the latest products and services, industry trends and developments, and the best industry practices. It was later renamed FHA-Food & Beverage.",""
"18341804","Food and Hotel Asia","_Events","Year","","1978",""
"18341804","Food and Hotel Asia","_Events","Source","","FHA2008: The Event (https://web.archive.org/web/20080221175313/http://www.foodnhotelasia.com/the_event.htm) Retrieved 26 Jan 2024. | The Straits Times, 5 May 1982, page 17: A wide range of products at Food & Hotel Asia (https://eresources.nlb.gov.sg/newspapers/digitised/article/straitstimes19820505-1.2.123) Retrieved 26 Jan 2024. | FHA-Food & Beverage: About Us (https://fhafnb.com/about-us/) Retrieved 26 Jan 2024. | Linkedin: FHA-Food & Beverage (https://www.linkedin.com/company/fhafnb/) Retrieved 26 Jan 2024. | The Straits Times, Sep 5, 2022: F&B trade show expects visitor numbers to return to pre-pandemic levels (https://www.straitstimes.com/singapore/consumer/fb-trade-show-organisers-expect-visitor-numbers-to-return-to-pre-pandemic-levels) Retrieved 26 Jan 2024. | 联合早报, 2008年3月14日, 第5版: 今年亚洲食品与酒店展食品安全将是讨论焦点 (https://eresources.nlb.gov.sg/newspapers/digitised/article/lhzb20080314-1.2.9.7) Retrieved 26 Jan 2024.",""
"18341804","Food and Hotel Asia","_Events","Organiser","","Singapore Exhibition Services Pte Ltd",""
"18341804","Food and Hotel Asia","_Events","UF","19991509","Food&HotelAsia","_Events"
"18341804","Food and Hotel Asia","_Events","ENGtoCHI","18503400","亚洲食品与酒店展","_Events_CN"
"18341804","Food and Hotel Asia","_Events","ENGtoMAY","20614465","Makanan Dan Hotel Asia","_Events_MY"
"18341804","Food and Hotel Asia","_Events","ENGtoTAM","18503746","உணவு மற்றும் ஹோட்டல் ஆசியா","_Events_TM"
"19991514","Food & Hotel Asia – Food & Beverage","_Events","Use","19991512","FHA-Food & Beverage","_Events"
"19991509","Food&HotelAsia","_Events","Use","18341804","Food and Hotel Asia","_Events"
"20614419","FORMULA 1 Grand Prix Singapura","_Events_MY","MAYtoENG","18341666","Formula 1 Singapore Grand Prix","_Events"
"18341666","Formula 1 Singapore Grand Prix","_Events","SN","","Formula One (F1) motor race held at the Marina Bay street circuit. The inaugural event was held from 26 to 28 September 2008 after Singapore acquired the rights to host a F1 Grand Prix race annually for five years beginning in 2008. The event is the first F1 street race in Asia, as well as the first ever race to be held at night in F1’s history.",""
"18341666","Formula 1 Singapore Grand Prix","_Events","Year","","2008",""
"18341666","Formula 1 Singapore Grand Prix","_Events","Source","","Singapore Infopedia: Inaugural Formula One Singapore Grand Prix (https://eresources.nlb.gov.sg/infopedia/articles/SIP_1392_2009-11-19.html) Retrieved 26 Jan 2024. | Formula 1 Singapore Airlines Singapore Grand Prix (https://singaporegp.sg/en) Retrieved 26 Jan 2024. | Singapore Tourism Board: Singapore to host the FIA Formula One World Championship until 2028 (https://www.stb.gov.sg/content/stb/en/media-centre/media-releases/Singapore-to-host-the-FIA-Formula-One-World-Championship-until-2028.html) Retrieved 26 Jan 2024. | 联合早报, 2023年12月20日: 国际媒体评选 F1新加坡大奖赛为年度最佳赛站 (https://www.zaobao.com.sg/news/sports/story20231220-1457278) Retrieved 26 Jan 2024.",""
"18341666","Formula 1 Singapore Grand Prix","_Events","Organiser","","Singapore GP Pte Ltd",""
"18341666","Formula 1 Singapore Grand Prix","_Events","Wikidata URI","","http://www.wikidata.org/entity/Q9137",""
"18341666","Formula 1 Singapore Grand Prix","_Events","UF","19991515","F1 Singapore Grand Prix","_Events"
"18341666","Formula 1 Singapore Grand Prix","_Events","UF","18341694","Formula 1 SingTel Singapore Grand Prix","_Events"
"18341666","Formula 1 Singapore Grand Prix","_Events","UF","19991516","Formula One Singapore Grand Prix","_Events"
"18341666","Formula 1 Singapore Grand Prix","_Events","ENGtoCHI","18503401","世界一级方程式赛车新加坡大奖赛","_Events_CN"
"18341666","Formula 1 Singapore Grand Prix","_Events","ENGtoMAY","20614419","FORMULA 1 Grand Prix Singapura","_Events_MY"
"18341666","Formula 1 Singapore Grand Prix","_Events","ENGtoTAM","18503747","ஃபார்முலா 1 சிங்கப்பூர் கிராண்ட் ப்ரிக்ஸ்","_Events_TM"
"18341694","Formula 1 SingTel Singapore Grand Prix","_Events","Use","18341666","Formula 1 Singapore Grand Prix","_Events"
"18341794","Formula Drift Singapore","_Events","SN","","Professional drifting competition first held in 2008, the first time a professional championship was held outside of North America. The race features the sport of 'drifting', where drivers maneuver their cars into well executed, controlled sideways slides at high speeds through a marked course.",""
"18341794","Formula Drift Singapore","_Events","Year","","2008",""
"18341794","Formula Drift Singapore","_Events","Source","","Internet Archive - Formula Drift Singapore: About FD Singapore (https://web.archive.org/web/20080308115219/http://www.formuladrift.com.sg/about.htm) Retrieved 26 Jan 2024. | OneShift: (Update) Formula D FINALLY Arrives in Singapore (https://www.oneshift.com/articles/news/update-formula-d-finally-arrives-in-singapore/) Retrieved 26 Jan 2024. | The Straits Times, 28 April 2008, page 32: Controlled aggression pays off for Japan's Miki (https://eresources.nlb.gov.sg/newspapers/digitised/article/straitstimes20080428-1.2.51.16) Retrieved 26 Jan 2024. | 联合早报, 2008年4月28日, 第13版: 新加坡汽车漂移赛公众反应十分热烈 (https://eresources.nlb.gov.sg/newspapers/digitised/article/lhzb20080428-1.2.24.1) Retrieved 30 Jan 2024.",""
"18341794","Formula Drift Singapore","_Events","Organiser","","Binter Drifter | Formula Drift Holdings",""
"18341794","Formula Drift Singapore","_Events","ENGtoCHI","18503402","新加坡汽车漂移锦标赛","_Events_CN"
"18341794","Formula Drift Singapore","_Events","ENGtoMAY","20614420","Formula Drift Singapura","_Events_MY"
"18341794","Formula Drift Singapore","_Events","ENGtoTAM","18503748","ஃபார்முலா சறுக்காற்றல் சிங்கப்பூர்","_Events_TM"
"20614420","Formula Drift Singapura","_Events_MY","MAYtoENG","18341794","Formula Drift Singapore","_Events"
"19991516","Formula One Singapore Grand Prix","_Events","Use","18341666","Formula 1 Singapore Grand Prix","_Events"
"20614421","Forum Nyata Asia","_Events_MY","MAYtoENG","18341755","Asia Factual Forum","_Events"
"20614422","Forum Pembiayaan Media","_Events_MY","MAYtoENG","18341751","Media Financing Forum","_Events"
"20614423","Forum Televisyen Asia","_Events_MY","MAYtoENG","18341748","Asia Television Forum","_Events"
"18341798","French Film Festival","_Events","SN","","Annual event that showcases recent French movies. It is part of the part of vOilah! France Singapore Festival.",""
"18341798","French Film Festival","_Events","Year","","1985",""
"18341798","French Film Festival","_Events","Source","","Internet Archive - Embassy of France to Singapore: The 23rd. Singapore French Film Festival (https://web.archive.org/web/20071014062345/http://www.ambafrance-sg.org/article.php3?id_article=899) Retrieved 29 Jan 2024. | Alliance Française de Singapour: French Film Festival 2022 edition (https://alliancefrancaise.org.sg/blog/our-blog-1/post/french-film-festival-18#/) Retrieved 29 Jan 2024. | The Straits Times, 22 October 1985, page 12: French film festival to be an annual affair (https://eresources.nlb.gov.sg/newspapers/digitised/article/straitstimes19851022-1.2.21.15) Retrieved 29 Jan 2024. | 联合早报, 2023年10月25日: 韩国电影节免费看13部片　法、德电影节请你看戏 (https://www.zaobao.com.sg/entertainment/story20231025-1445407) Retrieved 30 Jan 2024.",""
"18341798","French Film Festival","_Events","Organiser","","Alliance Française de Singapour",""
"18341798","French Film Festival","_Events","ENGtoCHI","18503403","法国电影节","_Events_CN"
"18341798","French Film Festival","_Events","ENGtoMAY","20614525","Pesta Filem Perancis","_Events_MY"
"18341798","French Film Festival","_Events","ENGtoTAM","18503749","ஃபிரஞ்சு திரைப்பட விழா","_Events_TM"
"18341743","German Film Festival","_Events","SN","","Film festival that showcases recent German films. In 2023, it was held in collaboration with KinoFest, the new regional film festival initiated by Goethe-Institut.",""
"18341743","German Film Festival","_Events","Source","","The Projector: 26th German Film Festival x KinoFest 2023 (https://theprojector.sg/themes/german-film-festival-2023/) Retrieved 30 Jan 2024. | Goethe-Institut: 26th German Film Festival x KinoFest 2023 (https://www.goethe.de/ins/sg/en/kul/gra/g23.html) Retrieved 30 Jan 2024. | 联合早报, 2023年10月25日: 韩国电影节免费看13部片　法、德电影节请你看戏 (https://www.zaobao.com.sg/entertainment/story20231025-1445407) Retrieved 30 Jan 2024.",""
"18341743","German Film Festival","_Events","Organiser","","Goethe-Institut Singapur",""
"18341743","German Film Festival","_Events","ENGtoCHI","18503404","德国电影节","_Events_CN"
"18341743","German Film Festival","_Events","ENGtoMAY","20614520","Pesta Filem Jerman","_Events_MY"
"18341743","German Film Festival","_Events","ENGtoTAM","18503750","ஜெர்மானிய திரைப்பட விழா","_Events_TM"
"20612823","GetActive! Singapore","_Events","SN","","Annual event held in the lead-up to National Day. First launched in 2016, it aims to rally Singaporeans together to celebrate National Day through sport with activities such as sports festivals, ground-up sports initiatives and competitions.",""
"20612823","GetActive! Singapore","_Events","Source","","SG60: Get Active! Singapore (https://www.sg60.gov.sg/get-active-singapore/) Retrieved 26 June 2025. | ActiveSG Circle: About GetActive! Singapore (https://www.activesgcircle.gov.sg/getactive-singapore) Retrieved 26 June 2025.",""
"20612823","GetActive! Singapore","_Events","Organiser","","Sport Singapore",""
"18341595","Good Friday","_Events","SN","","The Friday before Easter Sunday, on which the cruxifixion of Jesus Christ is commemorated in the Christian Church. It is traditionally a day of fasting and penance.",""
"18341595","Good Friday","_Events","Source","","Oxford English Dictionary (https://www.oed.com/) Retrieved 29 Jan 2024. | Singapore Infopedia: Easter (https://www.nlb.gov.sg/main/article-detail?cmsuuid=a7dcddc4-628e-42ee-8441-cb0db4c29b14) Retrieved 29 Jan 2024. | 新加坡眼: Good Friday和复活节是啥关系？新加坡为什么要放假？(https://www.yan.sg/shegmoayafangjiaguaxi/) Retrieved 29 Jan 2024. | 联合早报, 2023年4月06日: 耶稣受难节长周末前 新柔两关卡堵车 (https://www.zaobao.com.sg/realtime/singapore/story20230406-1380240) Retrieved 29 Jan 2024.　",""
"18341595","Good Friday","_Events","ENGtoCHI","18503405","耶稣受难日","_Events_CN"
"18341595","Good Friday","_Events","ENGtoMAY","20614424","Good Friday","_Events_MY"
"18341595","Good Friday","_Events","ENGtoTAM","18503751","புனித வெள்ளிக்கிழமை","_Events_TM"
"20614424","Good Friday","_Events_MY","MAYtoENG","18341595","Good Friday","_Events"
"20614425","Grand Prix Singapura","_Events_MY","MAYtoENG","18341659","Singapore Grand Prix","_Events"
"18341711","Great Eastern Women 10K","_Events","SN","","The Great Eastern Women 10K is the largest of all women running event in Singapore. Since 2006, more than 8,200 women participants took part in the event and it has since attracted a slew of elite runners from all over the world.",""
"18341711","Great Eastern Women 10K","_Events","Month","","10",""
"18341711","Great Eastern Women 10K","_Events","Source","","http://www.women10k.com/index.php?option=com_content&view=article&id=33&Itemid=62",""
"18341711","Great Eastern Women 10K","_Events","Organiser","","Enterprise Sports Group",""
"18341711","Great Eastern Women 10K","_Events","ENGtoCHI","18503406","大东方女子10公里跑步活动","_Events_CN"
"18341711","Great Eastern Women 10K","_Events","ENGtoMAY","20614464","Larian Wanita 10K Great Eastern","_Events_MY"
"18341711","Great Eastern Women 10K","_Events","ENGtoTAM","18503752","கிரேட் ஈஸ்டன் பெண்கள் 10K","_Events_TM"
"18341732","Great Singapore Duck Race","_Events","SN","","Annual fund-raising event organised by Festival Square Circle. Diakonos Productions is the licensee which hold the rights to organize the Duck Race in Asia. The first ever duck race was brought to Asia and held at the Singapore River in 1998. The Great Singapore Duck Race has won multiple international and local awards and also set the World Guinness Book of Records for largest number of rubber ducks ever raced, out of over 200 events round the world.",""
"18341732","Great Singapore Duck Race","_Events","Source","","http://www.duckrace.com.sg",""
"18341732","Great Singapore Duck Race","_Events","Organiser","","Festival Square Circle | Diakonos Productions",""
"18341732","Great Singapore Duck Race","_Events","ENGtoCHI","18503407","新加坡鸭子巡礼水上乐","_Events_CN"
"18341732","Great Singapore Duck Race","_Events","ENGtoMAY","20614485","Perlumbaan Itik Singapura","_Events_MY"
"18341732","Great Singapore Duck Race","_Events","ENGtoTAM","18503753","பெருஞ் சிங்கப்பூர் வாத்து பந்தயம்","_Events_TM"
"18341656","Great Singapore Sale","_Events","SN","","Organised by the Singapore Retailers Association, it is Singapore's most anticipated shopping event, when retailers across the country offer discounts and treats for eight weeks (from late May till late July).",""
"18341656","Great Singapore Sale","_Events","Source","","http://www.greatsingaporesale.com.sg/english/",""
"18341656","Great Singapore Sale","_Events","Organiser","","Singapore Retailers Association",""
"18341656","Great Singapore Sale","_Events","Wikidata URI","","http://www.wikidata.org/entity/Q5599964",""
"18341656","Great Singapore Sale","_Events","ENGtoCHI","18503408","新加坡热卖会","_Events_CN"
"18341656","Great Singapore Sale","_Events","ENGtoMAY","20614449","Jualan Besar-besaran Singapura","_Events_MY"
"18341656","Great Singapore Sale","_Events","ENGtoTAM","18503754","பெருஞ் சிங்கப்பூர் விற்பனை","_Events_TM"
"18341781","Hair for Hope","_Events","SN","","An event which invites members of the public to shave their heads to show their support for children with cancer. It aims to create awareness of childhood cancer in Singapore; tell every child with cancer and their families that they are not alone in the fight against cancer and that there is nothing wrong about losing hair or being bald; Raise funds to help children with cancer and their families.",""
"18341781","Hair for Hope","_Events","Month","","07",""
"18341781","Hair for Hope","_Events","Source","","https://www.ccf.org.sg/get-involved/hair-for-hope/",""
"18341781","Hair for Hope","_Events","Organiser","","Children's Cancer Foundation",""
"18341781","Hair for Hope","_Events","Wikidata URI","","http://www.wikidata.org/entity/Q16873019",""
"18341781","Hair for Hope","_Events","ENGtoCHI","18503409","散发希望活动","_Events_CN"
"18341781","Hair for Hope","_Events","ENGtoMAY","20614563","Rambut untuk Harapan","_Events_MY"
"18341781","Hair for Hope","_Events","ENGtoTAM","18503755","நம்பிக்கைக்காக தலை முடி தானம்","_Events_TM"
"20614426","Hari Bendera dan Pertunjukan NUSSU","_Events_MY","MAYtoENG","18341773","NUSSU Rag and Flag Day","_Events"
"20614427","Hari Buruh","_Events_MY","MAYtoENG","18341654","Labour Day","_Events"
"20614428","Hari Cheng Beng","_Events_MY","MAYtoENG","18341586","Qing Ming Jie","_Events"
"20614429","Hari Deepavali","_Events_MY","MAYtoENG","18341578","Deepavali","_Events"
"20614430","Hari Jadi Confucius","_Events_MY","MAYtoENG","18341603","Confucius' birthday","_Events"
"20614431","Hari Kebangsaan","_Events_MY","MAYtoENG","18341652","National Day","_Events"
"20614432","Hari Manusia","_Events_MY","MAYtoENG","18341620","Ren Ri","_Events"
"20614433","Hari Peringatan","_Events_MY","MAYtoENG","18341782","Remembrance Day","_Events"
"20614434","Hari Pertahanan Negara","_Events_MY","MAYtoENG","18341590","Total Defence Day","_Events"
"18341614","Hari Raya Aidiladha","_Events","Use","18341581","Hari Raya Haji","_Events"
"18341581","Hari Raya Haji","_Events","SN","","Hari Raya Haji, or the ""pilgrimage festival"", marks the end of a Muslim's pilgrimage to the holy city of Mecca in Saudi Arabia. It is also known as the Day of Sacrifice, which commemorates Prophet Ibrahim's test of obedience in sacrificing his son Ismail. In Singapore, Hari Raya Haji is a public holiday. Hari Raya Haji (Aidil Adha) falls on 10 Zulhijjah, the 10th day of 12th month of the Muslim calendar. The Muslim calendar, unlike the 365-day Gregorian calendar is 11 days shorter, with the months alternating between 29 and 30 days.",""
"18341581","Hari Raya Haji","_Events","Source","","https://www.nlb.gov.sg/main/article-detail?cmsuuid=da993df2-3d30-4d56-b8c2-80fa58b375a7",""
"18341581","Hari Raya Haji","_Events","UF","18341613","Day of Sacrifice","_Events"
"18341581","Hari Raya Haji","_Events","UF","18341605","Eid-ul-Adha","_Events"
"18341581","Hari Raya Haji","_Events","UF","18341614","Hari Raya Aidiladha","_Events"
"18341581","Hari Raya Haji","_Events","ENGtoCHI","18503410","哈芝节","_Events_CN"
"18341581","Hari Raya Haji","_Events","ENGtoMAY","20614435","Hari Raya Haji","_Events_MY"
"18341581","Hari Raya Haji","_Events","ENGtoTAM","18503756","ஹஜிப் பெருநாள்","_Events_TM"
"20614435","Hari Raya Haji","_Events_MY","MAYtoENG","18341581","Hari Raya Haji","_Events"
"18341582","Hari Raya Puasa","_Events","SN","","Hari Raya Puasa is the most prominent of all Muslim festivals in Singapore. Hari Raya is Malay for ""Grand day of rejoicing"". It is also known in Arabic as Edil Fitri. It is a celebratory occasion following a month of fasting. The month of fasting is known as Ramadan. According to the Muslim calendar, Hari Raya Puasa falls on the first day of the Muslim month of Shawal. Shawal is the 10th month in the Muslim calendar. The date of Hari Raya Puasa varies each year.",""
"18341582","Hari Raya Puasa","_Events","Source","","https://www.nlb.gov.sg/main/article-detail?cmsuuid=1d986272-ab7e-4e5c-af7c-5b69e76c60af",""
"18341582","Hari Raya Puasa","_Events","UF","18341615","Edil Fitri","_Events"
"18341582","Hari Raya Puasa","_Events","UF","18341606","Eid al-Fitr","_Events"
"18341582","Hari Raya Puasa","_Events","ENGtoCHI","18503411","开斋节","_Events_CN"
"18341582","Hari Raya Puasa","_Events","ENGtoMAY","20614436","Hari Raya Puasa","_Events_MY"
"18341582","Hari Raya Puasa","_Events","ENGtoTAM","18503757","நோன்புப் பெருநாள்","_Events_TM"
"20614436","Hari Raya Puasa","_Events_MY","MAYtoENG","18341582","Hari Raya Puasa","_Events"
"20614437","Hari Roh","_Events_MY","MAYtoENG","18341594","All Souls' Day","_Events"
"20614438","Hari Tahun Baru","_Events_MY","MAYtoENG","18341653","New Year's Day","_Events"
"20614439","Hari Temasya Wanita","_Events_MY","MAYtoENG","18341713","Women's Day Out","_Events"
"20614440","Hari Tentera Singapura","_Events_MY","MAYtoENG","18341789","Singapore Armed Forces Day","_Events"
"20614441","Hari Wesak","_Events_MY","MAYtoENG","18341591","Vesak Day","_Events"
"18341686","HarpFest Singapore","_Events","SN","","This event showcases international and local harpists. A major part of this event is to provide a platform for the young aspiring harpists to perform and nurture their love for the instrument though ensemble playing.",""
"18341686","HarpFest Singapore","_Events","Month","","10",""
"18341686","HarpFest Singapore","_Events","Source","","http://www.harpfest.com/",""
"18341686","HarpFest Singapore","_Events","Organiser","","Rave Harps",""
"18341686","HarpFest Singapore","_Events","ENGtoCHI","18503412","新加坡竖琴节","_Events_CN"
"18341686","HarpFest Singapore","_Events","ENGtoMAY","20614530","Pesta Harp Singapura","_Events_MY"
"18341686","HarpFest Singapore","_Events","ENGtoTAM","18503758","யாழிசைஞர் விழா சிங்கப்பூர்","_Events_TM"
"18341640","Harvest Festival","_Events","Use","18341639","Onam","_Events"
"18341772","Heartstrings Walk","_Events","SN","","Charity walk and carnival for the benefit of charities under the Community Chest.",""
"18341772","Heartstrings Walk","_Events","Month","","08",""
"18341772","Heartstrings Walk","_Events","Source","","http://www.comchest.org.sg/comchest/HeartstringsWalk08/index.html",""
"18341772","Heartstrings Walk","_Events","Organiser","","Community Chest of Singapore",""
"18341772","Heartstrings Walk","_Events","ENGtoCHI","18503413","心弦义走","_Events_CN"
"18341772","Heartstrings Walk","_Events","ENGtoMAY","20614442","Heartstrings Walk","_Events_MY"
"18341772","Heartstrings Walk","_Events","ENGtoTAM","18503759","இதய அன்புத்தளை நடை","_Events_TM"
"20614442","Heartstrings Walk","_Events_MY","MAYtoENG","18341772","Heartstrings Walk","_Events"
"18341629","Holi","_Events","SN","","A Hindu festival originating from India, also known as the 'festival of colours' or 'festival of spring', Holi falls in the month of Chaitra (March - April). People spray coloured water and powder at each other, signifying spring.",""
"18341629","Holi","_Events","Source","","Singapore: the Encyclopedia (2006)",""
"18341629","Holi","_Events","UF","18341631","Festival of Colours","_Events"
"18341629","Holi","_Events","UF","18341630","Festival of Spring","_Events"
"18341629","Holi","_Events","ENGtoCHI","18503414","洒红节","_Events_CN"
"18341629","Holi","_Events","ENGtoMAY","20614443","Holi","_Events_MY"
"18341629","Holi","_Events","ENGtoTAM","18503760","ஹோலி","_Events_TM"
"20614443","Holi","_Events_MY","MAYtoENG","18341629","Holi","_Events"
"20614444","Hong Bao Sungai Singapura","_Events_MY","MAYtoENG","18341695","Singapore River Hongbao","_Events"
"20636585","HSBC Singapore Sevens","_Events","Use","18341660","Singapore Sevens","_Events"
"18341697","Hua Yi Jie","_Events","Use","18341696","Huayi (Arts festival)","_Events"
"18341696","Huayi (Arts festival)","_Events","SN","","Launched in 2003 during the Chinese New Year, this is one of three annual cultural festivals at Esplanade, celebrating Singapore's multicultural heritage. Works curated for each Huayi range from the traditional to the contemporary, from the mainstream to the cutting edge.",""
"18341696","Huayi (Arts festival)","_Events","Source","","https://www.esplanade.com/whats-on/festivals-and-series/festivals/2024/huayi-chinese-festival-of-arts/about",""
"18341696","Huayi (Arts festival)","_Events","Organiser","","The Esplanade Co Ltd",""
"18341696","Huayi (Arts festival)","_Events","UF","18341697","Hua Yi Jie","_Events"
"18341696","Huayi (Arts festival)","_Events","ENGtoCHI","18503415","华艺节 (艺术节)","_Events_CN"
"18341696","Huayi (Arts festival)","_Events","ENGtoMAY","20614445","Huayi (Pesta kesenian)","_Events_MY"
"18341696","Huayi (Arts festival)","_Events","ENGtoTAM","18503761","ஹுவாய் (கலை விழா)","_Events_TM"
"20614445","Huayi (Pesta kesenian)","_Events_MY","MAYtoENG","18341696","Huayi (Arts festival)","_Events"
"18341583","Hungry Ghost Festival","_Events","SN","","The Hungry Ghost Festival or the Feast for the Wandering Souls (also known as Zhong Yuan Jie in Mandarin) is held on the 7th month of the lunar calendar. On the 15th day of the 7th month, families pay respect to their deceased relatives and visit their graves often with much feasting as if their dead relations were still with them.",""
"18341583","Hungry Ghost Festival","_Events","Source","","https://www.nlb.gov.sg/main/article-detail?cmsuuid=fe14c69f-7d05-4844-abae-de842064f5ce",""
"18341583","Hungry Ghost Festival","_Events","Wikidata URI","","http://www.wikidata.org/entity/Q696781",""
"18341583","Hungry Ghost Festival","_Events","UF","18341599","Feast for the Wandering Souls","_Events"
"18341583","Hungry Ghost Festival","_Events","UF","18341616","Zhong Yuan Jie","_Events"
"18341583","Hungry Ghost Festival","_Events","ENGtoCHI","18503416","中元节","_Events_CN"
"18341583","Hungry Ghost Festival","_Events","ENGtoMAY","20614529","Pesta Hantu Lapar","_Events_MY"
"18341583","Hungry Ghost Festival","_Events","ENGtoTAM","18503762","பசியான ஆவி விழா","_Events_TM"
"19905300","i Light Marina Bay","_Events","Use","19905299","i Light Singapore","_Events"
"19905299","i Light Singapore","_Events","SN","","An annual sustainable light festival organised by the Urban Redevelopment Authority showcasing light art installations created by Singaporean and international artists. Traditionally held in Marina Bay, when the festival first started in 2010 it was originally named ""i Light Marina Bay"" and was run on a biennial basis until 2016, after which it became an annual event. In 2019, the event was renamed ""i Light Singapore"".",""
"19905299","i Light Singapore","_Events","Year","","2010",""
"19905299","i Light Singapore","_Events","Source","","i Light Singapore (https://www.ilightsingapore.gov.sg/about/the-festival/) Retrieved 19 Jun 2023. | Straits Times, 1 Jun 2023, page C6: i Light Singapore makes waves. | Wikipedia: i Light Marina Bay (https://en.wikipedia.org/wiki/I_Light_Marina_Bay) Retrieved 19 Jun 2023.",""
"19905299","i Light Singapore","_Events","Organiser","","Urban Redevelopment Authority (Singapore)",""
"19905299","i Light Singapore","_Events","Wikidata URI","","http://www.wikidata.org/entity/Q5977922",""
"19905299","i Light Singapore","_Events","UF","19905300","i Light Marina Bay","_Events"
"20612853","ICCS","_Events","Use","20612851","International Conference on Cohesive Societies","_Events"
"20614446","Idola Singapura","_Events_MY","MAYtoENG","18341563","Singapore Idol","_Events"
"20012716","IISS Asia Security Summit","_Events","Use","20012715","Shangri-La Dialogue","_Events"
"18341803","Infocomm Media Business Exchange","_Events","SN","","Asia's largest infocomm and media business platform that brings together business leaders, companies and industry professionals to showcase their latest innovations, network, exchange ideas and tap into new markets.",""
"18341803","Infocomm Media Business Exchange","_Events","Month","","06",""
"18341803","Infocomm Media Business Exchange","_Events","Source","","www.visit-imbx.com",""
"18341803","Infocomm Media Business Exchange","_Events","Organiser","","Singapore Exhibition Services",""
"18341803","Infocomm Media Business Exchange","_Events","NT","18341763","CG Overdrive","_Events"
"18341803","Infocomm Media Business Exchange","_Events","NT","18341764","Interactive DME","_Events"
"18341803","Infocomm Media Business Exchange","_Events","ENGtoCHI","18503417","资讯通信及媒体业交流大会","_Events_CN"
"18341803","Infocomm Media Business Exchange","_Events","ENGtoMAY","20614493","Pertukaran Perniagaan Media Infocomm","_Events_MY"
"18341803","Infocomm Media Business Exchange","_Events","ENGtoTAM","18503763","இன்ஃபோகாம் ஊடக வணிகப் பரிமாற்றம்","_Events_TM"
"18341759","Intel Action Film Fest","_Events","SN","","Competition, showcase, and workshops targeted at amateur and budding filmmakers.",""
"18341759","Intel Action Film Fest","_Events","Source","","www.asiamediafestival.com",""
"18341759","Intel Action Film Fest","_Events","Organiser","","Intel Corporation",""
"18341759","Intel Action Film Fest","_Events","RT","18341747","Asia Media Festival","_Events"
"18341759","Intel Action Film Fest","_Events","ENGtoCHI","18503418","英特尔动作片节","_Events_CN"
"18341759","Intel Action Film Fest","_Events","ENGtoMAY","20614512","Pesta Filem Aksi Intel","_Events_MY"
"18341759","Intel Action Film Fest","_Events","ENGtoTAM","18503764","இன்டெல் செயலாற்றல் திரைப்பட விழா","_Events_TM"
"18341765","Interactive Digital Media and Entertainment Exhibition and Conference","_Events","Use","18341764","Interactive DME","_Events"
"18341764","Interactive DME","_Events","SN","","A showcase of the latest innovations in digital media, and a networking platform for investors, digital media producers, and information and content managers to tap into the vast business opportunities in the Asian market.",""
"18341764","Interactive DME","_Events","Source","","www.interactivedme.com",""
"18341764","Interactive DME","_Events","Organiser","","Singapore Exhibition Services",""
"18341764","Interactive DME","_Events","UF","18341765","Interactive Digital Media and Entertainment Exhibition and Conference","_Events"
"18341764","Interactive DME","_Events","BT","18341803","Infocomm Media Business Exchange","_Events"
"18341764","Interactive DME","_Events","ENGtoCHI","18503419","互动数字多媒体与娱乐展","_Events_CN"
"18341764","Interactive DME","_Events","ENGtoMAY","20614447","InteractiveDME","_Events_MY"
"18341764","Interactive DME","_Events","ENGtoTAM","18503765","ஊடாடும் டிஎம்ஈ","_Events_TM"
"20614447","InteractiveDME","_Events_MY","MAYtoENG","18341764","Interactive DME","_Events"
"20612851","International Conference on Cohesive Societies","_Events","SN","","Conference on interfaith and multicultural dialogue based in Singapore. Mooted by former President of Singapore Halimah Yacob and inaugurated in 2019, it provides an international platform for global thought leaders, policymakers, community practitioners and young leaders to exchange ideas, share best practices, and develop solutions for cohesive and resilient multicultural societies worldwide. The conference is organised by the S. Rajaratnam School of International Studies (RSIS) and supported by the Ministry of Culture, Community and Youth (MCCY).",""
"20612851","International Conference on Cohesive Societies","_Events","Source","","The International Conference on Cohesive Societies: About ICCS 2025 (https://www.iccs.sg/iccs/) Retrieved 27 June 2025.",""
"20612851","International Conference on Cohesive Societies","_Events","Organiser","","S. Rajaratnam School of International Studies",""
"20612851","International Conference on Cohesive Societies","_Events","UF","20612853","ICCS","_Events"
"18341720","International Furniture Fair Singapore","_Events","SN","","The International Furniture Fair Singapore, held in conjunction with the ASEAN Furniture Show (IFFS/AFS) began in 1981 and has since grown to be regarded by industry experts as Asia's most prestigious furniture trade show. It provides an effective marketing platform for regional companies to venture into global markets.",""
"18341720","International Furniture Fair Singapore","_Events","Month","","03",""
"18341720","International Furniture Fair Singapore","_Events","Source","","http://www.iffs.com.sg/",""
"18341720","International Furniture Fair Singapore","_Events","Organiser","","International Furniture Fair Singapore Pte Ltd",""
"18341720","International Furniture Fair Singapore","_Events","ENGtoCHI","18503420","新加坡国际家具展","_Events_CN"
"18341720","International Furniture Fair Singapore","_Events","ENGtoMAY","20614478","Pameran Perabot Antarabangsa Singapura","_Events_MY"
"18341720","International Furniture Fair Singapore","_Events","ENGtoTAM","18503766","சிங்கப்பூர் பன்னாட்டு தட்டுமுட்டுப் பொருட்கள் சந்தை","_Events_TM"
"18341681","Ironman 70.3 Triathlon Singapore","_Events","SN","","Organised by H-Tri Pte Ltd in Singapore, this event is part of the Ironman 70.3 triathlon worldwide series. The first race took place in September 2007, and consisted of a 1.9km / 1.2 mile swim, a 90-kilometre / 56-mile bike and a 21.1km /13.1 mile run, which adds up to 70.3 miles of total racing.",""
"18341681","Ironman 70.3 Triathlon Singapore","_Events","Month","","09",""
"18341681","Ironman 70.3 Triathlon Singapore","_Events","Source","","http://www.ironman703singapore.com/index.php?page=background",""
"18341681","Ironman 70.3 Triathlon Singapore","_Events","Organiser","","H-Tri Pte Ltd",""
"18341681","Ironman 70.3 Triathlon Singapore","_Events","UF","18341693","Aviva Ironman 70.3 Singapore","_Events"
"18341681","Ironman 70.3 Triathlon Singapore","_Events","ENGtoCHI","18503421","新加坡铁人70.3三项运动赛","_Events_CN"
"18341681","Ironman 70.3 Triathlon Singapore","_Events","ENGtoMAY","20614448","Ironman 70.3 Triathlon Singapura","_Events_MY"
"18341681","Ironman 70.3 Triathlon Singapore","_Events","ENGtoTAM","18503767","இரும்பு மனிதன் 70.3 டிரையத்லான் சிங்கப்பூர்","_Events_TM"
"20614448","Ironman 70.3 Triathlon Singapura","_Events_MY","MAYtoENG","18341681","Ironman 70.3 Triathlon Singapore","_Events"
"18341734","Italian Film Festival","_Events","SN","","Annual festival held in Singapore featuring movies by Italian filmmakers.",""
"18341734","Italian Film Festival","_Events","Month","","06",""
"18341734","Italian Film Festival","_Events","Source","","http://www.sfs.org.sg/event.php?id=148",""
"18341734","Italian Film Festival","_Events","Organiser","","Singapore Film Society | Italian Cultural Institute",""
"18341734","Italian Film Festival","_Events","ENGtoCHI","18503422","意大利电影节","_Events_CN"
"18341734","Italian Film Festival","_Events","ENGtoMAY","20614518","Pesta Filem Itali","_Events_MY"
"18341734","Italian Film Festival","_Events","ENGtoTAM","18503768","இத்தாலிய திரைப்பட விழா","_Events_TM"
"18341733","Japanese Film Festival","_Events","SN","","Annual festival held in Singapore featuring movies by Japanese filmmakers.",""
"18341733","Japanese Film Festival","_Events","Month","","08",""
"18341733","Japanese Film Festival","_Events","Source","","http://www.sfs.org.sg/event.php?id=155",""
"18341733","Japanese Film Festival","_Events","Organiser","","Embassy of Japan | Singapore Film Society",""
"18341733","Japanese Film Festival","_Events","ENGtoCHI","18503423","日本电影节","_Events_CN"
"18341733","Japanese Film Festival","_Events","ENGtoMAY","20614519","Pesta Filem Jepun","_Events_MY"
"18341733","Japanese Film Festival","_Events","ENGtoTAM","18503769","ஜப்பானிய திரைப்பட விழா","_Events_TM"
"18341646","Jiu Huang Ye Festival","_Events","Source","","http://en.wikipedia.org/wiki/Nine_Emperor_Gods_Festival",""
"18341646","Jiu Huang Ye Festival","_Events","Use","18341645","Nine Emperor Gods Festival","_Events"
"18341702","JPMorgan Chase Corporate Challenge","_Events","SN","","Participants from Singapore businesses compete in a 5.6km road race in the Central Business District. Organised by Sporting Spectrum, the race is open only to full-time employees of local businesses, and the first race was held in 2004. The event is known as the JPMorgan Corporate Challenge from 2011.",""
"18341702","JPMorgan Chase Corporate Challenge","_Events","Month","","05",""
"18341702","JPMorgan Chase Corporate Challenge","_Events","Source","","http://www.sportingspectrum.com/index.php?type=9&id=38 | Wikipedia: JPMorgan Corporate Challenge (https://en.wikipedia.org/wiki/JPMorgan_Corporate_Challenge) Retrieved 22 Jan 2024.",""
"18341702","JPMorgan Chase Corporate Challenge","_Events","Organiser","","Sporting Spectrum",""
"18341702","JPMorgan Chase Corporate Challenge","_Events","ENGtoCHI","18503424","摩根大通企业挑战慈善义跑","_Events_CN"
"18341702","JPMorgan Chase Corporate Challenge","_Events","ENGtoMAY","20614412","Cabaran Korporat JPMorgan","_Events_MY"
"18341702","JPMorgan Chase Corporate Challenge","_Events","ENGtoTAM","18503770","ஜேபி மோர்கன் சேய்ஸ் நிறுவனங்களுக்கான அறைகூவல்","_Events_TM"
"19991345","JPMorgan Corporate Challenge Singapore","_Events","SN","","Part of an annual series of corporate running events which take place in a number of cities around the world, including Singapore. Teams compete in a 5.6 km race, promoting fitness, camaraderie and teamwork.",""
"19991345","JPMorgan Corporate Challenge Singapore","_Events","Source","","JPMorgan Corporate Challenge: Singapore (https://www.jpmorganchasecc.com/en/singapore) Retrieved 22 Jan 2024. | Wikipedia: JPMorgan Corporate Challenge (https://en.wikipedia.org/wiki/JPMorgan_Corporate_Challenge) Retrieved 22 Jan 2024.",""
"19991345","JPMorgan Corporate Challenge Singapore","_Events","Organiser","","JPMorgan Chase & Co.",""
"20614449","Jualan Besar-besaran Singapura","_Events_MY","MAYtoENG","18341656","Great Singapore Sale","_Events"
"20614450","Jualan Buku-buku Perpustakaan","_Events_MY","MAYtoENG","18341791","Library Book Sale","_Events"
"18341726","Kalaa Utsavam: Indian Festival of Arts","_Events","SN","","An annual festival that celebrates Indian arts and culture during the Deepavali celebration month.",""
"18341726","Kalaa Utsavam: Indian Festival of Arts","_Events","Month","","11",""
"18341726","Kalaa Utsavam: Indian Festival of Arts","_Events","Source","","Esplanade: Festivals (https://www.esplanade.com/kalaautsavam) Retrieved 23 Jan 2024.",""
"18341726","Kalaa Utsavam: Indian Festival of Arts","_Events","Organiser","","The Esplanade Co Ltd",""
"18341726","Kalaa Utsavam: Indian Festival of Arts","_Events","RT","18341578","Deepavali","_Events"
"18341726","Kalaa Utsavam: Indian Festival of Arts","_Events","ENGtoCHI","18503425","印度艺术节","_Events_CN"
"18341726","Kalaa Utsavam: Indian Festival of Arts","_Events","ENGtoMAY","20614451","Kalaa Utsavam (Pesta kesenian)","_Events_MY"
"18341726","Kalaa Utsavam: Indian Festival of Arts","_Events","ENGtoTAM","18503771","கலா உற்சவம் (கலை விழா)","_Events_TM"
"20614451","Kalaa Utsavam (Pesta kesenian)","_Events_MY","MAYtoENG","18341726","Kalaa Utsavam: Indian Festival of Arts","_Events"
"20614452","Kejohanan Amatur Terbuka Singapura (Pertandingan golf)","_Events_MY","MAYtoENG","18341715","Singapore Open Amateur Championship (Golf tournament)","_Events"
"20614453","Kejohanan Bola Tampar Pesta Sukan","_Events_MY","MAYtoENG","18341784","Pesta Sukan Volleyball Championship","_Events"
"20614454","Kejohanan-kejohanan Tembakan Terbuka Singapura","_Events_MY","MAYtoENG","18341788","Singapore Shooting Championship","_Events"
"20614455","Kejohanan Pencak Silat Kebangsaan","_Events_MY","MAYtoENG","18341799","National Pencak Silat Championship","_Events"
"20614456","Kejohanan Permainan Siber Dunia","_Events_MY","MAYtoENG","18341675","World Cyber Games Asian Championship","_Events"
"20614457","Kemuncak Gourmet Dunia","_Events_MY","MAYtoENG","18341665","World Gourmet Summit","_Events"
"20614458","Konvensyen Alat Permainan dan komik Singapura","_Events_MY","MAYtoENG","18341796","Singapore Toy and Comic Convention","_Events"
"18341647","Kow Ong Yah","_Events","Use","18341645","Nine Emperor Gods Festival","_Events"
"18341648","Kow Wong Yeh","_Events","Use","18341645","Nine Emperor Gods Festival","_Events"
"18341704","KrisFlyer International Sprint (Horses)","_Events","SN","","A thoroughbred horse race held at Kranji Racecourse, run over a distance of 1200 meters. It was sponsored by Singapore Airlines and offered a prize of S$1 million. Introduced in 2001, it ran annually from 2008 until it was discontinued in 2015.",""
"18341704","KrisFlyer International Sprint (Horses)","_Events","Month","","05",""
"18341704","KrisFlyer International Sprint (Horses)","_Events","Source","","Wikipedia: KrisFlyer International Sprint (https://en.wikipedia.org/wiki/KrisFlyer_International_Sprint) Retrieved 23 Jan 2024. | Asian Racing Federation: News, 10 Sep 2015: Singapore discontinues SIA Cup and Krisflyer Sprint (https://www.asianracing.org/news/singapore-discontinues-sia-cup-and-krisflyer-sprint) Retrieved 23 Jan 2024.",""
"18341704","KrisFlyer International Sprint (Horses)","_Events","Organiser","","Singapore Turf Club",""
"18341704","KrisFlyer International Sprint (Horses)","_Events","Wikidata URI","","http://www.wikidata.org/entity/Q6133379",""
"18341704","KrisFlyer International Sprint (Horses)","_Events","BT","18341705","Singapore International Racing Festival (Horses)","_Events"
"18341704","KrisFlyer International Sprint (Horses)","_Events","RT","18341703","Singapore Airlines International Cup (Horses)","_Events"
"18341704","KrisFlyer International Sprint (Horses)","_Events","ENGtoCHI","18503426","新航国际短途锦标赛","_Events_CN"
"18341704","KrisFlyer International Sprint (Horses)","_Events","ENGtoMAY","20614461","Larian Pecut Antarabangsa KrisFlyer","_Events_MY"
"18341704","KrisFlyer International Sprint (Horses)","_Events","ENGtoTAM","18503772","கிறிஸ்ஃபிளையர் பன்னாட்டு விரைவோட்டம் (குதிரைகள்)","_Events_TM"
"20614459","Krismas","_Events_MY","MAYtoENG","18341577","Christmas","_Events"
"18341654","Labour Day","_Events","SN","","A public holiday on May 1st, an international day honouring workers. It is also known as May Day. It was first gazetted as a public holiday in Singapore in 1960.",""
"18341654","Labour Day","_Events","Month","","05",""
"18341654","Labour Day","_Events","Day","","01",""
"18341654","Labour Day","_Events","Source","","SG101: History: May Day (https://www.sg101.gov.sg/history/on-this-day/may-day/) Retrieved 23 Jan 2024.",""
"18341654","Labour Day","_Events","Wikidata URI","","http://www.wikidata.org/entity/Q16926793",""
"18341654","Labour Day","_Events","UF","18341655","May Day","_Events"
"18341654","Labour Day","_Events","ENGtoCHI","18503427","劳动节","_Events_CN"
"18341654","Labour Day","_Events","ENGtoMAY","20614427","Hari Buruh","_Events_MY"
"18341654","Labour Day","_Events","ENGtoTAM","18503773","தொழிலாளர் தினம்","_Events_TM"
"18341619","Lantern Festival","_Events","Use","18341585","Mid-Autumn Festival","_Events"
"20614460","Larian Orchard Anlene","_Events_MY","MAYtoENG","18341550","Anlene Orchard Mile","_Events"
"20614461","Larian Pecut Antarabangsa KrisFlyer","_Events_MY","MAYtoENG","18341704","KrisFlyer International Sprint (Horses)","_Events"
"20614462","Larian Shape","_Events_MY","MAYtoENG","18341592","SHAPE Run","_Events"
"20614463","Larian Singapore Bay","_Events_MY","MAYtoENG","18341677","Singapore Bay Run","_Events"
"20614464","Larian Wanita 10K Great Eastern","_Events_MY","MAYtoENG","18341711","Great Eastern Women 10K","_Events"
"18341786","League Cup (Singapore)","_Events","SN","","An annual football competition that was open to S League teams. It ran from 2007 to 2017.",""
"18341786","League Cup (Singapore)","_Events","Source","","Wikipedia: Singapore League Cup (https://en.wikipedia.org/wiki/Singapore_League_Cup) Retrieved 23 Jan 2024.",""
"18341786","League Cup (Singapore)","_Events","Organiser","","Football Association of Singapore",""
"18341786","League Cup (Singapore)","_Events","Wikidata URI","","http://www.wikidata.org/entity/Q766650",""
"18341786","League Cup (Singapore)","_Events","ENGtoCHI","18503428","新加坡联赛杯 (足球赛)","_Events_CN"
"18341786","League Cup (Singapore)","_Events","ENGtoMAY","20614559","Piala Liga (Perlawanan bola sepak)","_Events_MY"
"18341786","League Cup (Singapore)","_Events","ENGtoTAM","18503774","தொடர் போட்டிக் கோப்பை (காற்பந்தாட்டத் தொடர் போட்டி)","_Events_TM"
"18341687","Lexus Cup","_Events","SN","","An annual women's golf tournament contested by a team representing Asia and an international team representing the rest of the world. It was sanctioned by the LPGA Tour. It was played between 2005 and 2008 in Singapore, except for the 2007 event which was held in Australia.",""
"18341687","Lexus Cup","_Events","Month","","12",""
"18341687","Lexus Cup","_Events","Source","","Wikipedia: Lexus Cup (https://en.wikipedia.org/wiki/Lexus_Cup) Retrieved 23 Jan 2024.",""
"18341687","Lexus Cup","_Events","Wikidata URI","","http://www.wikidata.org/entity/Q2163327",""
"18341687","Lexus Cup","_Events","ENGtoCHI","18503429","立胜杯女子高尔夫球团体赛","_Events_CN"
"18341687","Lexus Cup","_Events","ENGtoMAY","20614558","Piala Lexus","_Events_MY"
"18341687","Lexus Cup","_Events","ENGtoTAM","18503775","லெக்ஸஸ் கோப்பை","_Events_TM"
"18341791","Library Book Sale","_Events","SN","","Annual public sale of used library books. The first centralised book sale was held in 1998. It was discontinued after the 2015 book sale.",""
"18341791","Library Book Sale","_Events","Month","","07",""
"18341791","Library Book Sale","_Events","Source","","Singapore Infopedia: Library Book Sale (https://www.nlb.gov.sg/main/article-detail?cmsuuid=8cb1780f-d6c5-41ea-94dd-108fb454fb3a) Retrieved 23 Jan 2024.",""
"18341791","Library Book Sale","_Events","Organiser","","Singapore. National Library Board",""
"18341791","Library Book Sale","_Events","ENGtoCHI","18503430","图书馆管理局旧书热卖会","_Events_CN"
"18341791","Library Book Sale","_Events","ENGtoMAY","20614450","Jualan Buku-buku Perpustakaan","_Events_MY"
"18341791","Library Book Sale","_Events","ENGtoTAM","18503776","நூலக புத்தக விற்பனை","_Events_TM"
"18341566","M1 Singapore Fringe Festival (2005-2025)","_Events","SN","","Annual festival of theatre, performance arts, film, dance, visual arts, mixed media, music and forum created and presented by Singaporean and international artists. Themed differently each year, the Festival aims to bring the best of contemporary, cutting-edge and socially-engaged works to Singapore audiences. It was funded by the telecommunications company M1 from the festival's inception in 2005 till 2025.",""
"18341566","M1 Singapore Fringe Festival (2005-2025)","_Events","Year","","2005",""
"18341566","M1 Singapore Fringe Festival (2005-2025)","_Events","Source","","M! Singapore Fringe Festival (www.singaporefringe.com) | Straits Times, 11 July 2025, page C10: Festival saved by crowdfunding, to return in January.",""
"18341566","M1 Singapore Fringe Festival (2005-2025)","_Events","Organiser","","Necessary Stage (Firm)",""
"18341566","M1 Singapore Fringe Festival (2005-2025)","_Events","Slogan","","Art and War (2005) | Art and Healing (2006) | Art and Disability (2007) | Art and History (2008) | Art and Family (2009)",""
"18341566","M1 Singapore Fringe Festival (2005-2025)","_Events","Wikidata URI","","http://www.wikidata.org/entity/Q24949688",""
"18341566","M1 Singapore Fringe Festival (2005-2025)","_Events","ENGtoCHI","18503432","M1新加坡艺穗节","_Events_CN"
"18341566","M1 Singapore Fringe Festival (2005-2025)","_Events","ENGtoMAY","20614544","Pesta Pinggir M1 Singapura","_Events_MY"
"18341566","M1 Singapore Fringe Festival (2005-2025)","_Events","ENGtoTAM","18503778","எம்1 சிங்கப்பூர் இதர நிகழ்ச்சிகள் விழா","_Events_TM"
"18503432","M1新加坡艺穗节","_Events_CN","UF","18503572","第一通新加坡艺穗节","_Events_CN"
"18503432","M1新加坡艺穗节","_Events_CN","CHItoENG","18341566","M1 Singapore Fringe Festival (2005-2025)","_Events"
"18341761","Machinimasia Festival","_Events","SN","","A series of workshops based on the art of Machinima, which is a blend of cyber gaming and filmmaking. The event took place only once on 24-25 Nov 2006.",""
"18341761","Machinimasia Festival","_Events","Source","","Business Times, 28 Aug 2006: Machinimasia Festival to be held in Nov (https://eresources.nlb.gov.sg/newspapers/digitised/article/biztimes20060828-1.2.43.12.3) Retrieved 24 Jan 2024.",""
"18341761","Machinimasia Festival","_Events","Organiser","","ADK Interactive Asia",""
"18341761","Machinimasia Festival","_Events","ENGtoCHI","18503433","亚洲电玩片节","_Events_CN"
"18341761","Machinimasia Festival","_Events","ENGtoMAY","20614535","Pesta Machinimasia","_Events_MY"
"18341761","Machinimasia Festival","_Events","ENGtoTAM","18503779","மச்சினிமாசியா விழா","_Events_TM"
"20614465","Makanan Dan Hotel Asia","_Events_MY","MAYtoENG","18341804","Food and Hotel Asia","_Events"
"18341627","Makara Sankranti","_Events","Use","18341625","Ponggal","_Events"
"19992089","Malayan Orchid Show","_Events","SN","","Annual show that exhibited orchid plants and flowers from residents in Singapore and Malaya.",""
"19992089","Malayan Orchid Show","_Events","Year","","1957",""
"19992089","Malayan Orchid Show","_Events","Source","","Malayan Orchid Show 1961 under the auspices of the Malayan Orchid Society, Happy World Stadium, Sept. 29, 30 & Oct 2 (1961)",""
"19992089","Malayan Orchid Show","_Events","Organiser","","Malayan Orchid Society",""
"20614466","Maraton Matahari Terbenam","_Events_MY","MAYtoENG","18341706","Sundown Marathon","_Events"
"20614467","Maraton Singapura","_Events_MY","MAYtoENG","18341690","Singapore Marathon","_Events"
"18341649","Maulud Nabi","_Events","SN","","The Prophet Muhammad's birthday is observed on 12 Rabiulawal, the third month of the Islamic calendar. In the past, Muslims in Singapore held large processions on public roads for this event but since the race riots in 1964, (involving one such procession) the practice has been banned. Maulud ceremonies are still carried out in homes and mosques throughout Singapore.",""
"18341649","Maulud Nabi","_Events","Source","","Singapore: the Encyclopedia",""
"18341649","Maulud Nabi","_Events","UF","18341650","Prophet Muhammad's birthday","_Events"
"18341649","Maulud Nabi","_Events","ENGtoCHI","18503434","穆罕默德诞辰","_Events_CN"
"18341649","Maulud Nabi","_Events","ENGtoMAY","20614468","Maulud Naibi","_Events_MY"
"18341649","Maulud Nabi","_Events","ENGtoTAM","18503780","மீலாத் நபி","_Events_TM"
"20614468","Maulud Naibi","_Events_MY","MAYtoENG","18341649","Maulud Nabi","_Events"
"18341655","May Day","_Events","Use","18341654","Labour Day","_Events"
"18341751","Media Financing Forum","_Events","SN","","Presents the views and insights of industry specialists who will update on the media financing scene in Asia as well as highlight developing trends in alternative funding sources for media projects. It also creates opportunities for budding producers, directors and creative executives to meet up with financiers, government agencies and commissioning editors, through 1-on-1 appointments to pitch their ideas to potential investors. This trade event is part of the Asia Media Festival hosted by the Media Development Authority of Singapore.",""
"18341751","Media Financing Forum","_Events","Source","","IMDA: Press Releases, 29 Nov 2006: Strong international presence at markets ad US$250m in film funding up for negotiation at the MFF (https://www.imda.gov.sg/resources/press-releases-factsheets-and-speeches/archived/mda/press-releases/2006/strong-international-presence-at-markets-and-us250m-in-film-funding-up-for-negotiation-at-the-mff) Retrieved 24 Jan 2024.",""
"18341751","Media Financing Forum","_Events","Organiser","","Reed Exhibitions",""
"18341751","Media Financing Forum","_Events","BT","18341747","Asia Media Festival","_Events"
"18341751","Media Financing Forum","_Events","ENGtoCHI","18503435","媒体融资论坛","_Events_CN"
"18341751","Media Financing Forum","_Events","ENGtoMAY","20614422","Forum Pembiayaan Media","_Events_MY"
"18341751","Media Financing Forum","_Events","ENGtoTAM","18503781","ஊடக நிதி விவகாரங்களுக்கான பொதுமன்றம்","_Events_TM"
"18341783","Memorial Day","_Events","Use","18341782","Remembrance Day","_Events"
"20614469","Menunggang Untuk Hidup","_Events_MY","MAYtoENG","18341775","Riding for Life","_Events"
"18341742","Mexican Film Festival","_Events","SN","","Festival of films and filmmakers from Mexico, presented by the Embassy of Mexico in Singapore.",""
"18341742","Mexican Film Festival","_Events","Source","","Time Out (https://www.timeout.com/singapore/film/mexican-film-festival) Retrieved 24 Jan 2024.",""
"18341742","Mexican Film Festival","_Events","Organiser","","Embassy of Mexico",""
"18341742","Mexican Film Festival","_Events","ENGtoCHI","18503436","墨西哥电影节","_Events_CN"
"18341742","Mexican Film Festival","_Events","ENGtoMAY","20614522","Pesta Filem Mexico","_Events_MY"
"18341742","Mexican Film Festival","_Events","ENGtoTAM","18503782","மெக்சிக்க திரைப்பட விழா","_Events_TM"
"18341585","Mid-Autumn Festival","_Events","SN","","A Chinese festival also known as the Mooncake Festival or Lantern Festival. It is celebrated on the 15th day of the eighth month in the Chinese Lunar calendar, with the consumption of mooncake - small round cakes filled with egg yolk and a variety of other sweet or savoury fillings. Families celebrate this festival by taking evening strolls in parks and gardens, with children bearing Chinese lanterns.",""
"18341585","Mid-Autumn Festival","_Events","Source","","Singapore: the Encyclopedia (2006)",""
"18341585","Mid-Autumn Festival","_Events","UF","18341619","Lantern Festival","_Events"
"18341585","Mid-Autumn Festival","_Events","UF","18341624","Mooncake Festival","_Events"
"18341585","Mid-Autumn Festival","_Events","UF","18341597","Zhong Qiu Jie","_Events"
"18341585","Mid-Autumn Festival","_Events","ENGtoCHI","18503437","中秋节","_Events_CN"
"18341585","Mid-Autumn Festival","_Events","ENGtoMAY","20614534","Pesta Kuih Bulan","_Events_MY"
"18341585","Mid-Autumn Festival","_Events","ENGtoTAM","18503783","நடு இலையுதிர் கால விழா","_Events_TM"
"20614470","Minggu Fesyen Singapura","_Events_MY","MAYtoENG","18341723","Singapore Fashion Week","_Events"
"20614471","Minggu Kebaikan Singapura","_Events_MY","MAYtoENG","18341601","Singapore Kindness Week","_Events"
"20614472","Minggu Wargatua","_Events_MY","MAYtoENG","18341771","Senior Citizens' Week","_Events"
"18341721","Month of Photography Asia","_Events","SN","","An annual month-long festival that focused on contemporary photography. The festival ran from 2002 to 2011. It promoted photography as an art form and as a creative industry.",""
"18341721","Month of Photography Asia","_Events","Source","","Wikipedia: Month of Photography Asia (https://en.wikipedia.org/wiki/Month_of_Photography_Asia) Retrieved 24 Jan 2024.",""
"18341721","Month of Photography Asia","_Events","Organiser","","Phish Communications",""
"18341721","Month of Photography Asia","_Events","Slogan","","Wanderings (2007) | Still/Moving: Photography and Cinema (2008)",""
"18341721","Month of Photography Asia","_Events","Wikidata URI","","http://www.wikidata.org/entity/Q3322726",""
"18341721","Month of Photography Asia","_Events","ENGtoCHI","18503438","亚洲摄影月","_Events_CN"
"18341721","Month of Photography Asia","_Events","ENGtoMAY","20614411","Bulan Fotografi Asia","_Events_MY"
"18341721","Month of Photography Asia","_Events","ENGtoTAM","18503784","புகைப்பட மாதம் ஆசியா","_Events_TM"
"18341624","Mooncake Festival","_Events","Use","18341585","Mid-Autumn Festival","_Events"
"18341567","Mosaic Music Festival","_Events","SN","","Annual music festival held at the Esplanade, with a focus on alternative rock, electronic, jazz, and world music from Singaporean and international artistes. The festival ran from 2005 to 2014, after which ad-hoc concerts are held as the Mosaic Music Series.",""
"18341567","Mosaic Music Festival","_Events","Month","","03",""
"18341567","Mosaic Music Festival","_Events","Source","","Wikipedia: Mosaic Music Festival (https://en.wikipedia.org/wiki/Mosaic_Music_Festival#) Retrieved 24 Jan 2024.",""
"18341567","Mosaic Music Festival","_Events","Organiser","","The Esplanade Co. Ltd",""
"18341567","Mosaic Music Festival","_Events","Wikidata URI","","http://www.wikidata.org/entity/Q6915317",""
"18341567","Mosaic Music Festival","_Events","ENGtoCHI","18503439","马赛克音乐节","_Events_CN"
"18341567","Mosaic Music Festival","_Events","ENGtoMAY","20614540","Pesta Muzik Mosaic","_Events_MY"
"18341567","Mosaic Music Festival","_Events","ENGtoTAM","18503785","மொசைக் இசை விழா","_Events_TM"
"18341651","Muslim New Year","_Events","SN","","First day of Muharam, which is the first month of the Islamic calendar. Public celebrations of Muharam is generally subdued, and include activities such as public lectures in mosques and public halls. Night walks are also organised by Islamic organisations, where people from other communities have also participated.",""
"18341651","Muslim New Year","_Events","Source","","Singapore: the Encyclopedia (2006)",""
"18341651","Muslim New Year","_Events","ENGtoCHI","18503440","回教新年","_Events_CN"
"18341651","Muslim New Year","_Events","ENGtoMAY","20614572","Tahun Baru Islam","_Events_MY"
"18341651","Muslim New Year","_Events","ENGtoTAM","18503786","முஸ்லிம் புத்தாண்டு","_Events_TM"
"18341801","NATAS Holiday Fair","_Events","Use","18341800","NATAS Travel Fair","_Events"
"18341800","NATAS Travel Fair","_Events","SN","","Consumer travel fair held twice a year by the National Association of Travel Agents Singapore.",""
"18341800","NATAS Travel Fair","_Events","Source","","NATAS Travel Fair (https://www.natastravelfair.travel/) Retrieved 24 Jan 2024.",""
"18341800","NATAS Travel Fair","_Events","Organiser","","National Association of Travel Agents",""
"18341800","NATAS Travel Fair","_Events","UF","18341801","NATAS Holiday Fair","_Events"
"18341800","NATAS Travel Fair","_Events","ENGtoCHI","18503441","全国旅行社协会旅游展","_Events_CN"
"18341800","NATAS Travel Fair","_Events","ENGtoMAY","20614477","Pameran Pelancungan NATAS","_Events_MY"
"18341800","NATAS Travel Fair","_Events","ENGtoTAM","18503787","நாடாஸ் சுற்றுப்பயண சந்தை","_Events_TM"
"18341561","National Chinese Music Competition","_Events","SN","","Biennial event, first organised in 1998 by the National Arts Council and serves as a platform for music excellence. It aims to develop the performing skills of musicians in Singapore; to improve musical standards; and to identify potential music talents. It provides opportunities for young musicians to perform in a competitive situation before an international jury. It became known as the Singapore Chinese Music Competition from 2020.",""
"18341561","National Chinese Music Competition","_Events","Source","","National Arts Council: National Music Competitions (https://www.nac.gov.sg/singapore-arts-scene/key-festivals-and-programmes/national-music-competitions) Retrieved 24 Jan 2024.",""
"18341561","National Chinese Music Competition","_Events","Organiser","","National Arts Council (Singapore)",""
"18341561","National Chinese Music Competition","_Events","RT","18341688","National Piano & Violin Competition","_Events"
"18341561","National Chinese Music Competition","_Events","ENGtoCHI","18503442","全国华乐比赛","_Events_CN"
"18341561","National Chinese Music Competition","_Events","ENGtoMAY","20614489","Pertandingan Kebangsaan Muzik Cina","_Events_MY"
"18341561","National Chinese Music Competition","_Events","ENGtoTAM","18503788","தேசிய சீன இசைப் போட்டி","_Events_TM"
"18341652","National Day","_Events","SN","","A public holiday commemorating Singapore becoming an independent sovereign nation on 9 August 1965.",""
"18341652","National Day","_Events","Month","","08",""
"18341652","National Day","_Events","Day","","09",""
"18341652","National Day","_Events","Source","","Singapore: the Encyclopedia (2006)",""
"18341652","National Day","_Events","Wikidata URI","","http://www.wikidata.org/entity/Q6972121",""
"18341652","National Day","_Events","RT","18341729","National Day Parade","_Events"
"18341652","National Day","_Events","ENGtoCHI","18503443","国庆日","_Events_CN"
"18341652","National Day","_Events","ENGtoMAY","20614431","Hari Kebangsaan","_Events_MY"
"18341652","National Day","_Events","ENGtoTAM","18503789","தேசிய தினம்","_Events_TM"
"18341729","National Day Parade","_Events","SN","","Annual parade and show celebrating Singapore's National Day.",""
"18341729","National Day Parade","_Events","Month","","08",""
"18341729","National Day Parade","_Events","Day","","09",""
"18341729","National Day Parade","_Events","Source","","National Day Parade website (https://www.ndp.org.sg)",""
"18341729","National Day Parade","_Events","Organiser","","National Day Parade Executive Committee",""
"18341729","National Day Parade","_Events","Slogan","","Together...Excellence for Singapore (1986-87) | Excellence Together, Singapore Forever (1988-89) | My Singapore, My Home (1994) | 30 Years of Nationhood (1995) | Our Singapore, Our Future (1997-98) | Together We Make the Difference (1999-02) | Together a New Singapore (2002-04) | The Future is Ours to Make (2005) | Celebrate Singapore: City of Possibilities (2007) | Celebrating the Singapore Spirit (2008)",""
"18341729","National Day Parade","_Events","Wikidata URI","","http://www.wikidata.org/entity/Q1055261",""
"18341729","National Day Parade","_Events","RT","18341652","National Day","_Events"
"18341729","National Day Parade","_Events","ENGtoCHI","18503444","国庆庆典","_Events_CN"
"18341729","National Day Parade","_Events","ENGtoMAY","20614483","Perarakan Hari Kebangsaan","_Events_MY"
"18341729","National Day Parade","_Events","ENGtoTAM","18503790","தேசிய தின அணிவகுப்பு","_Events_TM"
"20601193","National Family Celebrations","_Events","SN","","Annual national event to celebrate and reinforce the importance of the family. The month long event was championed by the National Family Council and supported by the Ministry of Community Development, Youth and Sports (MCYS). It was renamed Families for Life Celebrations in 2014.",""
"20601193","National Family Celebrations","_Events","Year","","2008",""
"20601193","National Family Celebrations","_Events","Source","","National Family Celebrations: About NFC 2012 (https://web.archive.org/web/20121223072859/http://www.nfc.sg/aboutus) Retrieved 29 August 2024. | The Straits Times, 25 April 2008, page 39: May 24 is Singapore's family day (https://eresources.nlb.gov.sg/newspapers/digitised/article/straitstimes20080425-1.2.49.9) Retrieved 30 August 2024. | Today, 3 September 2014, page 30: Event celebrating families to focus on importance of quality time (https://eresources.nlb.gov.sg/newspapers/digitised/article/today20140903-1.2.32.4) Retrieved 30 August 2024. | 联合早报, 2008年4月25日, 第1版: 5月24日 首个全国家庭日送1万5000张游览票 (https://eresources.nlb.gov.sg/newspapers/digitised/article/lhzb20080425-1.2.2) Retrieved 30 August 2024.",""
"20601193","National Family Celebrations","_Events","Organiser","","National Family Council",""
"20601193","National Family Celebrations","_Events","ENGtoCHI","20601194","全国家庭欢庆","_Events_CN"
"20601191","National Family Day","_Events","SN","","Annual event held between 1991 and 1995. Part of the Family Life Campaign, it aims to promote family togetherness through the participation in various sports and recreational activities together. The event was formerly known as Family Week before it was replaced by National Family Week when the event was held on one day at a centralised venue. It was renamed National Family Week in 1996.",""
"20601191","National Family Day","_Events","Year","","1991",""
"20601191","National Family Day","_Events","Source","","The Straits Times, 1 June 1996, page 12: Two weeks of activities to celebrate family life (https://eresources.nlb.gov.sg/newspapers/digitised/article/straitstimes19960601-1.2.62.7.1.1) Retrieved 30 August 2024. | The Straits Times, 31 October 1991, page 21: National Family Day carnival at East Coast Park (https://eresources.nlb.gov.sg/newspapers/digitised/article/straitstimes19911031-1.2.28.6) Retrieved 30 August 2024.",""
"20601191","National Family Day","_Events","Organiser","","Singapore. Ministry of Community Development",""
"20601190","National Family Week","_Events","SN","","Annual national event to celebrate and reinforce the importance of the family. The event began as Family Week between 1985 and 1989. Between 1991 and 1995, it was known as National Family Day. In 1996, the activities were expanded over a fortnight and was renamed National Family Week. It was again renamed National Family Celebrations in 2008.",""
"20601190","National Family Week","_Events","Year","","1996",""
"20601190","National Family Week","_Events","Source","","National Family Celebrations: About NFC 2012 (https://web.archive.org/web/20121223072859/http://www.nfc.sg/aboutus) Retrieved 29 August 2024. | The Straits Times, 1 June 1996, page 12: Two weeks of activities to celebrate family life (https://eresources.nlb.gov.sg/newspapers/digitised/article/straitstimes19960601-1.2.62.7.1.1) Retrieved 30 August 2024. | The Straits Times, 25 April 2008, page 39: May 24 is Singapore's family day (https://eresources.nlb.gov.sg/newspapers/digitised/article/straitstimes20080425-1.2.49.9) Retrieved 30 August 2024. | The Straits Times, 31 October 1991, page 21: National Family Day carnival at East Coast Park (https://eresources.nlb.gov.sg/newspapers/digitised/article/straitstimes19911031-1.2.28.6) Retrieved 30 August 2024.",""
"20601190","National Family Week","_Events","Organiser","","Singapore. Ministry of Community Development",""
"18341562","National Indian Music Competition","_Events","SN","","Biennial event first organised in 1998 by the National Arts Council and serves as a platform for music excellence. It aims to develop the performing skills of musicians in Singapore; to improve musical standards; and to identify potential music talents. It provides opportunities for young musicians to perform in a competitive situation before an international jury. It was last held in 2020.",""
"18341562","National Indian Music Competition","_Events","Month","","09",""
"18341562","National Indian Music Competition","_Events","Source","","National Arts Council: National Music Competitions (https://www.nac.gov.sg/singapore-arts-scene/key-festivals-and-programmes/national-music-competitions) Retrieved 24 Jan 2024.",""
"18341562","National Indian Music Competition","_Events","Organiser","","National Arts Council (Singapore)",""
"18341562","National Indian Music Competition","_Events","ENGtoCHI","18503445","全国印度音乐比赛","_Events_CN"
"18341562","National Indian Music Competition","_Events","ENGtoMAY","20614490","Pertandingan Kebangsaan Muzik India","_Events_MY"
"18341562","National Indian Music Competition","_Events","ENGtoTAM","18503791","தேசிய இந்திய இசைப் போட்டி","_Events_TM"
"18341808","National Music Competition","_Events","Use","18341688","National Piano & Violin Competition","_Events"
"18341799","National Pencak Silat Championship","_Events","SN","","Annual silat tournament. It was first held in 1977.",""
"18341799","National Pencak Silat Championship","_Events","Source","","Singapore Silat Federation: Iconic Programs (https://www.persisi.org/program/iconic) Retrieved 24 Jan 2024.",""
"18341799","National Pencak Silat Championship","_Events","Organiser","","Singapore Silat Federation",""
"18341799","National Pencak Silat Championship","_Events","ENGtoCHI","18503446","全国马来武术锦标赛","_Events_CN"
"18341799","National Pencak Silat Championship","_Events","ENGtoMAY","20614455","Kejohanan Pencak Silat Kebangsaan","_Events_MY"
"18341799","National Pencak Silat Championship","_Events","ENGtoTAM","18503792","தேசிய பென்காக் சிலாட் வெற்றிக் கிண்ணம்","_Events_TM"
"18341688","National Piano & Violin Competition","_Events","SN","","The National Piano and Violin Competition was first organised under the auspices of the then Ministry of Culture in 1980 as part of the former National Music Competition comprising both Chinese and Western instrumental categories. After the 10th Competition in 1995, the National Music Competition was restructured in two separate events, namely, the National Piano and Violin Competition first held in 1997 and the National Chinese Music Competition first held in 1998. It is organised by the Singapore Symphony Group from 2017.",""
"18341688","National Piano & Violin Competition","_Events","Source","","National Arts Council: National Music Competitions (https://www.nac.gov.sg/singapore-arts-scene/key-festivals-and-programmes/national-music-competitions) Retrieved 24 Jan 2024.",""
"18341688","National Piano & Violin Competition","_Events","Organiser","","Singapore Symphonia Company Limited",""
"18341688","National Piano & Violin Competition","_Events","UF","18341808","National Music Competition","_Events"
"18341688","National Piano & Violin Competition","_Events","RT","18341561","National Chinese Music Competition","_Events"
"18341688","National Piano & Violin Competition","_Events","ENGtoCHI","18503447","全国钢琴与小提琴比赛","_Events_CN"
"18341688","National Piano & Violin Competition","_Events","ENGtoMAY","20614492","Pertandingan piano dan biola kebangsaan","_Events_MY"
"18341688","National Piano & Violin Competition","_Events","ENGtoTAM","18503793","தேசிய பியானோ மற்றும் வயலின் போட்டி","_Events_TM"
"18341641","Navarathri","_Events","SN","","Navarathri, which means 'nine nights', is a festival celebrating the Hindu goddess Shakti. The nine-day festival is observed between mid-September and mid-October in accordance with the Tamil lunar calendar. Although it is not as widely celebrated as Deepavali in Singapore, it is an integral part of the Hindu calendar and is celebrated in many homes and temples.",""
"18341641","Navarathri","_Events","Source","","Singapore Infopedia: Navaratri Festival in Singapore (https://www.nlb.gov.sg/main/article-detail?cmsuuid=b48b0776-67ba-4e84-8a34-939487f6573e) Retrieved 24 Jan 2024.",""
"18341641","Navarathri","_Events","ENGtoCHI","18503448","印度圣母节","_Events_CN"
"18341641","Navarathri","_Events","ENGtoMAY","20614473","Navarathri","_Events_MY"
"18341641","Navarathri","_Events","ENGtoTAM","18503794","நவராத்திரி","_Events_TM"
"20614473","Navarathri","_Events_MY","MAYtoENG","18341641","Navarathri","_Events"
"20614474","Negara Animasi","_Events_MY","MAYtoENG","18341739","Animation Nation","_Events"
"18341653","New Year's Day","_Events","SN","","The first day of the calendar year, 1st January. It is a public holiday in many countries.",""
"18341653","New Year's Day","_Events","Month","","01",""
"18341653","New Year's Day","_Events","Day","","01",""
"18341653","New Year's Day","_Events","Source","","Public Holidays: New Year's Day (https://publicholidays.sg/new-years-day/) Retrieved 24 Jan 2024.",""
"18341653","New Year's Day","_Events","ENGtoCHI","18503449","新年","_Events_CN"
"18341653","New Year's Day","_Events","ENGtoMAY","20614438","Hari Tahun Baru","_Events_MY"
"18341653","New Year's Day","_Events","ENGtoTAM","18503795","புத்தாண்டு தினம்","_Events_TM"
"18341735","New Zealand Film Festival","_Events","SN","","Annual festival held in Singapore featuring New Zealand film and filmmakers.",""
"18341735","New Zealand Film Festival","_Events","Month","","05",""
"18341735","New Zealand Film Festival","_Events","Source","","Straits Times, 2 May 2008: More than movies at NZ Film Fest (https://eresources.nlb.gov.sg/newspapers/digitised/article/straitstimes20080502-1.2.75.7) Retrieved 24 Jan 2024.",""
"18341735","New Zealand Film Festival","_Events","Organiser","","New Zealand Trade and Enterprise",""
"18341735","New Zealand Film Festival","_Events","ENGtoCHI","18503450","纽西兰电影节","_Events_CN"
"18341735","New Zealand Film Festival","_Events","ENGtoMAY","20614523","Pesta Filem New Zealand","_Events_MY"
"18341735","New Zealand Film Festival","_Events","ENGtoTAM","18503796","நியூசிலாந்து திரைப்பட விழா","_Events_TM"
"18341746","Next Reel International Film Festival","_Events","SN","","The Next Reel International Film Festival at New York University's Tisch School of the Arts is the oldest international student film festival of its kind in the United States. During the weeklong festival, young filmmakers compete for almost $30,000 in cash prizes and awards. In October 2007, Next Reel took place in Singapore in conjunction with the official opening of Tisch School of the Arts Asia, the school’s first campus outside of New York. The festival took place in Singapore again in 2010 and 2012.",""
"18341746","Next Reel International Film Festival","_Events","Year","","2007",""
"18341746","Next Reel International Film Festival","_Events","Month","","10",""
"18341746","Next Reel International Film Festival","_Events","Day","","07",""
"18341746","Next Reel International Film Festival","_Events","Source","","NYU: News, 1 Feb 2012: Next Reel Film Festival to Feature the Best Films from the World's Top Student Filmmakers (https://www.nyu.edu/about/news-publications/news/2012/february/next-reel-film-festival-to-feature-the-best-films-from-the-worlds-top-student-filmmakers.html) Retrieved 24 Jan 2024. | Sinema.SG, 25 Jan 2010: Next Reel (https://www.sinema.sg/2010/01/25/next-reel/) Retrieved 24 Jan 2024.",""
"18341746","Next Reel International Film Festival","_Events","Organiser","","Tisch School of the Arts, New York University",""
"18341746","Next Reel International Film Festival","_Events","ENGtoCHI","18503451","Next Reel国际电影节","_Events_CN"
"18341746","Next Reel International Film Festival","_Events","ENGtoMAY","20614513","Pesta filem antarabangsa Next Reel","_Events_MY"
"18341746","Next Reel International Film Festival","_Events","ENGtoTAM","18503797","நெக்ஸ்ட் ரீல் பன்னாட்டு திரைப்பட விழா","_Events_TM"
"18503451","Next Reel国际电影节","_Events_CN","CHItoENG","18341746","Next Reel International Film Festival","_Events"
"18341645","Nine Emperor Gods Festival","_Events","SN","","This Chinese religious festival is celebrated by the followers of Taoism in honour of the Nine Emperor Gods, who are believed to descend to earth for nine days, beginning on the first day of the ninth lunar month, to cure ailments and to bestow good fortune, spiritual guidance and assistance to their devotees.",""
"18341645","Nine Emperor Gods Festival","_Events","Source","","Singapore: the Encyclopedia (2006) | Singapore Infopedia: Nine Emperor Gods Festival (https://www.nlb.gov.sg/main/article-detail?cmsuuid=4f7db20e-7313-4be0-a67e-3aaf275efb8f) Retrieved 4 Mar 2024. | Roots: The Nine Emperor Gods Festival (https://www.roots.gov.sg/ich-landing/ich/the-nine-emperor-gods-festival) Retrieved 4 Mar 2024. | The Straits Times, Jan 20, 2016: Devotees mark end of 11-day Nine Emperor Gods festival (https://www.straitstimes.com/singapore/devotees-mark-end-of-11-day-nine-emperor-gods-festival) Retrieved 4 Mar 2024.",""
"18341645","Nine Emperor Gods Festival","_Events","Wikidata URI","","http://www.wikidata.org/entity/Q1515964",""
"18341645","Nine Emperor Gods Festival","_Events","UF","18341646","Jiu Huang Ye Festival","_Events"
"18341645","Nine Emperor Gods Festival","_Events","UF","18341647","Kow Ong Yah","_Events"
"18341645","Nine Emperor Gods Festival","_Events","UF","18341648","Kow Wong Yeh","_Events"
"18341645","Nine Emperor Gods Festival","_Events","ENGtoCHI","18503453","九皇爷诞","_Events_CN"
"18341645","Nine Emperor Gods Festival","_Events","ENGtoMAY","20614553","Pesta Tuhan Sembilan Maharaja","_Events_MY"
"18341645","Nine Emperor Gods Festival","_Events","ENGtoTAM","18503799","நவ சக்ரவர்த்திக் கடவுள்கள் விழா","_Events_TM"
"18341689","Noise Singapore Festival","_Events","SN","","Noise Singapore is a unique festival that spurs youths to create fresh and original works, which will be showcased via the accessible media platforms like the internet, radio, television, newspapers and mobile phones to a wide audience.",""
"18341689","Noise Singapore Festival","_Events","Month","","05",""
"18341689","Noise Singapore Festival","_Events","Source","","NLB: Noise Singapore is launched (https://www.nlb.gov.sg/main/article-detail?cmsuuid=73bd6115-0b90-43cc-9a1e-efd9c2fd1aa3) Retrieved 29 Jan 2024.",""
"18341689","Noise Singapore Festival","_Events","Organiser","","National Arts Council",""
"18341689","Noise Singapore Festival","_Events","ENGtoCHI","18503454","闹吧！新加坡","_Events_CN"
"18341689","Noise Singapore Festival","_Events","ENGtoMAY","20614541","Pesta Noise Singapura","_Events_MY"
"18341689","Noise Singapore Festival","_Events","ENGtoTAM","18503800","சப்தம் சிங்கப்பூர் விழா","_Events_TM"
"18341738","Norwegian Film Festival","_Events","SN","","Festival showcasing films from Norway.",""
"18341738","Norwegian Film Festival","_Events","Month","","11",""
"18341738","Norwegian Film Festival","_Events","Source","","ScandAsia, 20 Nov 2007: Norwegian Film Festival in Singapore (https://scandasia.com/norwegian-film-festival-in-singapore/) Retrieved 24 Jan 2024.",""
"18341738","Norwegian Film Festival","_Events","Organiser","","Royal Norwegian Embassy | Singapore Film Society",""
"18341738","Norwegian Film Festival","_Events","ENGtoCHI","18503455","挪威电影节","_Events_CN"
"18341738","Norwegian Film Festival","_Events","ENGtoMAY","20614524","Pesta Filem Norway","_Events_MY"
"18341738","Norwegian Film Festival","_Events","ENGtoTAM","18503801","நார்வீஜியன் திரைப்பட விழா","_Events_TM"
"18519120","NTUC Income Kite Festival","_Events","SN","","First inaugurated in 2009. Activities include kite-making workshops and exhibition of kites. The event was held by NTUC Income in partnership with ACT 3 International at The Promontory @ Marina Bay. It was last held in 2014.",""
"18519120","NTUC Income Kite Festival","_Events","Year","","2009",""
"18519120","NTUC Income Kite Festival","_Events","Source","","NTUC Income (http://www.income.com.sg/event/KiteFestival/index.asp) | Straits Times, 7 August 2009, page 43: Other ways to celebrate the nation's birthday (http://newspapers.nl.sg/Digitised/Article/straitstimes20090807-1.2.41.12.3.aspx) | 新加坡旅游指南 (http://app-stg.stb.gov.sg/data/pages/262/0ed9422357395a0d4879191c66f4faa2/your_essential_guide_2010_chinese.pdf)",""
"18519120","NTUC Income Kite Festival","_Events","Organiser","","Act 3 International",""
"18519120","NTUC Income Kite Festival","_Events","ENGtoCHI","18519122","职总英康风筝节","_Events_CN"
"18519120","NTUC Income Kite Festival","_Events","ENGtoMAY","18534488","Pesta Layang-Layang NTUC Income","_Events_MY"
"18341773","NUSSU Rag and Flag Day","_Events","SN","","Annual fund-raising event by the National University of Singapore Students' Union (NUSSU) in collaboration with the University's Faculty Clubs and the Halls of Residences for the benefit of the Community Chest.",""
"18341773","NUSSU Rag and Flag Day","_Events","Month","","08",""
"18341773","NUSSU Rag and Flag Day","_Events","Source","","NUSSU: Rag and Flag (https://nussu.org.sg/ragnflag/) Retrieved 25 Jan 2024. | Singapore Infopedia: Rag and Flag Day (https://www.nlb.gov.sg/main/article-detail?cmsuuid=7ce70852-cf64-4412-8de5-6a0a57831963) Retrieved 25 Jan 2024.",""
"18341773","NUSSU Rag and Flag Day","_Events","Organiser","","National University of Singapore Students' Union",""
"18341773","NUSSU Rag and Flag Day","_Events","Wikidata URI","","http://www.wikidata.org/entity/Q6955632",""
"18341773","NUSSU Rag and Flag Day","_Events","ENGtoCHI","18503456","新加坡国立大学学生会花车展览与售旗日活动","_Events_CN"
"18341773","NUSSU Rag and Flag Day","_Events","ENGtoMAY","20614426","Hari Bendera dan Pertunjukan NUSSU","_Events_MY"
"18341773","NUSSU Rag and Flag Day","_Events","ENGtoTAM","18503802","நுஸ்ஸு துணி மற்றும் கொடி தினம்","_Events_TM"
"18341692","OCBC Singapore Theatre Festival","_Events","Use","18341670","Singapore Theatre Festival","_Events"
"18341639","Onam","_Events","SN","","Foremost festival of the Malayalees, who originate from the Indian state of Kerala. Often referred to as the 'harvest festival', it falls in the month of Chingam in the Malayalam calendar (in August or September). In Singapore it is celebrated over a vegetarian lunch, when friends and colleagues are invited to the meal.",""
"18341639","Onam","_Events","Source","","Singapore: the Encyclopedia (2006)",""
"18341639","Onam","_Events","UF","18341640","Harvest Festival","_Events"
"18341639","Onam","_Events","ENGtoCHI","18503457","欧南节","_Events_CN"
"18341639","Onam","_Events","ENGtoMAY","20614475","Onam","_Events_MY"
"18341639","Onam","_Events","ENGtoTAM","18503803","ஓணம்","_Events_TM"
"20614475","Onam","_Events_MY","MAYtoENG","18341639","Onam","_Events"
"19991543","OSIM Sundown Marathon","_Events","Use","18341706","Sundown Marathon","_Events"
"20614476","Pameran Automobil Singapura","_Events_MY","MAYtoENG","18341682","Singapore Motorshow","_Events"
"20614477","Pameran Pelancungan NATAS","_Events_MY","MAYtoENG","18341800","NATAS Travel Fair","_Events"
"20614478","Pameran Perabot Antarabangsa Singapura","_Events_MY","MAYtoENG","18341720","International Furniture Fair Singapore","_Events"
"20614479","Pameran Seni Singapura","_Events_MY","MAYtoENG","18341558","Singapore Art Show","_Events"
"18341628","Panguni Uthiram","_Events","SN","","Hindu festival which takes place on the day of the full moon in the Tamil month of Panguni (March - April). It is considered an auspicious day for worship. The story accepted by most Hindus in Singapore as the reason for the festival, is that it marks the day of the marriage of Lord Subramaniam (younger son of Lord Shiva) to Theivanai. Devotees carry kavadi and milk pots to fulfill their vows to Subramaniam. Although it is a popular local festival, Panguni Uthiram is observed on a smaller scale than Thaipusam.",""
"18341628","Panguni Uthiram","_Events","Source","","Singapore: the Encyclopedia (2006)",""
"18341628","Panguni Uthiram","_Events","RT","18341588","Thaipusam","_Events"
"18341628","Panguni Uthiram","_Events","ENGtoCHI","18503458","潘古里节","_Events_CN"
"18341628","Panguni Uthiram","_Events","ENGtoMAY","20614480","Panguni Uthiram","_Events_MY"
"18341628","Panguni Uthiram","_Events","ENGtoTAM","18503804","பங்குனி உத்திரம்","_Events_TM"
"20614480","Panguni Uthiram","_Events_MY","MAYtoENG","18341628","Panguni Uthiram","_Events"
"20614481","Pasaran Filem Asia Dan Persidangan","_Events_MY","MAYtoENG","18341749","Asia Film Market and Conference","_Events"
"18341587","Passover","_Events","SN","","One of the most important festivals of the Jewish community. It commemorates the end of Jewish slavery in ancient Egypt, as narrated in the Book of Exodus in the Torah. A highlight of the celebration is the Passover meal known as the Seder. Families or communities observing this ritual reflect on the past and celebrate hope and continuity of the future. Passover is a spring festival lasting seven or eight days from the 15th day of Nisan in the Jewish calendar. It usually coincides with parts of March and April.",""
"18341587","Passover","_Events","Source","","Roots: Passover, and Associated Jewish Practices and Rituals (https://www.roots.gov.sg/ich-landing/ich/passover-and-associated-jewish-practices-and-rituals) Retrieved 25 Jan 2023. | MCCY KAYA, 11 Apr 2022: Why the Passover still matters today, 3334 years after the first Passover (https://www.mccy.gov.sg/KAYA/Community/Why-the-Passover-still-matters-today-3334-years-after-the-first-Passover) Retrieved 25 Jan 2024.",""
"18341587","Passover","_Events","ENGtoCHI","18503459","逾越节","_Events_CN"
"18341587","Passover","_Events","ENGtoMAY","20614482","Passover","_Events_MY"
"18341587","Passover","_Events","ENGtoTAM","18503805","பாஸ்ஸோவர்","_Events_TM"
"20614482","Passover","_Events_MY","MAYtoENG","18341587","Passover","_Events"
"18341797","The PC Show","_Events","SN","","A consumer-oriented information technology and electronics show. Started in 1990, it showcases vendors' displays of the latest computer hardware and software, and electronic gadgets, such as digital cameras and mobile phones.",""
"18341797","The PC Show","_Events","Month","","06",""
"18341797","The PC Show","_Events","Source","","The PC Show (https://www.thepcshow.com.sg) Retrieved 28 Nov 2025. | Business Times, 9 May 1994, page 10: Still holding its own (https://eresources.nlb.gov.sg/newspapers/digitised/article/biztimes19930628-1.2.53.4) Retrieved 28 Nov 2025.",""
"18341797","The PC Show","_Events","Organiser","","Lines Exposition and Management Services",""
"18341797","The PC Show","_Events","ENGtoCHI","18503513","新加坡个人电脑展","_Events_CN"
"18341797","The PC Show","_Events","ENGtoMAY","20614496","Pertunjukan PC Singapura","_Events_MY"
"18341797","The PC Show","_Events","ENGtoTAM","18503859","சிங்கப்பூர் கணினி காட்சி","_Events_TM"
"20614483","Perarakan Hari Kebangsaan","_Events_MY","MAYtoENG","18341729","National Day Parade","_Events"
"20614484","Perayaan Bunga Api Singapura","_Events_MY","MAYtoENG","18341730","Singapore Fireworks Celebrations","_Events"
"20614485","Perlumbaan Itik Singapura","_Events_MY","MAYtoENG","18341732","Great Singapore Duck Race","_Events"
"20614486","Perlumbaan Rakit Sungai Singapura","_Events_MY","MAYtoENG","18341774","Singapore River Raft Race","_Events"
"20614487","Persidangan AIDS Singapura","_Events_MY","MAYtoENG","18341778","Singapore AIDS Conference","_Events"
"20614488","Persidangan Animasi Asia","_Events_MY","MAYtoENG","18341750","Asia Animation Conference","_Events"
"18341737","Perspectives Film Festival","_Events","SN","","A student-led film festival which is a practicum which aims to expose students to curating and executing a film programme. It is organised by the Wee Kim Wee School of Communication and Information at the Nanyang Technological University.",""
"18341737","Perspectives Film Festival","_Events","Source","","Perspectives Film Festival (https://perspectivesfilmfestival.com/about/) Retrieved 25 Jan 2024.",""
"18341737","Perspectives Film Festival","_Events","Organiser","","Wee Kim Wee School of Communication and Information",""
"18341737","Perspectives Film Festival","_Events","ENGtoCHI","18503460","全景电影节","_Events_CN"
"18341737","Perspectives Film Festival","_Events","ENGtoMAY","20614526","Pesta Filem Perspektif","_Events_MY"
"18341737","Perspectives Film Festival","_Events","ENGtoTAM","18503806","பெர்ஸ்பக்டிவ்ஸ் திரைப்பட விழா","_Events_TM"
"20614489","Pertandingan Kebangsaan Muzik Cina","_Events_MY","MAYtoENG","18341561","National Chinese Music Competition","_Events"
"20614490","Pertandingan Kebangsaan Muzik India","_Events_MY","MAYtoENG","18341562","National Indian Music Competition","_Events"
"20614491","Pertandingan menulis cereka 24 Jam","_Events_MY","MAYtoENG","18341795","24-Hour Playwriting Competition","_Events"
"20614492","Pertandingan piano dan biola kebangsaan","_Events_MY","MAYtoENG","18341688","National Piano & Violin Competition","_Events"
"20614493","Pertukaran Perniagaan Media Infocomm","_Events_MY","MAYtoENG","18341803","Infocomm Media Business Exchange","_Events"
"20614494","Pertunjukan Amal Presiden","_Events_MY","MAYtoENG","18341766","President's Star Charity Show","_Events"
"20614495","Pertunjukan Hartanah Asia","_Events_MY","MAYtoENG","18341802","Asia Property Show","_Events"
"20614496","Pertunjukan PC Singapura","_Events_MY","MAYtoENG","18341797","The PC Show","_Events"
"18722244","Pertunjukan Udara Singapura","_Events_MY","MAYtoENG","18341718","Singapore Airshow","_Events"
"20614497","Pesta Air Singapura","_Events_MY","MAYtoENG","18341679","WaterFest Singapore","_Events"
"20614498","Pesta Antarabangsa Prudential Children First! Singapura untuk kanak-kanak","_Events_MY","MAYtoENG","18341699","Prudential Children First! Singapore International Festival for Children","_Events"
"20614499","Pesta Belia ASEAN+3","_Events_MY","MAYtoENG","18341673","ASEAN+3 Youth Festival","_Events"
"20614500","Pesta Belia SHINE","_Events_MY","MAYtoENG","18341769","SHINE Youth Festival","_Events"
"20614501","Pesta Belia Singapura","_Events_MY","MAYtoENG","18341728","Singapore Youth Festival","_Events"
"20614502","Pesta Bir Singapura","_Events_MY","MAYtoENG","18341683","Singapore Beer Festival","_Events"
"20614503","Pesta Bot Naga","_Events_MY","MAYtoENG","18341579","Dragon Boat Festival","_Events"
"20614504","Pesta Bot Naga Singapura","_Events_MY","MAYtoENG","18341787","Singapore Dragon Boat Festival","_Events"
"20614505","Pesta da:ns","_Events_MY","MAYtoENG","18341685","da:ns festival","_Events"
"20614506","Pesta Doc Indie Singapura","_Events_MY","MAYtoENG","18341741","Singapore Indie Doc Fest","_Events"
"20614507","Pesta Dram Singapura","_Events_MY","MAYtoENG","18341770","Singapore Drum Fest","_Events"
"20614508","Pesta Dunia Effie","_Events_MY","MAYtoENG","18341719","World Effie Festival","_Events"
"20614509","Pesta Feria de Abril Flamenco","_Events_MY","MAYtoENG","18341701","Feria de Abril Flamenco Festival","_Events"
"20614510","Pesta Fesyen Singapura","_Events_MY","MAYtoENG","18341700","Singapore Fashion Festival","_Events"
"20614511","Pesta Filem 3DX","_Events_MY","MAYtoENG","18341745","3DX: 3D Film & Entertainment Technology Festival","_Events"
"20614512","Pesta Filem Aksi Intel","_Events_MY","MAYtoENG","18341759","Intel Action Film Fest","_Events"
"20614513","Pesta filem antarabangsa Next Reel","_Events_MY","MAYtoENG","18341746","Next Reel International Film Festival","_Events"
"20614514","Pesta Filem Antarabangsa Singapura","_Events_MY","MAYtoENG","18341564","Singapore International Film Festival","_Events"
"20614515","Pesta Filem Brazil","_Events_MY","MAYtoENG","18341740","Brazilian Film Festival","_Events"
"20614516","Pesta Filem Britain","_Events_MY","MAYtoENG","18341744","British Film Festival","_Events"
"20614517","Pesta Filem Canon HD","_Events_MY","MAYtoENG","18341757","Canon HD Film Fest","_Events"
"20614518","Pesta Filem Itali","_Events_MY","MAYtoENG","18341734","Italian Film Festival","_Events"
"20614519","Pesta Filem Jepun","_Events_MY","MAYtoENG","18341733","Japanese Film Festival","_Events"
"20614520","Pesta Filem Jerman","_Events_MY","MAYtoENG","18341743","German Film Festival","_Events"
"20614521","Pesta Filem Kesatuan Eropah","_Events_MY","MAYtoENG","18341736","European Union Film Festival","_Events"
"20614522","Pesta Filem Mexico","_Events_MY","MAYtoENG","18341742","Mexican Film Festival","_Events"
"20614523","Pesta Filem New Zealand","_Events_MY","MAYtoENG","18341735","New Zealand Film Festival","_Events"
"20614524","Pesta Filem Norway","_Events_MY","MAYtoENG","18341738","Norwegian Film Festival","_Events"
"20614525","Pesta Filem Perancis","_Events_MY","MAYtoENG","18341798","French Film Festival","_Events"
"20614526","Pesta Filem Perspektif","_Events_MY","MAYtoENG","18341737","Perspectives Film Festival","_Events"
"20614527","Pesta Filem-Pertama Asia","_Events_MY","MAYtoENG","18341753","Asian Festival of First Films","_Events"
"20614528","Pesta fotografi Antarabangsa Singapura","_Events_MY","MAYtoENG","18341684","Singapore International Photography Festival","_Events"
"20614529","Pesta Hantu Lapar","_Events_MY","MAYtoENG","18341583","Hungry Ghost Festival","_Events"
"20614530","Pesta Harp Singapura","_Events_MY","MAYtoENG","18341686","HarpFest Singapore","_Events"
"20614531","Pesta Hip Hop Big Groove Asia","_Events_MY","MAYtoENG","18341708","The Big Groove","_Events"
"20614532","Pesta Kebudayaan Cina","_Events_MY","MAYtoENG","18341698","Chinese Cultural Festival","_Events"
"20614533","Pesta Kebudayaan Singapura","_Events_MY","MAYtoENG","18341657","Singapore HeritageFest","_Events"
"20614534","Pesta Kuih Bulan","_Events_MY","MAYtoENG","18341585","Mid-Autumn Festival","_Events"
"18534488","Pesta Layang-Layang NTUC Income","_Events_MY","MAYtoENG","18519120","NTUC Income Kite Festival","_Events"
"20614535","Pesta Machinimasia","_Events_MY","MAYtoENG","18341761","Machinimasia Festival","_Events"
"20614536","Pesta Makanan Singapura","_Events_MY","MAYtoENG","18341664","Singapore Food Festival","_Events"
"20614537","Pesta Malam","_Events_MY","MAYtoENG","18341668","Singapore Night Festival","_Events"
"20614538","Pesta Media Asia","_Events_MY","MAYtoENG","18341747","Asia Media Festival","_Events"
"20614539","Pesta Musim Sejuk","_Events_MY","MAYtoENG","18341604","Dong Zhi","_Events"
"20614540","Pesta Muzik Mosaic","_Events_MY","MAYtoENG","18341567","Mosaic Music Festival","_Events"
"20614541","Pesta Noise Singapura","_Events_MY","MAYtoENG","18341689","Noise Singapore Festival","_Events"
"20614542","Pesta Penulis-penulis Singapura","_Events_MY","MAYtoENG","18341559","Singapore Writers Festival","_Events"
"20614543","Pesta Perlumbaan Antarabangsa Singapura","_Events_MY","MAYtoENG","18341705","Singapore International Racing Festival (Horses)","_Events"
"20614544","Pesta Pinggir M1 Singapura","_Events_MY","MAYtoENG","18341566","M1 Singapore Fringe Festival (2005-2025)","_Events"
"20614544","Pesta Pinggir M1 Singapura","_Events_MY","MAYtoENG","20613707","Singapore Fringe Festival (2026-)","_Events"
"20614546","Pesta Qi Qiao","_Events_MY","MAYtoENG","18341634","Qi Qiao Jie","_Events"
"18341725","Pesta Raya (Arts Festival)","_Events","SN","","Annual Malay festival of arts at the Esplanade.",""
"18341725","Pesta Raya (Arts Festival)","_Events","Year","","2001",""
"18341725","Pesta Raya (Arts Festival)","_Events","Source","","Esplanade: Festivals and Series (https://www.esplanade.com/whats-on/festivals-and-series/festivals/2023/pesta-raya/about) Retrieved 25 Jan 2024. | Straits Times, 26 April 2021, page C5: Live shows return for Pesta Raya.",""
"18341725","Pesta Raya (Arts Festival)","_Events","Organiser","","The Esplanade Co. Ltd",""
"18341725","Pesta Raya (Arts Festival)","_Events","ENGtoCHI","18503461","马来艺术节（艺术节）","_Events_CN"
"18341725","Pesta Raya (Arts Festival)","_Events","ENGtoMAY","20614547","Pesta Raya (Pesta kesenian)","_Events_MY"
"18341725","Pesta Raya (Arts Festival)","_Events","ENGtoTAM","18503807","பெஸ்டா ராயா (கலை விழா)","_Events_TM"
"20614547","Pesta Raya (Pesta kesenian)","_Events_MY","MAYtoENG","18341725","Pesta Raya (Arts Festival)","_Events"
"20614548","Pesta Reka Bentuk Singapura","_Events_MY","MAYtoENG","18341722","Singapore Design Festival","_Events"
"20614549","Pesta Seni Singapura","_Events_MY","MAYtoENG","18341557","Singapore Arts Festival","_Events"
"20614550","Pesta Sept","_Events_MY","MAYtoENG","18341565","Septfest","_Events"
"18341784","Pesta Sukan Volleyball Championship","_Events","SN","","Annual indoor volleyball tournament.",""
"18341784","Pesta Sukan Volleyball Championship","_Events","Month","","08",""
"18341784","Pesta Sukan Volleyball Championship","_Events","Source","","Volleyball Singapore: Pesta Sukan Volleyball Championship (https://volleyball.org.sg/pesta-sukan-2023-volleyball-competitions/) Retrieved 25 Jan 2024.",""
"18341784","Pesta Sukan Volleyball Championship","_Events","Organiser","","Volleyball Singapore",""
"18341784","Pesta Sukan Volleyball Championship","_Events","ENGtoCHI","18503462","Pesta Sukan排球锦标赛","_Events_CN"
"18341784","Pesta Sukan Volleyball Championship","_Events","ENGtoMAY","20614453","Kejohanan Bola Tampar Pesta Sukan","_Events_MY"
"18341784","Pesta Sukan Volleyball Championship","_Events","ENGtoTAM","18503808","பெஸ்டா சுகன் கைப்பந்தாட்ட வெற்றிக் கிண்ணம்","_Events_TM"
"18503462","Pesta Sukan排球锦标赛","_Events_CN","CHItoENG","18341784","Pesta Sukan Volleyball Championship","_Events"
"20614551","Pesta Taman Bunga Singapura","_Events_MY","MAYtoENG","18341667","Singapore Garden Festival","_Events"
"20614552","Pesta Teater Singapura","_Events_MY","MAYtoENG","18341670","Singapore Theatre Festival","_Events"
"20614553","Pesta Tuhan Sembilan Maharaja","_Events_MY","MAYtoENG","18341645","Nine Emperor Gods Festival","_Events"
"20614554","Pesta Vietnam","_Events_MY","MAYtoENG","18341658","Vietnam Festival","_Events"
"20614555","Pesta WOMAD","_Events_MY","MAYtoENG","18341727","WOMAD Singapore","_Events"
"20614556","Pesta Yuan Xiao","_Events_MY","MAYtoENG","18341584","Yuan Xiao Jie","_Events"
"18722247","Piala AFC (Perlawanan bola sepak)","_Events_MY","MAYtoENG","18341785","AFC Cup (Football tournament)","_Events"
"20614557","Piala Antarabangsa Sistem Penerbangan Singapura","_Events_MY","MAYtoENG","18341703","Singapore Airlines International Cup (Horses)","_Events"
"20614558","Piala Lexus","_Events_MY","MAYtoENG","18341687","Lexus Cup","_Events"
"20614559","Piala Liga (Perlawanan bola sepak)","_Events_MY","MAYtoENG","18341786","League Cup (Singapore)","_Events"
"20614560","Piala Singapura (Perlawanan bola sepak)","_Events_MY","MAYtoENG","18341710","Singapore Cup (Football tournament)","_Events"
"18341626","Pongal","_Events","Use","18341625","Ponggal","_Events"
"18341625","Ponggal","_Events","SN","","Ponggal or Pongal, also known as Makara Sankranti, is celebrated in mid-January by South Indians as a festival marking the rice harvest. Ponggal, a mixture of sweet boiled rice is made and offered to Surya, the Sun God. The name is derived from the Tamil word pongu, meaning ""boil over"" or ""flourish."" In Singapore, it marks a time of thanksgiving.",""
"18341625","Ponggal","_Events","Source","","Singapore Infopedia: Ponggal (https://www.nlb.gov.sg/main/article-detail?cmsuuid=4c47c53d-9f4b-43f0-87f1-438843fce6ad) Retrieved 25 Jan 2024.",""
"18341625","Ponggal","_Events","UF","18341627","Makara Sankranti","_Events"
"18341625","Ponggal","_Events","UF","18341626","Pongal","_Events"
"18341625","Ponggal","_Events","ENGtoCHI","18503463","丰收节","_Events_CN"
"18341625","Ponggal","_Events","ENGtoMAY","20614561","Ponggal","_Events_MY"
"18341625","Ponggal","_Events","ENGtoTAM","18503809","பொங்கல்","_Events_TM"
"20614561","Ponggal","_Events_MY","MAYtoENG","18341625","Ponggal","_Events"
"18341768","President's Challenge","_Events","SN","","Initiated in 2000 by President S.R Nathan as a series of activities to increase awareness about how the community can get involved in helping the less fortunate and raise funds for the social service sector. It was expanded in 2012 to include volunteerism and social entrepreneurship.",""
"18341768","President's Challenge","_Events","Year","","2000",""
"18341768","President's Challenge","_Events","Source","","President's Challenge (https://www.presidentschallenge.gov.sg/who-we-are/what-we-do/) Retrieved 25 Jan 2024.",""
"18341768","President's Challenge","_Events","Organiser","","Singapore. National Council of Social Service",""
"18341768","President's Challenge","_Events","Wikidata URI","","http://www.wikidata.org/entity/Q7241125",""
"18341768","President's Challenge","_Events","RT","18341766","President's Star Charity Show","_Events"
"18341768","President's Challenge","_Events","ENGtoCHI","18503464","总统挑战慈善筹款活动","_Events_CN"
"18341768","President's Challenge","_Events","ENGtoMAY","20614413","Cabaran Presiden","_Events_MY"
"18341768","President's Challenge","_Events","ENGtoTAM","18503810","அதிபரின் அறைகூவல்","_Events_TM"
"18341766","President's Star Charity Show","_Events","SN","","Fundraiser event by Mediacorp which features inspirational stories of hope and determination from among the benefiting organisations. It was launched in 1994, initiated by then President Ong Teng Cheong, and later came under the President's Challenge.",""
"18341766","President's Star Charity Show","_Events","Source","","President's Star Charity (https://www.mediacorp.sg/psc) Retrieved 25 Jan 2024.",""
"18341766","President's Star Charity Show","_Events","Organiser","","Mediacorp",""
"18341766","President's Star Charity Show","_Events","RT","18341768","President's Challenge","_Events"
"18341766","President's Star Charity Show","_Events","ENGtoCHI","18503465","总统星光慈善表演","_Events_CN"
"18341766","President's Star Charity Show","_Events","ENGtoMAY","20614494","Pertunjukan Amal Presiden","_Events_MY"
"18341766","President's Star Charity Show","_Events","ENGtoTAM","18503811","அதிபரின் நட்சத்திர அறக்கட்டளைக் காட்சி","_Events_TM"
"20614562","Projek Kotak Kotak Derma Budak-budak Pengakap","_Events_MY","MAYtoENG","18341780","Boys' Brigade Sharity Gift Box Project","_Events"
"18341650","Prophet Muhammad's birthday","_Events","Use","18341649","Maulud Nabi","_Events"
"18341699","Prudential Children First! Singapore International Festival for Children","_Events","SN","","A festival that showcased performances and art forms dedicated to children. The festival ran from 2000 to 2009.",""
"18341699","Prudential Children First! Singapore International Festival for Children","_Events","Source","","Rainbow Diaries: {Giveaway} Kiddies, Are You Ready for ACT 3i Festival for Children 24 May to 5 June 2016? (https://rainbowdiaries.com/2016/05/18/giveaway-kiddies-are-you-ready-for-act-3i-festival-for-children-24-may-to-5-june-2016/) Retrieved 25 Jan 2024.",""
"18341699","Prudential Children First! Singapore International Festival for Children","_Events","Organiser","","Act 3 International",""
"18341699","Prudential Children First! Singapore International Festival for Children","_Events","ENGtoCHI","18503466","保诚儿童艺术节","_Events_CN"
"18341699","Prudential Children First! Singapore International Festival for Children","_Events","ENGtoMAY","20614498","Pesta Antarabangsa Prudential Children First! Singapura untuk kanak-kanak","_Events_MY"
"18341699","Prudential Children First! Singapore International Festival for Children","_Events","ENGtoTAM","18503812","புருடென்ஷல் குழந்தைகள் முதலில்! சிங்கப்பூர் பன்னாட்டு குழந்தைகள் விழா","_Events_TM"
"20612824","The Purple Parade","_Events","SN","","Ground-up movement to support the inclusion of people with disabilities and celebrate their abilities. The annual event, first launched in 2013, is spearheaded by various organisations from the people, public and private sectors, with support provided by the Central Singapore Community Development Council and The Purple Parade Limited.",""
"20612824","The Purple Parade","_Events","Source","","The Purple Parade: About (https://www.purpleparade.sg/about) Retrieved 26 June 2025. | Today, November 29, 2013: 40 organisations band together for disabled people (https://www.todayonline.com/singapore/40-organisations-band-together-disabled-people) Retrieved 26 June 2025. | The Straits Times, Nov 11, 2024: Over 13,000 people turn up at annual Purple Parade to show support for people with disabilities (https://www.straitstimes.com/singapore/over-13000-people-turn-up-at-annual-purple-parade-to-show-support-for-people-with-disabilities) Retrieved 26 June 2025.",""
"20612824","The Purple Parade","_Events","Wikidata URI","","http://www.wikidata.org/entity/Q96409555",""
"18341634","Qi Qiao Jie","_Events","SN","","This Chinese festival is celebrated on the seventh day of the seventh lunar month of the Chinese calendar. Also known as the Festival of the Cowherd and Weaving Maiden, or Double-Seventh Day, it is the Chinese equivalent of Valentine's Day, though it is not celebrated as widely.",""
"18341634","Qi Qiao Jie","_Events","Source","","Singapore: the Encyclopedia (2006) | Singapore Infopedia: Seven Maidens' Festival (https://www.nlb.gov.sg/main/article-detail?cmsuuid=b0913454-ab5c-461e-996b-f10dc3dfc54e) Retrieved 25 Jan 2024.",""
"18341634","Qi Qiao Jie","_Events","UF","18341638","Chi' Chiao","_Events"
"18341634","Qi Qiao Jie","_Events","UF","18341636","Double-Seventh Day","_Events"
"18341634","Qi Qiao Jie","_Events","UF","18341635","Festival of the Cowherd and Weaving Maiden","_Events"
"18341634","Qi Qiao Jie","_Events","UF","18341637","Seven Maiden's Festival","_Events"
"18341634","Qi Qiao Jie","_Events","ENGtoCHI","18503467","七夕节","_Events_CN"
"18341634","Qi Qiao Jie","_Events","ENGtoMAY","20614546","Pesta Qi Qiao","_Events_MY"
"18341634","Qi Qiao Jie","_Events","ENGtoTAM","18503813","கி கியாவ் ஜி","_Events_TM"
"18341586","Qing Ming Jie","_Events","SN","","Qing Ming Jie (variant Ching Ming) is All Soul's Day for the Chinese. Qing Ming means ""clear and bright"", probably a reference to the weather at the time of the year of the festival - the third lunar month or early spring, usually on 5 April or 106 days after the Winter Solstice. It is a time to remember the dearly departed and to pay respect to one's deceased ancestors and family members.",""
"18341586","Qing Ming Jie","_Events","Source","","Singapore Infopedia: Qing Ming Jie (https://www.nlb.gov.sg/main/article-detail?cmsuuid=1c3bd4a1-0383-4125-8717-73e59e805ea6) Retrieved 25 Jan 2024.",""
"18341586","Qing Ming Jie","_Events","Wikidata URI","","http://www.wikidata.org/entity/Q718778",""
"18341586","Qing Ming Jie","_Events","UF","19991559","Cheng Beng","_Events"
"18341586","Qing Ming Jie","_Events","UF","18341600","Ching Ming","_Events"
"18341586","Qing Ming Jie","_Events","UF","19991560","Qingming festival","_Events"
"18341586","Qing Ming Jie","_Events","ENGtoCHI","18503468","清明节","_Events_CN"
"18341586","Qing Ming Jie","_Events","ENGtoMAY","20614428","Hari Cheng Beng","_Events_MY"
"18341586","Qing Ming Jie","_Events","ENGtoTAM","18503814","க்விங் மிங் ஜி","_Events_TM"
"19991560","Qingming festival","_Events","Use","18341586","Qing Ming Jie","_Events"
"20614563","Rambut untuk Harapan","_Events_MY","MAYtoENG","18341781","Hair for Hope","_Events"
"18534486","Regatta Sungai Singapura","_Events_MY","MAYtoENG","18517828","Singapore River Regatta","_Events"
"18341782","Remembrance Day","_Events","SN","","Annual commemorative ceremony honouring the sacrifices made by the men and women of the Commonwealth forces against the Japanese in World War II. Among those remembered are members of the Singapore Volunteer Corps, the Malay Regiment, Dalforce, Force Z and Operation Rimau. A memorial service is held every year at the Kranji War Memorial on the Sunday closest to Remembrance Day to pay tribute to those who gave their lives.",""
"18341782","Remembrance Day","_Events","Month","","11",""
"18341782","Remembrance Day","_Events","Day","","11",""
"18341782","Remembrance Day","_Events","Source","","Singapore Tourism: Kranji War Memorial (https://www.visitsingapore.com/see-do-singapore/history/memorials/kranji-war-memorial/) Retrieved 25 Jan 2024.",""
"18341782","Remembrance Day","_Events","Organiser","","MINDEF",""
"18341782","Remembrance Day","_Events","UF","18341783","Memorial Day","_Events"
"18341782","Remembrance Day","_Events","ENGtoCHI","18503469","阵亡将士纪念日","_Events_CN"
"18341782","Remembrance Day","_Events","ENGtoMAY","20614433","Hari Peringatan","_Events_MY"
"18341782","Remembrance Day","_Events","ENGtoTAM","18503815","நினைவு தினம்","_Events_TM"
"18341620","Ren Ri","_Events","SN","","Seventh day of the first Chinese lunar month, celebrated during the 15-days celebration of the Chinese New Year. In Singapore and Malaysia, Yu Sheng or ""raw fish"" dish is served.",""
"18341620","Ren Ri","_Events","Source","","Singapore Infopedia: Chinese New Year customs in Singapore (https://www.nlb.gov.sg/main/article-detail?cmsuuid=64b992e6-bc61-4950-95c3-5faaf841c3f6) Retrieved 25 Jan 2024.",""
"18341620","Ren Ri","_Events","UF","18341621","Birthday of Man","_Events"
"18341620","Ren Ri","_Events","UF","18341623","Day of Humanity","_Events"
"18341620","Ren Ri","_Events","UF","18341622","Day of Man","_Events"
"18341620","Ren Ri","_Events","RT","18341576","Chinese New Year","_Events"
"18341620","Ren Ri","_Events","ENGtoCHI","18503470","人日","_Events_CN"
"18341620","Ren Ri","_Events","ENGtoMAY","20614432","Hari Manusia","_Events_MY"
"18341620","Ren Ri","_Events","ENGtoTAM","18503816","ரென் ரி","_Events_TM"
"18341775","Riding for Life","_Events","SN","","Long distance cycling event that aims to raise funds and awareness for HIV prevention programmes.",""
"18341775","Riding for Life","_Events","Source","","Fridae: News & Features, 28 May 2003: S'pore 'Riding for Life' team to leave for KL on 31 May (https://www.fridae.asia/gay-news/2003/05/28/531.spore-riding-for-life-team-to-leave-for-kl-on-31-may) Retrieved 25 Jan 2024.",""
"18341775","Riding for Life","_Events","Organiser","","Action for AIDS",""
"18341775","Riding for Life","_Events","ENGtoCHI","18503471","为生命而骑","_Events_CN"
"18341775","Riding for Life","_Events","ENGtoMAY","20614469","Menunggang Untuk Hidup","_Events_MY"
"18341775","Riding for Life","_Events","ENGtoTAM","18503817","வாழ்க்கைக்கான சவாரி","_Events_TM"
"20636577","River Hongbao","_Events","Use","18341695","Singapore River Hongbao","_Events"
"18341790","SAF Day","_Events","Use","18341789","Singapore Armed Forces Day","_Events"
"18341678","SAFRA Sheares Bridge Run & Army Half Marathon","_Events","Use","18341677","Singapore Bay Run","_Events"
"18341809","SAFRA Singapore Bay Run & Army Half Marathon","_Events","Use","18341677","Singapore Bay Run","_Events"
"20614564","Sambutan Drama!","_Events_MY","MAYtoENG","18341676","Celebrate Drama!","_Events"
"18519045","SEA Games","_Events","SN","","Multi-sport event held every two years that involves participants from Southeast Asian countries. Regulated by the Southeast Asian Games Federation (SAGF), it was held in Singapore in 1983 and 1993.",""
"18519045","SEA Games","_Events","Source","","Olympic Council of Asia: Southeast Asian Games (http://www.ocasia.org/Game/GamesL1.aspx?SYCXGjC0df+J2ChZBk5tvA==) | 亚奥理事会官方网站(http://www.ocasia.org/Game/Ch_GamesL1.aspx?SYCXGjC0df+J2ChZBk5tvA==)",""
"18519045","SEA Games","_Events","UF","18519046","Southeast Asian Games","_Events"
"18519045","SEA Games","_Events","ENGtoCHI","18519057","东南亚运动会","_Events_CN"
"18519045","SEA Games","_Events","ENGtoMAY","18534487","Sukan SEA","_Events_MY"
"20614565","Seni Menentang Aids","_Events_MY","MAYtoENG","18341777","Art Against AIDS","_Events"
"18341771","Senior Citizens' Week","_Events","SN","","Annual week-long event first organised in 1979 by the People's Association, Singapore Council of Social Service and the Social Welfare Department. It aimed to cultivate respect for the elderly among the public, encourage the elderly to take part in social activities, and create awareness that seniors can still contribute to society.",""
"18341771","Senior Citizens' Week","_Events","Month","","11",""
"18341771","Senior Citizens' Week","_Events","Source","","Straits Times, 16 Oct 1979: Now a week for senior citizens... (https://eresources.nlb.gov.sg/newspapers/digitised/article/straitstimes19791016-1.2.82) Retrieved 26 Jan 2024.",""
"18341771","Senior Citizens' Week","_Events","ENGtoCHI","18503473","乐龄周","_Events_CN"
"18341771","Senior Citizens' Week","_Events","ENGtoMAY","20614472","Minggu Wargatua","_Events_MY"
"18341771","Senior Citizens' Week","_Events","ENGtoTAM","18503819","மூத்த குடிமக்கள் வாரம்","_Events_TM"
"18341565","Septfest","_Events","SN","","SeptFest was an annual month-long, multi-disciplinary arts festival organised by the Substation to mark its founding anniversary month of September. Each year, the event featured a different theme and multi and interdisciplinary programmes, such as exhibitions, performances, and films from Singapore and the region. The last SeptFest was held in 2021, the year The Substation closed.",""
"18341565","Septfest","_Events","Month","","09",""
"18341565","Septfest","_Events","Source","","Substation: Septfest 20201/21 (https://www.substation.org/septfest2020) Retrieved 26 Nov 2025. | Straits Times, 10 March 2021: The Substation, which closes in July, kicks off final hurrah with SeptFest (https://www.straitstimes.com/life/arts/the-substation-which-closes-in-july-kicks-off-final-hurrah-with-septfest) Retrieved 26 Nov 2025.",""
"18341565","Septfest","_Events","Organiser","","The Substation",""
"18341565","Septfest","_Events","ENGtoCHI","18503474","九月节","_Events_CN"
"18341565","Septfest","_Events","ENGtoMAY","20614550","Pesta Sept","_Events_MY"
"18341565","Septfest","_Events","ENGtoTAM","18503820","செப்டம்பர் விழா","_Events_TM"
"18341637","Seven Maiden's Festival","_Events","Use","18341634","Qi Qiao Jie","_Events"
"18341779","Sexpo Singapore","_Events","SN","","Singapore's first exhibition on sexuality and sex-related matters held in November 2005 at the Singapore Expo with the approval of the government. The event was aimed at delivering accurate and updated information on sexual education in a family-friendly setting and to de-stigmatise sex. After the second run of this event in 2006, no further runs were reported in the news.",""
"18341779","Sexpo Singapore","_Events","Year","","2005",""
"18341779","Sexpo Singapore","_Events","Month","","11",""
"18341779","Sexpo Singapore","_Events","Source","","Today, 16 August 2005, page 1: A uniquely Singapore sex show (https://eresources.nlb.gov.sg/newspapers/digitised/article/today20050816-1.2.2) Retrieved 5 Dec 2025.",""
"18341779","Sexpo Singapore","_Events","Organiser","","Sexpo Pte Ltd",""
"18341779","Sexpo Singapore","_Events","ENGtoCHI","18503475","新加坡性爱保健博览会","_Events_CN"
"18341779","Sexpo Singapore","_Events","ENGtoMAY","20614566","SEXPO Singapura","_Events_MY"
"18341779","Sexpo Singapore","_Events","ENGtoTAM","18503821","செக்ஸ்போ சிங்கப்பூர்","_Events_TM"
"20614566","SEXPO Singapura","_Events_MY","MAYtoENG","18341779","Sexpo Singapore","_Events"
"20613760","SGIFF","_Events","Use","18341564","Singapore International Film Festival","_Events"
"20012715","Shangri-La Dialogue","_Events","SN","","An inter-governmental security conference held annually in Singapore at the Shangri-La Hotel since 2002. Also known as the IISS Asia Security Summit, it is organised by the International Institute for Strategic Studies, an independent research institute or think tank headquartered in London. Over the years it has become one of the most important independent forums for the exchange of views by international security policy decision-makers.",""
"20012715","Shangri-La Dialogue","_Events","Year","","2002",""
"20012715","Shangri-La Dialogue","_Events","Source","","Wikipedia: Shangri-La Dialogue (https://en.wikipedia.org/wiki/Shangri-La_Dialogue) Retrieved 3 Jun 2024.",""
"20012715","Shangri-La Dialogue","_Events","Organiser","","International Institute for Strategic Studies",""
"20012715","Shangri-La Dialogue","_Events","Wikidata URI","","http://www.wikidata.org/entity/Q7488585",""
"20012715","Shangri-La Dialogue","_Events","UF","20012716","IISS Asia Security Summit","_Events"
"18341592","SHAPE Run","_Events","SN","","An annual, originally all-women running event that featured a 10 km competitive run as well as a 5 km fun run. First started in 2006, it was organised by Singapore Press Holdings' Shape Singapore Magazine in conjunction with their anniversary.",""
"18341592","SHAPE Run","_Events","Month","","07",""
"18341592","SHAPE Run","_Events","Source","","Straits Times, 24 July 2016: Athletics: 9,500 runners take part in 11th Shape Run - first race at Bayfront Event Space (https://www.straitstimes.com/sport/athletics-9500-runners-take-part-in-11th-shape-run-first-race-at-bayfront-event-space) Retrieved 27 Nov 2025.",""
"18341592","SHAPE Run","_Events","Organiser","","Shape Singapore Magazine",""
"18341592","SHAPE Run","_Events","ENGtoCHI","18503476","Shape跑步活动","_Events_CN"
"18341592","SHAPE Run","_Events","ENGtoMAY","20614462","Larian Shape","_Events_MY"
"18341592","SHAPE Run","_Events","ENGtoTAM","18503822","ஷேப் ஓட்டம்","_Events_TM"
"18503476","Shape跑步活动","_Events_CN","CHItoENG","18341592","SHAPE Run","_Events"
"18341769","SHINE Youth Festival","_Events","SN","","An annual festival organised by the National Youth Council to celebrate youths, first held in 2005. The festival is held over a weekend, filled with dance and music performances, sports and arts activities.",""
"18341769","SHINE Youth Festival","_Events","Year","","2005",""
"18341769","SHINE Youth Festival","_Events","Source","","Today, 25 June 2015, page 11: Get ready for SHINE (https://eresources.nlb.gov.sg/newspapers/digitised/article/today20150625-1.2.67.3.2) Retrieved 26 Nov 2025.",""
"18341769","SHINE Youth Festival","_Events","Organiser","","National Youth Council (Singapore)",""
"18341769","SHINE Youth Festival","_Events","Wikidata URI","","http://www.wikidata.org/entity/Q7390210",""
"18341769","SHINE Youth Festival","_Events","ENGtoCHI","18503477","SHINE青年节","_Events_CN"
"18341769","SHINE Youth Festival","_Events","ENGtoMAY","20614500","Pesta Belia SHINE","_Events_MY"
"18341769","SHINE Youth Festival","_Events","ENGtoTAM","18503823","ஷைன் இளைஞர் விழா","_Events_TM"
"18503477","SHINE青年节","_Events_CN","CHItoENG","18341769","SHINE Youth Festival","_Events"
"20608594","SIFA","_Events","Use","20608593","Singapore International Festival of Arts","_Events"
"18341607","Sikh New Year","_Events","Use","18341575","Vesakhi","_Events"
"20636584","Singapore 7s","_Events","Use","18341660","Singapore Sevens","_Events"
"18341776","Singapore AIDS Candlelight Memorial","_Events","SN","","Annual international event held to remember those who have died from AIDS. The Memorial provides an opportunity to come to terms with death and AIDS. It has become a powerful symbol of the presence of AIDS in Singapore, and a timely reminder for the community to renew its commitment to fight AIDS discrimination.",""
"18341776","Singapore AIDS Candlelight Memorial","_Events","Month","","05",""
"18341776","Singapore AIDS Candlelight Memorial","_Events","Source","","Action for AIDS Press Room: Singapore AIDS Candlelight Memorial on 18th May 2025 – How You Can Help (https://afa.org.sg/singapore-aids-candlelight-memorial-on-18th-may-2025-how-you-can-help/) Retrieved 4 Dec 2025.",""
"18341776","Singapore AIDS Candlelight Memorial","_Events","Organiser","","Action for AIDS",""
"18341776","Singapore AIDS Candlelight Memorial","_Events","ENGtoCHI","18503479","新加坡爱之病烛光追悼会","_Events_CN"
"18341776","Singapore AIDS Candlelight Memorial","_Events","ENGtoMAY","20614414","Cahaya Lilin Peringatan AIDS Singapura","_Events_MY"
"18341776","Singapore AIDS Candlelight Memorial","_Events","ENGtoTAM","18503825","சிங்கப்பூர் எய்ட்ஸ் மெழுகுவர்த்தி ஒளியூட்டு நினைவு நிகழ்ச்சி","_Events_TM"
"18341778","Singapore AIDS Conference","_Events","SN","","Multisectoral biennial conference on AIDS launched in 1998. It brings together health care professionals, public health experts, community partners, policy makers, volunteers, the press and affected communities to share knowledge on the fight against the spread of HIV and discrimination, and on improving care and support for persons living with HIV in Singapore.",""
"18341778","Singapore AIDS Conference","_Events","Year","","1998",""
"18341778","Singapore AIDS Conference","_Events","Source","","Action for AIDS Singapore: Singapore AIDS Conference (https://afa.org.sg/what-we-do/advocacy-partnerships/singapore-aids-conference/) Retrieved 4 Dec 2025.",""
"18341778","Singapore AIDS Conference","_Events","Organiser","","Action for AIDS",""
"18341778","Singapore AIDS Conference","_Events","ENGtoCHI","18503480","新加坡爱之病大会","_Events_CN"
"18341778","Singapore AIDS Conference","_Events","ENGtoMAY","20614487","Persidangan AIDS Singapura","_Events_MY"
"18341778","Singapore AIDS Conference","_Events","ENGtoTAM","18503826","சிங்கப்பூர் எய்ட்ஸ் மாநாடு","_Events_TM"
"18341703","Singapore Airlines International Cup (Horses)","_Events","SN","","An international 2,000 metre horse race held in May in Singapore each year that drew participation of top horses and renowned jockeys from all over the world. Established in 2000 in the then newly opened Kranji Racecourse, the event was sponsored by Singapore Airlines from the start. The last race was run in 2015 and was discontinued thereafter.",""
"18341703","Singapore Airlines International Cup (Horses)","_Events","Month","","05",""
"18341703","Singapore Airlines International Cup (Horses)","_Events","Source","","Wikipedia: Singapore Airlines International Cup (https://en.wikipedia.org/wiki/Singapore_Airlines_International_Cup) Retrieved 4 Dec 2025. | Today Online: Turf Club scraps SIA Cup and Krisflyer International Sprint (https://www.todayonline.com/sports/singapore-scraps-two-biggest-horse-races) Retrieved 4 Dec 2025.",""
"18341703","Singapore Airlines International Cup (Horses)","_Events","Organiser","","Singapore Turf Club",""
"18341703","Singapore Airlines International Cup (Horses)","_Events","Wikidata URI","","http://www.wikidata.org/entity/Q1048967",""
"18341703","Singapore Airlines International Cup (Horses)","_Events","BT","18341705","Singapore International Racing Festival (Horses)","_Events"
"18341703","Singapore Airlines International Cup (Horses)","_Events","RT","18341704","KrisFlyer International Sprint (Horses)","_Events"
"18341703","Singapore Airlines International Cup (Horses)","_Events","ENGtoCHI","18503481","新航国际杯赛马大会","_Events_CN"
"18341703","Singapore Airlines International Cup (Horses)","_Events","ENGtoMAY","20614557","Piala Antarabangsa Sistem Penerbangan Singapura","_Events_MY"
"18341703","Singapore Airlines International Cup (Horses)","_Events","ENGtoTAM","18503827","சிங்கப்பூர் ஏர்லைன்ஸ் பன்னாட்டுக் கோப்பை (குதிரைகள்)","_Events_TM"
"18341718","Singapore Airshow","_Events","SN","","A leading aerospace and defence event in the Asian region which was launched in 2008. Taking place biennially in February, this aviation event serves as a global marketplace and networking platform for the military, civil aviation community, exhibitors and business visitors.",""
"18341718","Singapore Airshow","_Events","Month","","02",""
"18341718","Singapore Airshow","_Events","Source","","Singapore Airshow (https://www.singaporeairshow.com/the-show/about-singapore-airshow) Retrieved 4 Dec 2025. | Straits Times, 18 February 2024: Singapore Airshow: Bringing excitement back to aviation part of draw of region’s leading air show (https://www.straitstimes.com/singapore/transport/singapore-airshow-bringing-excitement-back-to-aviation-part-of-draw-of-region-s-leading-air-show) Retrieved 4 Dec 2025.",""
"18341718","Singapore Airshow","_Events","Organiser","","Experia Events Pte Ltd",""
"18341718","Singapore Airshow","_Events","Wikidata URI","","http://www.wikidata.org/entity/Q3066538",""
"18341718","Singapore Airshow","_Events","ENGtoCHI","18503482","新加坡航空展","_Events_CN"
"18341718","Singapore Airshow","_Events","ENGtoMAY","18722244","Pertunjukan Udara Singapura","_Events_MY"
"18341718","Singapore Airshow","_Events","ENGtoTAM","18503828","சிங்கப்பூர் விமானக் காட்சி","_Events_TM"
"18341789","Singapore Armed Forces Day","_Events","SN","","Singapore Armed Forces Day, or SAF Day, is set aside annually on 1 July for servicemen and servicewomen to reaffirm their pledge of loyalty and commitment to the Singapore Armed Forces (SAF) and the nation. It is also a day for employers, National Service men and those who have completed their National Service to rededicate themselves to the service of the nation. The first SAF Day was observed in 1969.",""
"18341789","Singapore Armed Forces Day","_Events","Month","","07",""
"18341789","Singapore Armed Forces Day","_Events","Day","","01",""
"18341789","Singapore Armed Forces Day","_Events","Source","","Singapore Infopedia: Singapore Armed Forces (SAF) Day (https://www.nlb.gov.sg/main/article-detail?cmsuuid=d57f0ed0-3090-416b-a689-848d8c549ee7) Retrieved 26 Nov 2025.",""
"18341789","Singapore Armed Forces Day","_Events","Organiser","","Singapore. Ministry of Defence",""
"18341789","Singapore Armed Forces Day","_Events","UF","18341790","SAF Day","_Events"
"18341789","Singapore Armed Forces Day","_Events","ENGtoCHI","18503483","新加坡军人节","_Events_CN"
"18341789","Singapore Armed Forces Day","_Events","ENGtoMAY","20614440","Hari Tentera Singapura","_Events_MY"
"18341789","Singapore Armed Forces Day","_Events","ENGtoTAM","18503829","சிங்கப்பூர் ஆயுதப் படை தினம்","_Events_TM"
"18341558","Singapore Art Show","_Events","SN","","Was a bi-annual visual art event in Singapore, organised by the National Arts Council. It provided a national platform for established and up-and-coming local visual artists to showcase their works and for the public to appreciate the diverse visual arts practices found in Singapore. The inaugural run took place in 2005. No further runs were organised after 2009.",""
"18341558","Singapore Art Show","_Events","Year","","2005",""
"18341558","Singapore Art Show","_Events","Source","","Wikipedia: Singapore Art Show (https://en.wikipedia.org/wiki/Singapore_Art_Show) Retrieved 26 Nov 2025.",""
"18341558","Singapore Art Show","_Events","Organiser","","National Arts Council (Singapore)",""
"18341558","Singapore Art Show","_Events","Wikidata URI","","http://www.wikidata.org/entity/Q7522903",""
"18341558","Singapore Art Show","_Events","ENGtoCHI","18503484","新加坡艺术展","_Events_CN"
"18341558","Singapore Art Show","_Events","ENGtoMAY","20614479","Pameran Seni Singapura","_Events_MY"
"18341558","Singapore Art Show","_Events","ENGtoTAM","18503830","சிங்கப்பூர் கலைக் காட்சி","_Events_TM"
"18341557","Singapore Arts Festival","_Events","SN","","Annual month-long arts festival that was formed from the merger of two previously run festivals - the Festival of Arts and the Festival of Asian Performing Arts in 1999. The Singapore Arts Festival was positioned as an international event with a strong Asian component, featuring dance, music, and visual arts components.",""
"18341557","Singapore Arts Festival","_Events","Year","","1999",""
"18341557","Singapore Arts Festival","_Events","Source","","Singapore Infopedia: Singapore International Festival of Arts (https://www.nlb.gov.sg/main/article-detail?cmsuuid=ae2ce962-7ece-4115-bb57-b7ca4dfb6a96) Retrieved 26 Nov 2025. | The Singapore Arts Festival is inaugurated (https://www.nlb.gov.sg/main/article-detail?cmsuuid=791cce00-2ef2-4517-ab5d-9d373903d9ff) Retrieved 28 Nov 2025.",""
"18341557","Singapore Arts Festival","_Events","Organiser","","National Arts Council (Singapore)",""
"18341557","Singapore Arts Festival","_Events","UF","18662410","Singapore Festival of Arts","_Events"
"18341557","Singapore Arts Festival","_Events","ENGtoCHI","18503485","新加坡艺术节","_Events_CN"
"18341557","Singapore Arts Festival","_Events","ENGtoMAY","20614549","Pesta Seni Singapura","_Events_MY"
"18341557","Singapore Arts Festival","_Events","ENGtoTAM","18503831","சிங்கப்பூர் கலை விழா","_Events_TM"
"18341677","Singapore Bay Run","_Events","SN","","The Singapore Bay Run, formerly known as the SAFRA Sheares Bridge Run & Army Half Marathon, is a mass-running event for both competitive and non-competitive runners that takes place around the Marina Bay area. Jointly organised by SAFRA and the Singapore Army, its main aim is to promote fitness, family bonding and cohesiveness amongst NSmen (which refers to Operationally Ready National Servicemen, Ministry of Defence Reserves & Ex-NSmen).",""
"18341677","Singapore Bay Run","_Events","Month","","08",""
"18341677","Singapore Bay Run","_Events","Source","","Straits Times, 5 June 2023: Safra Singapore Bay Run and Army Half Marathon to return as physical event for the first time since 2018 (https://www.straitstimes.com/sport/safra-singapore-bay-run-army-half-marathon-to-return-as-physical-event-for-the-first-time-since-2018) Retrieved 28 Nov 2025. | Run Society, 4 May 2017: SAFRA Singapore Bay Run & Army Half Marathon 2017 Introduces New NS50 Team Run Category (https://www.runsociety.com/news/safra-singapore-bay-run-army-half-marathon-2017-introduces-new-ns50-team-run-category/) Retrieved 28 Nov 2025.",""
"18341677","Singapore Bay Run","_Events","Organiser","","SAFRA | Singapore Army",""
"18341677","Singapore Bay Run","_Events","UF","18341678","SAFRA Sheares Bridge Run & Army Half Marathon","_Events"
"18341677","Singapore Bay Run","_Events","UF","18341809","SAFRA Singapore Bay Run & Army Half Marathon","_Events"
"18341677","Singapore Bay Run","_Events","ENGtoCHI","18503486","新加坡湾跑步大会","_Events_CN"
"18341677","Singapore Bay Run","_Events","ENGtoMAY","20614463","Larian Singapore Bay","_Events_MY"
"18341677","Singapore Bay Run","_Events","ENGtoTAM","18503832","சிங்கப்பூர் பே ஓட்டம்","_Events_TM"
"18341683","Singapore Beer Festival","_Events","SN","","A 4-day event boasting a world-class showcase of beer brands, entertainment from international music artistes and stand-up comedians. This beer-related event is no longer held. However, others have sprung up such as Beerfest Asia and the craft beer event Brewnanza Fest.",""
"18341683","Singapore Beer Festival","_Events","Month","","10",""
"18341683","Singapore Beer Festival","_Events","Source","","Streats, 6 August 2003: Brewing S’pore’s own Oktoberfest (https://eresources.nlb.gov.sg/newspapers/digitised/article/streats20030806-1.2.37.3) Retrieved 27 Nov 2025.",""
"18341683","Singapore Beer Festival","_Events","ENGtoCHI","18503487","新加坡啤酒节","_Events_CN"
"18341683","Singapore Beer Festival","_Events","ENGtoMAY","20614502","Pesta Bir Singapura","_Events_MY"
"18341683","Singapore Beer Festival","_Events","ENGtoTAM","18503833","சிங்கப்பூர் பீர் விழா","_Events_TM"
"18341793","Singapore Biathlon","_Events","SN","","Annual biathlon launched in 2001. Consists of an Olympic-standard 1.5km swim, followed by a 10km run.",""
"18341793","Singapore Biathlon","_Events","Year","","2001",""
"18341793","Singapore Biathlon","_Events","Source","","Pioneer, 8 January 2007: The Singapore biathlon is here again (https://www.defencepioneer.sg/pioneer-articles/THE-SINGAPORE-BIATHLON-IS-HERE-AGAIN) Retrieved 27 Nov 2025. | MINDEF Singapore New Release, 17 March 2007: The Seventh Annual Singapore Biathlon - Attracting Biathletes Worldwide (https://www.nas.gov.sg/archivesonline/data/pdfdoc/MINDEF_20070317001.pdf) Retrieved 27 Nov 2025.",""
"18341793","Singapore Biathlon","_Events","Organiser","","SAFRA | Singapore. Navy | Singapore Sports Council",""
"18341793","Singapore Biathlon","_Events","ENGtoCHI","18503488","新加坡两项运动赛","_Events_CN"
"18341793","Singapore Biathlon","_Events","ENGtoMAY","20614408","Biatlon Singapura","_Events_MY"
"18341793","Singapore Biathlon","_Events","ENGtoTAM","18503834","சிங்கப்பூர் பையத்லான்","_Events_TM"
"18341560","Singapore Biennale","_Events","SN","","A contemporary art exhibition held every two to three years in Singapore, the first being on 4 September 2006. Apart from serving as a platform for dialogue, collaboration and engagement between artists, arts organisations and the international arts community, it also includes public engagement and education programmes, such as artist and curator talks and tours, school visits and workshops.",""
"18341560","Singapore Biennale","_Events","Year","","2006",""
"18341560","Singapore Biennale","_Events","Month","","09",""
"18341560","Singapore Biennale","_Events","Day","","04",""
"18341560","Singapore Biennale","_Events","Source","","Wikipedia: Singapore Biennale (https://en.wikipedia.org/wiki/Singapore_Biennale#2006) Retrieved 17 Mar 2022.",""
"18341560","Singapore Biennale","_Events","Organiser","","National Arts Council (Singapore)",""
"18341560","Singapore Biennale","_Events","Slogan","","Belief (2006) | Wonder (2008) | Open House (2011) | If the World Changed (2013) | An Atlas of Mirrors (2016) | Every Step in the Right Direction (2019)",""
"18341560","Singapore Biennale","_Events","Wikidata URI","","http://www.wikidata.org/entity/Q1307707",""
"18341560","Singapore Biennale","_Events","ENGtoCHI","18503489","新加坡双年展","_Events_CN"
"18341560","Singapore Biennale","_Events","ENGtoMAY","20614409","Biennale Singapura","_Events_MY"
"18341560","Singapore Biennale","_Events","ENGtoTAM","18503835","சிங்கப்பூர் பையென்னால்","_Events_TM"
"19991453","Singapore Chinese Music Competition","_Events","SN","","A biennial competition that is a platform to develop the performing skills of young musicians, raise musical standards and discover new talents by supporting their interest in the pursuit of Chinese music in Singapore. It is organised by the Singapore Chinese Orchestra since 2020. It was formerly known as the National Chinese Music Competition which was organised by the National Arts Council.",""
"19991453","Singapore Chinese Music Competition","_Events","Source","","Singapore Chinese Orchestra: SCMC (https://sco.com.sg/scmc/the-competition/) Retrieved 24 Jan 2024. | National Arts Council: National Music Competitions (https://www.nac.gov.sg/singapore-arts-scene/key-festivals-and-programmes/national-music-competitions) Retrieved 24 Jan 2024.",""
"19991453","Singapore Chinese Music Competition","_Events","Organiser","","Singapore Chinese Orchestra",""
"18341710","Singapore Cup (Football tournament)","_Events","SN","","An annual Singapore football men's competition, held since 1998, open to clubs in the Singapore Premier League. It has evolved in recent years to become one of the region’s top football club knockout competitions. Teams from Malaysia, Thailand, Cambodia, Brunei Darussalam and Indonesia have all taken part in previous editions of the competition.",""
"18341710","Singapore Cup (Football tournament)","_Events","Source","","Wikipedia: Singapore Cup (https://en.wikipedia.org/wiki/Singapore_Cup) Retrieved 27 Nov 2025.",""
"18341710","Singapore Cup (Football tournament)","_Events","Organiser","","Football Association of Singapore",""
"18341710","Singapore Cup (Football tournament)","_Events","Wikidata URI","","http://www.wikidata.org/entity/Q1546619",""
"18341710","Singapore Cup (Football tournament)","_Events","UF","18341810","Singapore League Cup","_Events"
"18341710","Singapore Cup (Football tournament)","_Events","ENGtoCHI","18503490","新加坡杯（足球赛）","_Events_CN"
"18341710","Singapore Cup (Football tournament)","_Events","ENGtoMAY","20614560","Piala Singapura (Perlawanan bola sepak)","_Events_MY"
"18341710","Singapore Cup (Football tournament)","_Events","ENGtoTAM","18503836","சிங்கப்பூர் கோப்பை (காற்பந்தாட்டத் தொடர் போட்டி)","_Events_TM"
"18341805","Singapore Derby (Horses)","_Events","SN","","An annual horse race of the Singapore Turf Club, inaugurated in 1880. The event was discontinued in 1910 but was reinstated by the Singapore Turf Club in 1959 and continued thereafter.",""
"18341805","Singapore Derby (Horses)","_Events","Year","","1880",""
"18341805","Singapore Derby (Horses)","_Events","Source","","Singapore Turf Club: Singapore Derby 2024 (https://www.turfclub.com.sg/en/our-homestretch/singapore-derby-2024.html) Retrieved 27 Nov 2025. | Reuters, 8 October 2024: Thousands watch Singapore's last horse race, after 181 years (https://www.reuters.com/investigates/special-report/singapore-horse-racing-final/) Retrieved 27 Nov 2025.",""
"18341805","Singapore Derby (Horses)","_Events","Organiser","","Singapore Turf Club",""
"18341805","Singapore Derby (Horses)","_Events","Wikidata URI","","http://www.wikidata.org/entity/Q7522971",""
"18341805","Singapore Derby (Horses)","_Events","UF","18341806","Emirates Singapore Derby","_Events"
"18341805","Singapore Derby (Horses)","_Events","ENGtoCHI","18503491","新加坡打比杯大赛（赛马）","_Events_CN"
"18341805","Singapore Derby (Horses)","_Events","ENGtoMAY","20614417","Derby Singapura(Lumba kuda)","_Events_MY"
"18341805","Singapore Derby (Horses)","_Events","ENGtoTAM","18503837","சிங்கப்பூர் டெர்பி (குதிரைகள்)","_Events_TM"
"18341722","Singapore Design Festival","_Events","SN","","A biennial platform to promote design and the design industry in Singapore initiated in 2005 by the DesignSingapore Council. It aims to create opportunities for networking and exchange of ideas, and enhance Singapore as a vibrant and creative international design city. At the same time, the festival provides a gateway to Asia's design community, and Asia to the world. In recent years, this event is now known as Singapore Design Week and takes place in September.",""
"18341722","Singapore Design Festival","_Events","Year","","2005",""
"18341722","Singapore Design Festival","_Events","Source","","Design Singapore Council: About Singapore Design Festival 2007 (http://app.singaporedesignfestival.com/aboutus.asp) Retrieved 27 Nov 2025. | Design Singapore Council: Dsg’s Formative Years Laid Strong Foundations for Singapore Design (https://designsingapore.org/stories/dsgs-formative-years-laid-strong-foundations-for-singapore-design/) Retrieved 27 Nov 2025.",""
"18341722","Singapore Design Festival","_Events","Organiser","","DesignSingapore Council",""
"18341722","Singapore Design Festival","_Events","ENGtoCHI","18503492","新加坡设计节","_Events_CN"
"18341722","Singapore Design Festival","_Events","ENGtoMAY","20614548","Pesta Reka Bentuk Singapura","_Events_MY"
"18341722","Singapore Design Festival","_Events","ENGtoTAM","18503838","சிங்கப்பூர் வடிவமைப்பு விழா","_Events_TM"
"18341787","Singapore Dragon Boat Festival","_Events","SN","","Singapore’s premier dragon boat racing event covering a 500m racing distance, organised annually by the Singapore Dragon Boat Association in June.",""
"18341787","Singapore Dragon Boat Festival","_Events","Month","","06",""
"18341787","Singapore Dragon Boat Festival","_Events","Source","","Singapore Dragon Boat Association (https://sdba.org.sg/) Retrieved 27 Nov 2025.",""
"18341787","Singapore Dragon Boat Festival","_Events","Organiser","","Singapore Dragon Boat Association",""
"18341787","Singapore Dragon Boat Festival","_Events","ENGtoCHI","18503493","新加坡龙舟节","_Events_CN"
"18341787","Singapore Dragon Boat Festival","_Events","ENGtoMAY","20614504","Pesta Bot Naga Singapura","_Events_MY"
"18341787","Singapore Dragon Boat Festival","_Events","ENGtoTAM","18503839","சிங்கப்பூர் கடல் நாகப் படகு விழா","_Events_TM"
"18341770","Singapore Drum Fest","_Events","SN","","An annual drumming festival held in August, which had its first run in 2007. The event features performances by local talents and renowned drummers, percussionists & bands from around the world, drum clinics & drum challenges.",""
"18341770","Singapore Drum Fest","_Events","Month","","08",""
"18341770","Singapore Drum Fest","_Events","Source","","Facebook: Singapore Drum Fest (https://www.facebook.com/sgdrumfest/) Retrieved 27 Nov 2025. | The New Age Parents: Singapore Drum Festival 2017 (https://thenewageparents.com/singapore-drum-festival/) Retrieved 27 Nov 2025.",""
"18341770","Singapore Drum Fest","_Events","Organiser","","Fest Events International",""
"18341770","Singapore Drum Fest","_Events","ENGtoCHI","18503494","新加坡鼓乐节","_Events_CN"
"18341770","Singapore Drum Fest","_Events","ENGtoMAY","20614507","Pesta Dram Singapura","_Events_MY"
"18341770","Singapore Drum Fest","_Events","ENGtoTAM","18503840","சிங்கப்பூர் முரசு விழா","_Events_TM"
"18341700","Singapore Fashion Festival","_Events","SN","","An annual two-week-long festival that was supported by the Singapore Tourism Board, to market Singapore as the fashion capital of Asia. It featured international and local designers’ collections, fashion shows, exhibitions and other related fringe events. The first Festival was held in March 2001 and continued annually until 2009. In 2010, it was relaunched as the Asia Fashion Exchange, additionally involving the Textile and Fashion Federation of Singapore, Mercury Marketing and Communications, and the government agencies International Enterprise Singapore and SPRING Singapore.",""
"18341700","Singapore Fashion Festival","_Events","Year","","2001",""
"18341700","Singapore Fashion Festival","_Events","Month","","03",""
"18341700","Singapore Fashion Festival","_Events","Source","","Singapore Infopedia: Singapore Fashion Festival (https://www.nlb.gov.sg/main/article-detail?cmsuuid=071a0fe5-7e60-49f7-803e-1b9ba5f099bd) Retrieved 26 Nov 2025.",""
"18341700","Singapore Fashion Festival","_Events","Organiser","","Singapore Tourism Board",""
"18341700","Singapore Fashion Festival","_Events","Wikidata URI","","http://www.wikidata.org/entity/Q7522968",""
"18341700","Singapore Fashion Festival","_Events","ENGtoCHI","18503495","新加坡时装节","_Events_CN"
"18341700","Singapore Fashion Festival","_Events","ENGtoMAY","20614510","Pesta Fesyen Singapura","_Events_MY"
"18341700","Singapore Fashion Festival","_Events","ENGtoTAM","18503841","சிங்கப்பூர் நவநாகரீக விழா","_Events_TM"
"18341723","Singapore Fashion Week","_Events","SN","","A week-long fashion event to promote Singapore as a regional fashion centre and to draw the attention of international fashion buyers and tourists to the variety and creativity of Singapore's fashion industry. The first Singapore Fashion Week was held from 5 to 11 April 1987.",""
"18341723","Singapore Fashion Week","_Events","Year","","1987",""
"18341723","Singapore Fashion Week","_Events","Source","","Straits Times, 27 August 1986, page 21: 7-day promotion for made-in-S'pore fashion (https://eresources.nlb.gov.sg/newspapers/digitised/article/straitstimes19860827-1.2.29.21) Retrieved 26 Nov 2025.",""
"18341723","Singapore Fashion Week","_Events","Organiser","","Singapore. Trade Development Board | Singapore Tourist Promotion Board | Singapore Textile and Garment Manufacturers' Association",""
"18341723","Singapore Fashion Week","_Events","ENGtoCHI","18503496","新加坡时装周","_Events_CN"
"18341723","Singapore Fashion Week","_Events","ENGtoMAY","20614470","Minggu Fesyen Singapura","_Events_MY"
"18341723","Singapore Fashion Week","_Events","ENGtoTAM","18503842","சிங்கப்பூர் நவநாகரீக வாரம்","_Events_TM"
"18662410","Singapore Festival of Arts","_Events","Use","18341557","Singapore Arts Festival","_Events"
"18341730","Singapore Fireworks Celebrations","_Events","SN","","A fireworks festival first launched in 2004, then called the Singapore Fireworks Festival. It was renamed in 2007 as Singapore Fireworks Celebrations and featured pyro-musical displays produced by teams from Singapore and around the world.",""
"18341730","Singapore Fireworks Celebrations","_Events","Month","","08",""
"18341730","Singapore Fireworks Celebrations","_Events","Source","","Wikipedia: (https://en.wikipedia.org/wiki/Singapore_Fireworks_Celebrations) Retrieved 27 Nov 2025.",""
"18341730","Singapore Fireworks Celebrations","_Events","Organiser","","Festival Square Circle",""
"18341730","Singapore Fireworks Celebrations","_Events","Wikidata URI","","http://www.wikidata.org/entity/Q7522973",""
"18341730","Singapore Fireworks Celebrations","_Events","UF","18341731","Singapore Fireworks Festival","_Events"
"18341730","Singapore Fireworks Celebrations","_Events","ENGtoCHI","18503497","新加坡烟花盛会","_Events_CN"
"18341730","Singapore Fireworks Celebrations","_Events","ENGtoMAY","20614484","Perayaan Bunga Api Singapura","_Events_MY"
"18341730","Singapore Fireworks Celebrations","_Events","ENGtoTAM","18503843","சிங்கப்பூர் வான வேடிக்கைக் கொண்டாட்டங்கள்","_Events_TM"
"18341731","Singapore Fireworks Festival","_Events","Use","18341730","Singapore Fireworks Celebrations","_Events"
"18341664","Singapore Food Festival","_Events","SN","","An annual event organised by the Singapore Tourism Board that celebrates Singapore’s vibrant food culture. It brings together chefs, hawkers, artists and culinary innovators to showcase the rich diversity, creativity and heritage of local and international cuisine found in Singapore. Activities include food carnivals, trails, workshops, as well as joint food-oriented promotions. The first run of the Festival took place in 1994.",""
"18341664","Singapore Food Festival","_Events","Year","","1994",""
"18341664","Singapore Food Festival","_Events","Source","","Singapore Food Festival (https://singaporefoodfestival.com/) Retrieved 25 Nov 2025. | Singapore Tourism Board: Explore the Reimagined Singapore Food Festival and See Singapore Come Alive as a Culinary Capital (https://www.stb.gov.sg/about-stb/media-publications/media-centre/explore-the-reimagined-singapore-food-festival-and-see-singapore-come-alive-as-a-culinary-capital/) Retrieved 25 Nov 2025.",""
"18341664","Singapore Food Festival","_Events","Organiser","","Singapore Tourism Board",""
"18341664","Singapore Food Festival","_Events","Wikidata URI","","http://www.wikidata.org/entity/Q12758861",""
"18341664","Singapore Food Festival","_Events","ENGtoCHI","18503498","新加坡美食节","_Events_CN"
"18341664","Singapore Food Festival","_Events","ENGtoMAY","20614536","Pesta Makanan Singapura","_Events_MY"
"18341664","Singapore Food Festival","_Events","ENGtoTAM","18503844","சிங்கப்பூர் உணவு விழா","_Events_TM"
"20613707","Singapore Fringe Festival (2026-)","_Events","SN","","Annual festival of theatre, performance arts, film, dance, visual arts, mixed media, music and forum created and presented by Singaporean and international artists. Themed differently each year, the Festival aims to bring the best of contemporary, cutting-edge and socially-engaged works to Singapore audiences. It was funded by the telecommunications company M1 from the festival's inception in 2005 till 2025. Thereafter, donations were raised by the organiser to fund the Festival, which became known as the Singapore Fringe Festival.",""
"20613707","Singapore Fringe Festival (2026-)","_Events","Year","","2005",""
"20613707","Singapore Fringe Festival (2026-)","_Events","Source","","M! Singapore Fringe Festival (www.singaporefringe.com) | Straits Times, 11 July 2025, page C10: Festival saved by crowdfunding, to return in January.",""
"20613707","Singapore Fringe Festival (2026-)","_Events","Organiser","","Necessary Stage (Firm)",""
"20613707","Singapore Fringe Festival (2026-)","_Events","Slogan","","Art and War (2005) | Art and Healing (2006) | Art and Disability (2007) | Art and History (2008) | Art and Family (2009)",""
"20613707","Singapore Fringe Festival (2026-)","_Events","Wikidata URI","","http://www.wikidata.org/entity/Q24949688",""
"20613707","Singapore Fringe Festival (2026-)","_Events","ENGtoCHI","20613708","新加坡艺穗节","_Events_CN"
"20613707","Singapore Fringe Festival (2026-)","_Events","ENGtoMAY","20614544","Pesta Pinggir M1 Singapura","_Events_MY"
"20613707","Singapore Fringe Festival (2026-)","_Events","ENGtoTAM","20613714","சிங்கப்பூர் இதர நிகழ்ச்சிகள் விழா","_Events_TM"
"18341667","Singapore Garden Festival","_Events","SN","","Biennial garden show that brings together and showcases creations from award-winning landscape and garden designers, florists and horticulturists from around the world, including Singapore's. Organised by the National Parks Board, the first show was launched in 2006.",""
"18341667","Singapore Garden Festival","_Events","Month","","07",""
"18341667","Singapore Garden Festival","_Events","Source","","Singapore Garden Festival (https://sgf.nparks.gov.sg) Retrieved 25 Nov 2025.",""
"18341667","Singapore Garden Festival","_Events","Organiser","","National Parks Board (Singapore)",""
"18341667","Singapore Garden Festival","_Events","Wikidata URI","","http://www.wikidata.org/entity/Q7522982",""
"18341667","Singapore Garden Festival","_Events","ENGtoCHI","18503499","新加坡花园节","_Events_CN"
"18341667","Singapore Garden Festival","_Events","ENGtoMAY","20614551","Pesta Taman Bunga Singapura","_Events_MY"
"18341667","Singapore Garden Festival","_Events","ENGtoTAM","18503845","சிங்கப்பூர் தோட்ட விழா","_Events_TM"
"18341659","Singapore Grand Prix","_Events","SN","","Refers to the annual two-day motor racing event along a 3 mile (4.8 km) stretch of old and new Upper Thomas Road that took place between 1961 and 1973. The first race under this name took place in 1961, with subsequent runs from 1966 till 1973, when it was discontinued for safety reasons. The races held between 1962 and 1965 were called the Malaysia Grand Prix.",""
"18341659","Singapore Grand Prix","_Events","Year","","1961",""
"18341659","Singapore Grand Prix","_Events","Source","","Straits Times, 10 August 1961, page 15: Biggest-ever Grand Prix (https://eresources.nlb.gov.sg/newspapers/digitised/article/straitstimes19610810-1.2.103) Retrieved 28 Nov 2025. | First Singapore Grand Prix is held at Thomson Road circuit (https://www.nlb.gov.sg/main/article-detail?cmsuuid=19610850-ad7f-48b0-8317-7a25f62b1599) Retrieved 28 Nov 2025.",""
"18341659","Singapore Grand Prix","_Events","Organiser","","Singapore Motor Club",""
"18341659","Singapore Grand Prix","_Events","ENGtoCHI","18503500","新加坡大奖赛","_Events_CN"
"18341659","Singapore Grand Prix","_Events","ENGtoMAY","20614425","Grand Prix Singapura","_Events_MY"
"18341659","Singapore Grand Prix","_Events","ENGtoTAM","18503846","சிங்கப்பூர் க்ராண்ட் ப்ரிக்ஸ்","_Events_TM"
"18341657","Singapore HeritageFest","_Events","SN","","Started in 2004, the annual festival celebrates Singapore's diverse, multicultural heritage through a variety of programmes planned for the public on various aspects of Singapore's heritage and shared culture. The festival won the Uniquely Singapore Award for the 2006 festival at the 21st Singapore Tourism Awards.",""
"18341657","Singapore HeritageFest","_Events","Year","","2004",""
"18341657","Singapore HeritageFest","_Events","Source","","CNA: Singapore HeritageFest returns in May with 21st edition (https://cnalifestyle.channelnewsasia.com/entertainment/singapore-heritagefest-may-2024-389366) Retrieved 13 May 2024.",""
"18341657","Singapore HeritageFest","_Events","Organiser","","Singapore. National Heritage Board",""
"18341657","Singapore HeritageFest","_Events","ENGtoCHI","18503501","新加坡文化遗产节","_Events_CN"
"18341657","Singapore HeritageFest","_Events","ENGtoMAY","20614533","Pesta Kebudayaan Singapura","_Events_MY"
"18341657","Singapore HeritageFest","_Events","ENGtoTAM","18503847","சிங்கப்பூர் பாரம்பரிய விழா","_Events_TM"
"18341563","Singapore Idol","_Events","SN","","Singaporean spin-off of the American Idol television singing competition, first held in 2004. Two further seasons of the competition were held in 2006 and finally in 2009.",""
"18341563","Singapore Idol","_Events","Year","","2004",""
"18341563","Singapore Idol","_Events","Source","","The first Singapore Idol is held (https://www.nlb.gov.sg/main/article-detail?cmsuuid=c7ead313-f19c-4788-ace9-4ff29a4b2bfd) Retrieved 25 Nov 2025. | Wikipedia: Singapore Idol (https://en.wikipedia.org/wiki/Singapore_Idol) Retrieved 25 Nov 2025.",""
"18341563","Singapore Idol","_Events","Organiser","","MediaCorp Studios | FremantleMedia",""
"18341563","Singapore Idol","_Events","Wikidata URI","","http://www.wikidata.org/entity/Q7523004",""
"18341563","Singapore Idol","_Events","ENGtoCHI","18503502","新加坡偶像歌唱比赛","_Events_CN"
"18341563","Singapore Idol","_Events","ENGtoMAY","20614446","Idola Singapura","_Events_MY"
"18341563","Singapore Idol","_Events","ENGtoTAM","18503848","சிங்கப்பூர் ஐடல்","_Events_TM"
"18341741","Singapore Indie Doc Fest","_Events","SN","","The first dedicated documentary film festival held roughly annually in Singapore, featuring independent short and feature-length documentary films from Singapore and around the world. The first event was held in 2004 and ran for at least six years until 2013. It is unclear whether this festival is still running.",""
"18341741","Singapore Indie Doc Fest","_Events","Year","","2004",""
"18341741","Singapore Indie Doc Fest","_Events","Source","","The Singapore Indie Doc Fest (https://www.viddsee.com/channel/sidf) Retrieved 25 Nov 2025.",""
"18341741","Singapore Indie Doc Fest","_Events","Organiser","","The Substation",""
"18341741","Singapore Indie Doc Fest","_Events","ENGtoCHI","18503503","新加坡短纪录片节","_Events_CN"
"18341741","Singapore Indie Doc Fest","_Events","ENGtoMAY","20614506","Pesta Doc Indie Singapura","_Events_MY"
"18341741","Singapore Indie Doc Fest","_Events","ENGtoTAM","18503849","சிங்கப்பூர் இண்டி டாக் விழா","_Events_TM"
"20608593","Singapore International Festival of Arts","_Events","SN","","The festival features diverse works across theatre, music, dance, film and visual arts. It champions the creation and presentation of Singaporean and international works. It began as Singapore Arts Festival in 1977, and is commissioned by the National Arts Council.",""
"20608593","Singapore International Festival of Arts","_Events","Year","","2013",""
"20608593","Singapore International Festival of Arts","_Events","Source","","About SIFA (https://sifa.sg/about/history) Retrieved 1 Mar 2025",""
"20608593","Singapore International Festival of Arts","_Events","Organiser","","National Arts Council (Singapore)",""
"20608593","Singapore International Festival of Arts","_Events","Wikidata URI","","http://www.wikidata.org/entity/Q7522905",""
"20608593","Singapore International Festival of Arts","_Events","UF","20608594","SIFA","_Events"
"20608593","Singapore International Festival of Arts","_Events","ENGtoCHI","20608595","新加坡国际艺术节","_Events_CN"
"18341564","Singapore International Film Festival","_Events","SN","","Annual film event recognised for its focus on Asian Cinema and strong selection of documentaries and world cinema. The festival, founded by Australian architect, Geoffrey T. Malone and L. Leland Whitney, was first held in February 1987. It is now Singapore's longest running film event.",""
"18341564","Singapore International Film Festival","_Events","Year","","1987",""
"18341564","Singapore International Film Festival","_Events","Month","","02",""
"18341564","Singapore International Film Festival","_Events","Source","","About SGIFF (https://sgiff.com/about-sgiff/) Retrieved 16 Aug 2023. | Straits Times, 22 February 2022, page C5: SGIFF co-founder pumped in $20,000 of own money into project.",""
"18341564","Singapore International Film Festival","_Events","Organiser","","Singapore International Film Festival Ltd",""
"18341564","Singapore International Film Festival","_Events","Wikidata URI","","http://www.wikidata.org/entity/Q2739478",""
"18341564","Singapore International Film Festival","_Events","UF","20613760","SGIFF","_Events"
"18341564","Singapore International Film Festival","_Events","ENGtoCHI","18503504","新加坡国际电影节","_Events_CN"
"18341564","Singapore International Film Festival","_Events","ENGtoMAY","20614514","Pesta Filem Antarabangsa Singapura","_Events_MY"
"18341564","Singapore International Film Festival","_Events","ENGtoTAM","18503850","சிங்கப்பூர் பன்னாட்டுத் திரைப்பட விழா","_Events_TM"
"18341684","Singapore International Photography Festival","_Events","SN","","A biennial festival that provides a platform for Southeast Asian artists to showcase their photographic works alongside their international peers', The event is organised by DECK, an independent non-profit organisation for photography. The first Festival was held in 2008.",""
"18341684","Singapore International Photography Festival","_Events","Year","","2008",""
"18341684","Singapore International Photography Festival","_Events","Source","","Singapore International Photography Festival (https://sipf.sg/) Retrieved 25 Nov 2025. | Singapore Art & Gallery Guide: 8th Singapore International Photography Festival 2022 (https://sagg.info/event/8th-singapore-international-photography-festival-2022/) Retrieved 25 Nov 2025.",""
"18341684","Singapore International Photography Festival","_Events","Organiser","","DECK (Gallery)",""
"18341684","Singapore International Photography Festival","_Events","Wikidata URI","","http://www.wikidata.org/entity/Q17053864",""
"18341684","Singapore International Photography Festival","_Events","ENGtoCHI","18503505","新加坡国际摄影","_Events_CN"
"18341684","Singapore International Photography Festival","_Events","ENGtoMAY","20614528","Pesta fotografi Antarabangsa Singapura","_Events_MY"
"18341684","Singapore International Photography Festival","_Events","ENGtoTAM","18503851","சிங்கப்பூர் பன்னாட்டு புகைப்பட விழா","_Events_TM"
"18514188","Singapore International Piano Festival","_Events","SN","","The Singapore International Piano Festival is an annual event organised under the banner of the Singapore Symphonia Co Ltd, the Singapore Symphony Orchestra's parent company. Pianists of international repute perform according to a theme which is adopted for each edition. This festival started in 1994 with the theme of ""fantasy"". Local audiences and overseas visitors attend this festival feted as Asia's Premier Piano Festival.",""
"18514188","Singapore International Piano Festival","_Events","Year","","1994",""
"18514188","Singapore International Piano Festival","_Events","Source","","Singapore Symphony Orchestra: 25th Singapore International Piano Festival: Synopsis (https://www.sso.org.sg/whats-on/25th-singapore-international-piano-festival) Retrieved 25 Nov 2025.",""
"18514188","Singapore International Piano Festival","_Events","Organiser","","Singapore Symphonia Company Limited",""
"18514188","Singapore International Piano Festival","_Events","BT","5107744","Music festivals","KOS_Subjects_ENG"
"18341705","Singapore International Racing Festival (Horses)","_Events","SN","","An annual horse racing event in Singapore once organised by the Singapore Turf Club. It featured two major international Group 1 horse races: the Singapore Airlines International Cup and the KrisFlyer International Sprint, which attracted horses and trainers from around the world. First held in 2000 and 2001, the races were discontinued in 2016.",""
"18341705","Singapore International Racing Festival (Horses)","_Events","Year","","2000",""
"18341705","Singapore International Racing Festival (Horses)","_Events","Source","","Singapore Turf Club: Singapore International Racing Festival 2015 (https://www.turfclub.com.sg/en/about-us/media-room/press-releases/2015/singapore-international-racing-festival-2015.html) Retrieved 28 Nov 2025. Retrieved 28 Nov 2025. | Wikipedia: Singapore Turf Club (https://en.wikipedia.org/wiki/Singapore_Turf_Club) Retrieved 28 Nov 2025. | Straits Times, 28 September 2015: Racing: SIA International Cup and KrisFlyer International Sprint discontinued (https://www.straitstimes.com/sport/racing-sia-international-cup-and-krisflyer-international-sprint-discontinued) Retrieved 28 Nov 2025.",""
"18341705","Singapore International Racing Festival (Horses)","_Events","Organiser","","Singapore Turf Club",""
"18341705","Singapore International Racing Festival (Horses)","_Events","NT","18341704","KrisFlyer International Sprint (Horses)","_Events"
"18341705","Singapore International Racing Festival (Horses)","_Events","NT","18341703","Singapore Airlines International Cup (Horses)","_Events"
"18341705","Singapore International Racing Festival (Horses)","_Events","ENGtoCHI","18503506","新加坡国际赛马节","_Events_CN"
"18341705","Singapore International Racing Festival (Horses)","_Events","ENGtoMAY","20614543","Pesta Perlumbaan Antarabangsa Singapura","_Events_MY"
"18341705","Singapore International Racing Festival (Horses)","_Events","ENGtoTAM","18503852","சிங்கப்பூர் பன்னாட்டு ஓட்டப்பந்தய விழா (குதிரைகள்)","_Events_TM"
"20012720","Singapore International Water Week","_Events","SN","","A biennial global platform that gathers thought leaders, experts and practitioners from governments, cities, utilities and industry to share knowledge and best practices on innovative water, coastal and flood solutions, and foster partnerships to tackle urban water and associated climate challenges. One of the key highlights is the award of the Lee Kuan Yew Water Prize.",""
"20012720","Singapore International Water Week","_Events","Year","","2008",""
"20012720","Singapore International Water Week","_Events","Source","","Singapore International Water Week (https://www.siww.com.sg/) Retrieved 3 Jun 2024.",""
"20012720","Singapore International Water Week","_Events","Organiser","","PUB, Singapore's National Water Agency | Singapore. Ministry of Sustainability and the Environment",""
"20012720","Singapore International Water Week","_Events","Wikidata URI","","http://www.wikidata.org/entity/Q17149984",""
"18341601","Singapore Kindness Week","_Events","SN","","This event is one of the major activities of the Singapore Kindness Movement. It is held is held every year to promote and raise public awareness of the importance of small acts of kindness. The inaugural nation-wide Singapore Kindness Week was launched by Goh Chok Tong on 8 November 1998 at the Istana.",""
"18341601","Singapore Kindness Week","_Events","Year","","1998",""
"18341601","Singapore Kindness Week","_Events","Month","","11",""
"18341601","Singapore Kindness Week","_Events","Day","","08",""
"18341601","Singapore Kindness Week","_Events","Source","","Singapore Infopedia: Singapore Kindness Movement (https://www.nlb.gov.sg/main/article-detail?cmsuuid=a1f9514e-820a-44fb-98e3-f47880f92682) Retrieved 7 Nov 2025.",""
"18341601","Singapore Kindness Week","_Events","Organiser","","Singapore Kindness Movement Council",""
"18341601","Singapore Kindness Week","_Events","ENGtoCHI","18503507","新加坡行善周","_Events_CN"
"18341601","Singapore Kindness Week","_Events","ENGtoMAY","20614471","Minggu Kebaikan Singapura","_Events_MY"
"18341601","Singapore Kindness Week","_Events","ENGtoTAM","18503853","சிங்கப்பூர் கருணை விழா","_Events_TM"
"18341810","Singapore League Cup","_Events","Use","18341710","Singapore Cup (Football tournament)","_Events"
"19987881","Singapore Learning Festival","_Events","SN","","Annual event that aims to promote continuous learning among corporate and business leaders, as well as the general workforce through a series of forums, seminars, workshops and roadshows. It was first launched in 2000 by the Ministry of Manpower in partnership with the public, private and people sectors.",""
"19987881","Singapore Learning Festival","_Events","Year","","2000",""
"19987881","Singapore Learning Festival","_Events","Source","","Web Archive Singapore: Singapore Learning Festival 2006 (https://eresources.nlb.gov.sg/webarchives/details/www.learningfest.com.sg.html) | The Straits Times, 27 August 2000, page 10: Learn to live (https://eresources.nlb.gov.sg/newspapers/digitised/article/straitstimes20000827-1.2.62.12.1) Retrieved 17 October 2023",""
"19987881","Singapore Learning Festival","_Events","Organiser","","Singapore. Ministry of Manpower",""
"18341690","Singapore Marathon","_Events","SN","","An annual international marathon that is held on the first Sunday of December in Singapore, which attracts local and international participants. The competition comprises four categories: the full marathon, the half marathon, the 10 kilometres run, and the 5 kilometres run. A marathon relay race for teams of five and shorter running competitions for children were later included.",""
"18341690","Singapore Marathon","_Events","Month","","12",""
"18341690","Singapore Marathon","_Events","Source","","Wikipedia: Singapore Marathon (https://en.wikipedia.org/wiki/Singapore_Marathon) Retrieved 7 Nov 2025.",""
"18341690","Singapore Marathon","_Events","Organiser","","Singapore Sports Council | Singapore Athletic Association",""
"18341690","Singapore Marathon","_Events","Wikidata URI","","http://www.wikidata.org/entity/Q950560",""
"18341690","Singapore Marathon","_Events","UF","18341691","Standard Chartered Singapore Marathon","_Events"
"18341690","Singapore Marathon","_Events","ENGtoCHI","18503508","新加坡马拉松赛","_Events_CN"
"18341690","Singapore Marathon","_Events","ENGtoMAY","20614467","Maraton Singapura","_Events_MY"
"18341690","Singapore Marathon","_Events","ENGtoTAM","18503854","சிங்கப்பூர் நெடுந்தொலைவு ஓட்டம்","_Events_TM"
"20612833","Singapore Maritime Week","_Events","SN","","Annual event comprising trade exhibitions, conferences and dialogues that brings together global maritime leaders and industry enthusiasts from around the world to discuss challenges and opportunities faced by the industry. It was inaugurated by the Port of Singapore Authority in 1995.",""
"20612833","Singapore Maritime Week","_Events","Source","","Singapore Maritime Week: About SMW (https://www.smw.sg/about-smw) Retrieved 26 June 2025. | Linkedin: Singapore Maritime Week (SMW) (https://www.linkedin.com/company/singapore-maritime-week-smw/) Retrieved 26 June 2025. | The Straits Times, 27 September 1995, page 46: PSA organising first S'pore Maritime Week (https://eresources.nlb.gov.sg/newspapers/digitised/article/straitstimes19950927-1.2.64.7) Retrieved 26 June 2025.",""
"20612833","Singapore Maritime Week","_Events","Organiser","","Maritime & Port Authority of Singapore",""
"18341682","Singapore Motorshow","_Events","SN","","The Singapore Motorshow is an exhibition of world-class concept cars, exotic automobile designs and new car models. It is the largest automotive display of revolutionary technology for cars and motorcycles in Singapore and features new automotive launches and groundbreaking technology. This biennial event was first organised in 1992.",""
"18341682","Singapore Motorshow","_Events","Year","","1992",""
"18341682","Singapore Motorshow","_Events","Source","","Singapore Motor Show 2026 (https://www.motorshow.com.sg/) Retrieved 7 Nov 2025.",""
"18341682","Singapore Motorshow","_Events","Organiser","","Motor Traders Association",""
"18341682","Singapore Motorshow","_Events","ENGtoCHI","18503509","新加坡汽车展","_Events_CN"
"18341682","Singapore Motorshow","_Events","ENGtoMAY","20614476","Pameran Automobil Singapura","_Events_MY"
"18341682","Singapore Motorshow","_Events","ENGtoTAM","18503855","சிங்கப்பூர் வாகனக்காட்சி","_Events_TM"
"18341668","Singapore Night Festival","_Events","SN","","A week-long festival of interactive light installations, street performances and cultural showcases in the heritage district of Bras Basah Bugis which takes place every August. It was first held in 2008.",""
"18341668","Singapore Night Festival","_Events","Month","","08",""
"18341668","Singapore Night Festival","_Events","Source","","Singapore Night Festival (https://www.nightfestival.gov.sg/)",""
"18341668","Singapore Night Festival","_Events","Organiser","","Singapore. National Heritage Board",""
"18341668","Singapore Night Festival","_Events","ENGtoCHI","18503452","仲夏夜空","_Events_CN"
"18341668","Singapore Night Festival","_Events","ENGtoMAY","20614537","Pesta Malam","_Events_MY"
"18341668","Singapore Night Festival","_Events","ENGtoTAM","18503798","இரவு விழா","_Events_TM"
"18341715","Singapore Open Amateur Championship (Golf tournament)","_Events","SN","","First played in 1948, the Singapore Open Amateur Championship attracts top regional amateur players. The winner gets the privilege of being invited to participate in the Singapore Open.",""
"18341715","Singapore Open Amateur Championship (Golf tournament)","_Events","Year","","1948",""
"18341715","Singapore Open Amateur Championship (Golf tournament)","_Events","Source","","Singapore Golf Association: Singapore Open Amateur Championship(https://sga.org.sg/past-champions/singapore-open-amateur-championship/) Retrieved 6 Nov 2025.",""
"18341715","Singapore Open Amateur Championship (Golf tournament)","_Events","Organiser","","Singapore Golf Association",""
"18341715","Singapore Open Amateur Championship (Golf tournament)","_Events","RT","18341716","Singapore Open (Golf tournament)","_Events"
"18341715","Singapore Open Amateur Championship (Golf tournament)","_Events","ENGtoCHI","18503511","新加坡公开业余锦标赛（高尔夫球）","_Events_CN"
"18341715","Singapore Open Amateur Championship (Golf tournament)","_Events","ENGtoMAY","20614452","Kejohanan Amatur Terbuka Singapura (Pertandingan golf)","_Events_MY"
"18341715","Singapore Open Amateur Championship (Golf tournament)","_Events","ENGtoTAM","18503857","சிங்கப்பூர் ஓபன் தொழில் ரீதியல்லாதோர் வெற்றிக்கிண்ணம் (குழிப்பந்தாட்டம் தொடர் போட்டி)","_Events_TM"
"18341716","Singapore Open (Golf tournament)","_Events","SN","","Singapore's national men’s professional golf title event that was first played in 1961 at the Singapore Island Country Club. It is considered a prestigious event in the Asian professional golf circuit. The annual event skips some years when sponsorship is lacking, such as from 2002 to 2004 and 2023 to 2024. Sentosa Leisure Group and Barclays have been previous title sponsors.",""
"18341716","Singapore Open (Golf tournament)","_Events","Year","","1961",""
"18341716","Singapore Open (Golf tournament)","_Events","Source","","Sinagpore Golf Association: Singapore Open set for comeback at Singapore Island Country Club in November 2025 (https://sga.org.sg/singapore-open-set-for-comeback-at-singapore-island-country-club-in-november-2025/) Retrieved 6 Nov 2025.",""
"18341716","Singapore Open (Golf tournament)","_Events","Organiser","","Singapore Golf Association",""
"18341716","Singapore Open (Golf tournament)","_Events","Wikidata URI","","http://www.wikidata.org/entity/Q1162472",""
"18341716","Singapore Open (Golf tournament)","_Events","UF","18341717","Barclays Singapore Open","_Events"
"18341716","Singapore Open (Golf tournament)","_Events","RT","18341715","Singapore Open Amateur Championship (Golf tournament)","_Events"
"18341716","Singapore Open (Golf tournament)","_Events","ENGtoCHI","18503510","新加坡公开赛 (高尔夫球赛)","_Events_CN"
"18341716","Singapore Open (Golf tournament)","_Events","ENGtoMAY","20614574","Terbuka Singapura (Pertandingan golf)","_Events_MY"
"18341716","Singapore Open (Golf tournament)","_Events","ENGtoTAM","18503856","சிங்கப்பூர் ஓபன் (குழிப்பந்தாட்டம் தொடர் போட்டி)","_Events_TM"
"19985766","Singapore Perspectives (Conference)","_Events","SN","","Annual flagship conference of the Institute of Policy Studies (IPS) that seeks to engage Singaporeans in a debate about the public policy challenges the country faces. It was first launched in 2000 to succeed the IPS Year In Review conference series.",""
"19985766","Singapore Perspectives (Conference)","_Events","Year","","2000",""
"19985766","Singapore Perspectives (Conference)","_Events","Source","","Institute of Policy Studies: Singapore Perspectives (https://lkyspp.nus.edu.sg/ips/events/singapore-perspectives) Retrieved 25 September 2023",""
"19985766","Singapore Perspectives (Conference)","_Events","Organiser","","Institute of Policy Studies (Singapore)",""
"20636576","Singapore River Hong Bao","_Events","Use","18341695","Singapore River Hongbao","_Events"
"18341695","Singapore River Hongbao","_Events","SN","","An annual Chinese New Year cultural exposition which has taken place in Singapore since 1987. It usually features performances, exhibits, amusement rides, and a food street.",""
"18341695","Singapore River Hongbao","_Events","Year","","1987",""
"18341695","Singapore River Hongbao","_Events","Source","","River Hongbao (https://www.riverhongbao.sg) Retrieved 7 Nov 2025.",""
"18341695","Singapore River Hongbao","_Events","Organiser","","Singapore Federation of Chinese Clan Associations | Singapore Press Holdings | Singapore Tourism Board | Singapore Chinese Chamber of Commerce & Industry | People's Association",""
"18341695","Singapore River Hongbao","_Events","UF","20636577","River Hongbao","_Events"
"18341695","Singapore River Hongbao","_Events","UF","20636576","Singapore River Hong Bao","_Events"
"18341695","Singapore River Hongbao","_Events","ENGtoCHI","18503552","春到河畔","_Events_CN"
"18341695","Singapore River Hongbao","_Events","ENGtoMAY","20614444","Hong Bao Sungai Singapura","_Events_MY"
"18341695","Singapore River Hongbao","_Events","ENGtoTAM","18503860","சிங்கப்பூர் ஆறு ஹாங் பாவ்","_Events_TM"
"18341774","Singapore River Raft Race","_Events","SN","","Annual fund-raising rafting event initiated by Singapore Polytechnic in 1989, co-hosted by Liang Court. It targeted the twin objectives of raising environmental and social awareness, where participants were encouraged to use recycled materials to construct rafts that could still effectively race. The original raft race no longer seems to be run, with no mentions of it in the news after the last one held in 2008.",""
"18341774","Singapore River Raft Race","_Events","Year","","1989",""
"18341774","Singapore River Raft Race","_Events","Source","","My SP Memories: The First Singapore River Raft Race (https://memories501.rssing.com/chan-18074456/all_p1.html) Retrieved 7 Nov 2025.",""
"18341774","Singapore River Raft Race","_Events","Organiser","","Singapore Polytechnic",""
"18341774","Singapore River Raft Race","_Events","ENGtoCHI","18503515","新加坡河浮筏赛","_Events_CN"
"18341774","Singapore River Raft Race","_Events","ENGtoMAY","20614486","Perlumbaan Rakit Sungai Singapura","_Events_MY"
"18341774","Singapore River Raft Race","_Events","ENGtoTAM","18503861","சிங்கப்பூர் ஆறு தெப்ப ஓட்டம்","_Events_TM"
"18517828","Singapore River Regatta","_Events","SN","","First launched in 1983. Organised by the Singapore Sports Council, it includes dragon boat, rowing boat and canoe races. The event is later organised by the Singapore Dragon Boat Association and involves mainly dragon boats.",""
"18517828","Singapore River Regatta","_Events","Source","","Regatta on the river. Straits Times, 3 December 1983, pg. 15 (http://newspapers.nl.sg/Digitised/Article/straitstimes19831203-1.2.21.24.aspx)",""
"18517828","Singapore River Regatta","_Events","BT","5136042","Regattas","KOS_Subjects_ENG"
"18517828","Singapore River Regatta","_Events","ENGtoMAY","18534486","Regatta Sungai Singapura","_Events_MY"
"20636583","Singapore Rugby Sevens","_Events","Use","18341660","Singapore Sevens","_Events"
"18341660","Singapore Sevens","_Events","SN","","The Singapore leg of the International Rugby Board Sevens World Series. It involves rugby played with seven rather than 15 players on each side, in two fast-paced seven-minute halves. Singapore played host to the series since 2002, with a break in 2003 until 2006. The name of this event is sometimes preceded by its main sponsor of the period, such as Standard Chartered or HSBC.",""
"18341660","Singapore Sevens","_Events","Month","","04",""
"18341660","Singapore Sevens","_Events","Source","","Today, 1 November 2003, page 53: Singapore Sevens back with a bang (https://eresources.nlb.gov.sg/newspapers/digitised/article/today20031101-1.2.59.10) Retrieved 7 Nov 2025. | Singapore 7s (https://singapore7s.org) Retrieved 7 Nov 2025. | HSBC Svns (https://www.svns.com/en/events/singapore/) Retrieved 7 Nov 2025.",""
"18341660","Singapore Sevens","_Events","Organiser","","International Rugby Board",""
"18341660","Singapore Sevens","_Events","Wikidata URI","","http://www.wikidata.org/entity/Q947389",""
"18341660","Singapore Sevens","_Events","UF","20636585","HSBC Singapore Sevens","_Events"
"18341660","Singapore Sevens","_Events","UF","20636584","Singapore 7s","_Events"
"18341660","Singapore Sevens","_Events","UF","20636583","Singapore Rugby Sevens","_Events"
"18341660","Singapore Sevens","_Events","UF","18341661","Standard Chartered Singapore Sevens","_Events"
"18341660","Singapore Sevens","_Events","ENGtoCHI","18503516","新加坡七人制橄榄球赛","_Events_CN"
"18341660","Singapore Sevens","_Events","ENGtoMAY","20614567","Singapura Sevens","_Events_MY"
"18341660","Singapore Sevens","_Events","ENGtoTAM","18503862","சிங்கப்பூர் செவன்ஸ்","_Events_TM"
"18341788","Singapore Shooting Championship","_Events","SN","","Annual shooting event that includes various competitions such as the Pistol and Rifle, Clay, and Precision Pistol shooting.",""
"18341788","Singapore Shooting Championship","_Events","Month","","10",""
"18341788","Singapore Shooting Championship","_Events","Source","","Singapore Shooting Association (www.singaporeshooting.org) Retrieved 7 Nov 2025. | Singapore Sports School Shooting Academy: Programmes and competitions (https://www.sportsschool.edu.sg/sports/sports-programmes/shooting-academy/programmes-and-competitions) Retrieved 7 Nov 2025.",""
"18341788","Singapore Shooting Championship","_Events","Organiser","","Singapore Shooting Association",""
"18341788","Singapore Shooting Championship","_Events","ENGtoCHI","18503512","新加坡公开射击锦标赛","_Events_CN"
"18341788","Singapore Shooting Championship","_Events","ENGtoMAY","20614454","Kejohanan-kejohanan Tembakan Terbuka Singapura","_Events_MY"
"18341788","Singapore Shooting Championship","_Events","ENGtoTAM","18503858","சிங்கப்பூர் ஓபன் துப்பாக்கியால் சுடும் போட்டியில் வெற்றிக்கிண்ணம்","_Events_TM"
"18341670","Singapore Theatre Festival","_Events","SN","","An event dedicated to the celebration of Singaporean contemporary theatre and the development and staging of new Singapore plays, first presented in 2006 by W!ld Rice.",""
"18341670","Singapore Theatre Festival","_Events","Year","","2006",""
"18341670","Singapore Theatre Festival","_Events","Source","","Wild Rice (https://www.wildrice.com.sg) Retrieved 7 Nov 2025.",""
"18341670","Singapore Theatre Festival","_Events","Organiser","","W!LD RICE",""
"18341670","Singapore Theatre Festival","_Events","UF","18341692","OCBC Singapore Theatre Festival","_Events"
"18341670","Singapore Theatre Festival","_Events","ENGtoCHI","18503517","新加坡戏剧节","_Events_CN"
"18341670","Singapore Theatre Festival","_Events","ENGtoMAY","20614552","Pesta Teater Singapura","_Events_MY"
"18341670","Singapore Theatre Festival","_Events","ENGtoTAM","18503863","சிங்கப்பூர் மேடைக் கலை விழா","_Events_TM"
"18341796","Singapore Toy and Comic Convention","_Events","SN","","An annual exhibition of commercial and designer toys, comics and comic art, animation and gaming technology, and Cosplay performances. The inaugural convention was held in 2008. It has since been renamed Singapore Comic Con.",""
"18341796","Singapore Toy and Comic Convention","_Events","Year","","2008",""
"18341796","Singapore Toy and Comic Convention","_Events","Source","","Singapore Comic Con: About us (https://www.singaporecomiccon.com/aboutus) Retrieved 4 Dec 2025. | Straits Times, 1 July 2008: Fun for fans (https://eresources.nlb.gov.sg/newspapers/digitised/article/straitstimes20080701-1.2.39.7) Retrieved 4 Dec 2025.",""
"18341796","Singapore Toy and Comic Convention","_Events","Organiser","","Play Imaginative",""
"18341796","Singapore Toy and Comic Convention","_Events","ENGtoCHI","18503518","新加坡玩具与漫画展","_Events_CN"
"18341796","Singapore Toy and Comic Convention","_Events","ENGtoMAY","20614458","Konvensyen Alat Permainan dan komik Singapura","_Events_MY"
"18341796","Singapore Toy and Comic Convention","_Events","ENGtoTAM","18503864","சிங்கப்பூர் விளையாட்டுப் பொருட்கள் மற்றும் கேலிப்பட மாநாடு","_Events_TM"
"20612834","Singapore Week of Innovation and Technology","_Events","SN","","Leading global-Asia startup event that brings together entrepreneurs, investors, researchers, innovator and industry professionals from diverse backgrounds to transform scientific discoveries and advancements into deep tech applications in the areas of manufacturing, urban solutions, healthcare and biomedical sciences as well as digital services. The annual event was inaugurated in 2016.",""
"20612834","Singapore Week of Innovation and Technology","_Events","Source","","Singapore Week of Innovation and Technology: About SWITCH (https://www.switchsg.org/about/) Retrieved 26 June 2025. | Linkedin: Singapore Week of Innovation and Technology (SWITCH) (https://www.linkedin.com/company/switchsingapore/about/) Retrieved 26 June 2025.",""
"20612834","Singapore Week of Innovation and Technology","_Events","Organiser","","Enterprise Singapore",""
"20612834","Singapore Week of Innovation and Technology","_Events","UF","20612835","SWITCH","_Events"
"20612836","Singapore World Water Day","_Events","SN","","Month-long of water-centric community events and activities held in March annually to rally Singaporeans to come together in cherishing water resources and using water wisely.",""
"20612836","Singapore World Water Day","_Events","Month","","03",""
"20612836","Singapore World Water Day","_Events","Source","","Singapore World Water Day 2024 X Water Wednesdays (https://www.pub.gov.sg/-/media/PUB/Public/Key-Initiatives/Our-Water-SG60/Resources/Guides/Guides/Water-Wednesday.pdf) Retrieved 26 June 2025. | SG60: Singapore World Water Day (https://www.sg60.gov.sg/singapore-world-water-day/) Retrieved 26 June 2025.",""
"18341559","Singapore Writers Festival","_Events","SN","","A literary event that aims to present the world’s major literary talents to the people of Singapore, and to promote new and emerging Singaporean and Asian writing to a wider public. A multi-lingual event that celebrates works in Singapore’s four official languages, it was previously organised solely by the National Arts Council, then jointly with the Arts House Limited, and more recently is organised solely by Arts House Limited.",""
"18341559","Singapore Writers Festival","_Events","Year","","1986",""
"18341559","Singapore Writers Festival","_Events","Source","","Arts House Group: Singapore Writers Festival (https://www.artshousegroup.sg/whats-on/festivals/singapore-writers-festival) Retrieved 16 Oct 2025. | Wikipedia: Singapore Writers Festival (https://en.wikipedia.org/wiki/Singapore_Writers_Festival) Retrieved 16 Oct 2025.",""
"18341559","Singapore Writers Festival","_Events","Organiser","","Arts House Limited | National Arts Council (Singapore)",""
"18341559","Singapore Writers Festival","_Events","Wikidata URI","","http://www.wikidata.org/entity/Q7523157",""
"18341559","Singapore Writers Festival","_Events","ENGtoCHI","18503519","新加坡作家节","_Events_CN"
"18341559","Singapore Writers Festival","_Events","ENGtoMAY","20614542","Pesta Penulis-penulis Singapura","_Events_MY"
"18341559","Singapore Writers Festival","_Events","ENGtoTAM","18503865","சிங்கப்பூர் எழுத்தாளர் விழா","_Events_TM"
"18341728","Singapore Youth Festival","_Events","SN","","An annual event organised by the Ministry of Education to celebrate the vitality and talents of Singapore youth in the Arts. Starting in March or April each year and culminating in a month-long celebration in July, the Festival engages students from schools across Singapore in three activity segments comprising the Singapore Youths Arts Presentation, Singapore Youths Celebrations and Singapore Youths Art Exhibition.",""
"18341728","Singapore Youth Festival","_Events","Year","","1967",""
"18341728","Singapore Youth Festival","_Events","Month","","07",""
"18341728","Singapore Youth Festival","_Events","Day","","18",""
"18341728","Singapore Youth Festival","_Events","Source","","Singapore Youth Festival (https://www.syf.gov.sg/home) Retrieved 16 Oct 2025. | Straits Times, 4 July 2026: Singapore Youth Festival: celebrating 50 years (https://www.straitstimes.com/singapore/education/youthforia-marks-half-a-century-of-youthful-euphoria) Retrieved 16 Oct 2025.",""
"18341728","Singapore Youth Festival","_Events","Organiser","","Singapore. Ministry of Education",""
"18341728","Singapore Youth Festival","_Events","Wikidata URI","","http://www.wikidata.org/entity/Q7523159",""
"18341728","Singapore Youth Festival","_Events","ENGtoCHI","18503520","新加坡青年节","_Events_CN"
"18341728","Singapore Youth Festival","_Events","ENGtoMAY","20614501","Pesta Belia Singapura","_Events_MY"
"18341728","Singapore Youth Festival","_Events","ENGtoTAM","18503866","சிங்கப்பூர் இளைஞர் விழா","_Events_TM"
"20614567","Singapura Sevens","_Events_MY","MAYtoENG","18341660","Singapore Sevens","_Events"
"18341669","SINGfest","_Events","SN","","Organised by Midas Promotions, SINGfest is an outdoor music festival at Fort Canning. The festival showcased local and international pop artists. It was held in 2007, 2008 and 2010.",""
"18341669","SINGfest","_Events","Month","","08",""
"18341669","SINGfest","_Events","Source","","Wikipedia: Singfest (https://en.wikipedia.org/wiki/Singfest) Retrieved 29 Jan 2024.",""
"18341669","SINGfest","_Events","Organiser","","Midas Promotions",""
"18341669","SINGfest","_Events","Wikidata URI","","http://www.wikidata.org/entity/Q7523452",""
"18341669","SINGfest","_Events","ENGtoCHI","18503521","SINGFest音乐会","_Events_CN"
"18341669","SINGfest","_Events","ENGtoMAY","20614568","SINGfest","_Events_MY"
"20614568","SINGfest","_Events_MY","MAYtoENG","18341669","SINGfest","_Events"
"18503521","SINGFest音乐会","_Events_CN","CHItoENG","18341669","SINGfest","_Events"
"18341672","SITEX","_Events","SN","","Organised by the Singapore infocomm Technology Federation (SiTF) and managed by Singex Exhibitions, SITEX was one of the largest consumer electronics exhibitions in Singapore.",""
"18341672","SITEX","_Events","Month","","11",""
"18341672","SITEX","_Events","Source","","http://www.sitex.com.sg/welcome.html",""
"18341672","SITEX","_Events","Organiser","","Singex Exhibitions",""
"18341672","SITEX","_Events","ENGtoCHI","18503522","新加坡资讯科技展","_Events_CN"
"18341672","SITEX","_Events","ENGtoMAY","20614569","SITEX","_Events_MY"
"20614569","SITEX","_Events_MY","MAYtoENG","18341672","SITEX","_Events"
"18514189","Southeast Asia Swimming Championships","_Events","SN","","Organised by the South East Asian Swimming Federation, the first Southeast Asia Swimming Championships started in 2012 with Singapore as the host nation. This event comprises four sports: Water Polo, Diving, Swimming and Synchronised Swimming. One of the aims of this competition is to foster relationships among the Southeast Asia aquatic community.",""
"18514189","Southeast Asia Swimming Championships","_Events","Source","","Wikipedia: Southeast Asia Swimming Championships (https://en.wikipedia.org/wiki/Southeast_Asian_Swimming_Championships) Retrieved 19 Mar 2025.",""
"18514189","Southeast Asia Swimming Championships","_Events","Organiser","","South East Asian Swimming Federation",""
"18514189","Southeast Asia Swimming Championships","_Events","Wikidata URI","","http://www.wikidata.org/entity/Q7569303",""
"18519046","Southeast Asian Games","_Events","Use","18519045","SEA Games","_Events"
"19991498","Spring Festival","_Events","Use","18341576","Chinese New Year","_Events"
"18341691","Standard Chartered Singapore Marathon","_Events","Use","18341690","Singapore Marathon","_Events"
"18341661","Standard Chartered Singapore Sevens","_Events","Use","18341660","Singapore Sevens","_Events"
"20614570","Sukan Olimpik Belia Singapura 2010","_Events_MY","","","",""
"18534487","Sukan SEA","_Events_MY","MAYtoENG","18519045","SEA Games","_Events"
"18341706","Sundown Marathon","_Events","SN","","A night marathon first run in 2008. It attracts a large number of international runners. The title sponsor has been OSIM since 2015.",""
"18341706","Sundown Marathon","_Events","Source","","Sundown Marathon (https://www.sundownmarathon.com/) Retrieved 29 Jan 2024. | Wikipedia: Sundown Marathon (https://en.wikipedia.org/wiki/Sundown_Marathon) Retrieved 29 Jan 2024.",""
"18341706","Sundown Marathon","_Events","Organiser","","HiVelocity Pte Ltd | Infinitus Productions | RUNRIO Inc.",""
"18341706","Sundown Marathon","_Events","Wikidata URI","","http://www.wikidata.org/entity/Q7639828",""
"18341706","Sundown Marathon","_Events","UF","18341707","adidas Sundown Marathon","_Events"
"18341706","Sundown Marathon","_Events","UF","19991543","OSIM Sundown Marathon","_Events"
"18341706","Sundown Marathon","_Events","ENGtoCHI","18503523","日落马拉松","_Events_CN"
"18341706","Sundown Marathon","_Events","ENGtoMAY","20614466","Maraton Matahari Terbenam","_Events_MY"
"18341706","Sundown Marathon","_Events","ENGtoTAM","18503869","மாலை நேர நெடுந்தொலைவு ஓட்டம்","_Events_TM"
"20612835","SWITCH","_Events","Use","20612834","Singapore Week of Innovation and Technology","_Events"
"20614571","Tahun Baru Cina","_Events_MY","MAYtoENG","18341576","Chinese New Year","_Events"
"20614572","Tahun Baru Islam","_Events_MY","MAYtoENG","18341651","Muslim New Year","_Events"
"20614573","Tahun Baru Tamil","_Events_MY","MAYtoENG","18341632","Tamil New Year","_Events"
"20610572","Tamil Language Festival","_Events","SN","","Language festival that promotes awareness and greater use of Tamil language in Singapore. First organised in 2007, the annual event is spearheaded by the Tamil Language Council and comprises representatives from the education sector, major community organisations, arts groups and the media.",""
"20610572","Tamil Language Festival","_Events","Source","","Singapore Infopedia: Literary Festivals in Singapore (https://www.nlb.gov.sg/main/article-detail?cmsuuid=df76bfbc-1e74-44e8-a172-47c50606c691) Retrieved 5 May 2025. | Tamil Language Council: Tamil Language Festival 2024 (https://www.languagecouncils.sg/tamil/en/events-and-activities/tamil-language-festival-2024) Retrieved 5 May 2025. | SG Press Centre: Tamil Youth Festival 2023 – Celebrating Culture, Creativity And Community (https://www.sgpc.gov.sg/detail?url=/media_releases/nhb/press_release/P-20230828-1) Retrieved 5 May 2025. | Archives Online: Celebrating 10 Years Of The Tamil Language Festival In Singapore (https://www.nas.gov.sg/archivesonline/data/pdfdoc/20160324007/TLF%202016%20MEDIA%20RELEASE_FINAL%20(English%20Version).pdf) Retrieved 5 May 2025.",""
"20610572","Tamil Language Festival","_Events","Organiser","","Tamil Language Council (Singapore)",""
"20610572","Tamil Language Festival","_Events","ENGtoTAM","20610576","தமிழ் மொழி விழா","_Events_TM"
"18341632","Tamil New Year","_Events","SN","","Puthandu is the Tamil New Year which takes place in mid-April. Hindus in Singapore celebrate the day with a visit to the temple to offer prayers of thanks and seek blessings for a good year ahead. It is not a public holiday in Singapore.",""
"18341632","Tamil New Year","_Events","Month","","04",""
"18341632","Tamil New Year","_Events","Source","","Singapore Infopedia: Tamil community (https://www.nlb.gov.sg/main/article-detail?cmsuuid=7cf8b115-d8bd-492a-825b-8aa47235dadd) Retrieved 29 Jan 2024. | Wikipedia: Puthandu (https://en.wikipedia.org/wiki/Puthandu) Retrieved 17 Mar 2022.",""
"18341632","Tamil New Year","_Events","Wikidata URI","","http://www.wikidata.org/entity/Q2670097",""
"18341632","Tamil New Year","_Events","ENGtoCHI","18503524","淡米尔新年","_Events_CN"
"18341632","Tamil New Year","_Events","ENGtoMAY","20614573","Tahun Baru Tamil","_Events_MY"
"18341632","Tamil New Year","_Events","ENGtoTAM","18503870","தமிழ்ப் புத்தாண்டு","_Events_TM"
"20614574","Terbuka Singapura (Pertandingan golf)","_Events_MY","MAYtoENG","18341716","Singapore Open (Golf tournament)","_Events"
"18341588","Thaipusam","_Events","SN","","Thaipusam is a Hindu temple festival which falls between January and February annually. Thaipusam is derived from thai which means ""10th"", and pusam meaning ""when the moon is at its brightest"". It occurs when the moon is full in the Tamil month of Thai (between January and February). It is a day of prayers and penance. Devotees prepare themselves spiritually with extensive prayer and fasting before performing acts of penance or thanksgiving like carrying a kavadi from one temple to another. Often, sharp skewers are pierced through their tongues, cheeks and bodies as a practice of self-mortification. Thaipusam was a public holiday in Singapore until 1968.",""
"18341588","Thaipusam","_Events","Source","","Singapore Infopedia: Thaipusam (https://www.nlb.gov.sg/main/article-detail?cmsuuid=deea4c72-513b-4f08-95a7-3f41b5a0eff0) Retrieved 29 Jan 2024.",""
"18341588","Thaipusam","_Events","RT","18341628","Panguni Uthiram","_Events"
"18341588","Thaipusam","_Events","ENGtoCHI","18503525","大宝森节","_Events_CN"
"18341588","Thaipusam","_Events","ENGtoMAY","20614575","Thaipusam","_Events_MY"
"18341588","Thaipusam","_Events","ENGtoTAM","18503871","தைப்பூசம்","_Events_TM"
"20614575","Thaipusam","_Events_MY","MAYtoENG","18341588","Thaipusam","_Events"
"18341644","Theemidhi","_Events","Use","18341589","Theemithi","_Events"
"18341589","Theemithi","_Events","SN","","Theemithi (Thimithi) or ""firewalking"" is done as part of a religious vow in which the devotee promises to walk on fire in exchange for a wish or blessing granted by the Goddess Draupadi. Theemithi is part of a larger ceremony stretching over a two-and-a-half month period where parts of the Mahabharata is re-enacted, totalling up to 18 distinguishable rites.",""
"18341589","Theemithi","_Events","Source","","Singapore Infopedia: Theemithi (https://www.nlb.gov.sg/main/article-detail?cmsuuid=2a658a41-be04-43ee-88dd-142d9db88e22) Retrieved 29 Jan 2024.",""
"18341589","Theemithi","_Events","UF","18341643","Fire-Walking Ceremony","_Events"
"18341589","Theemithi","_Events","UF","18341644","Theemidhi","_Events"
"18341589","Theemithi","_Events","UF","18341642","Thimithi","_Events"
"18341589","Theemithi","_Events","ENGtoCHI","18503527","蹈火节","_Events_CN"
"18341589","Theemithi","_Events","ENGtoMAY","20614576","Theemithi","_Events_MY"
"18341589","Theemithi","_Events","ENGtoTAM","18503873","தீ மிதி","_Events_TM"
"20614576","Theemithi","_Events_MY","MAYtoENG","18341589","Theemithi","_Events"
"18341642","Thimithi","_Events","Use","18341589","Theemithi","_Events"
"18341590","Total Defence Day","_Events","SN","","Total Defence Day is commemorated annually on 15th February in Singapore. The day marks Singapore's fall to the Japanese in 1942. It seeks to remind people of the sufferings endured by our forefathers during the Japanese Occupation. It is also a day to refamiliarise everyone with the modern defence strategy of ""Total Defence"".",""
"18341590","Total Defence Day","_Events","Month","","02",""
"18341590","Total Defence Day","_Events","Day","","15",""
"18341590","Total Defence Day","_Events","Source","","SCDF: Total Defence (https://www.scdf.gov.sg/home/community-volunteers/community-preparedness/total-defence#:~:text=What%20Is%20Total%20Defence%20Day,fathers%20during%20the%20Japanese%20Occupation.) Retrieved 29 Jan 2024.",""
"18341590","Total Defence Day","_Events","ENGtoCHI","18503528","全面防卫日","_Events_CN"
"18341590","Total Defence Day","_Events","ENGtoMAY","20614434","Hari Pertahanan Negara","_Events_MY"
"18341590","Total Defence Day","_Events","ENGtoTAM","18503874","முழுமைப் பாதுகாப்பு தினம்","_Events_TM"
"20614352","Tree Planting Day","_Events","SN","","Annual event which involves the planting of trees and shrubs in public places such as housing estates, parks and schools. Held on the first Sunday of November, it was first started on 7 November 1971 when the then acting Prime Minister, Goh Keng Swee planted a rain tree sapling on the summit of Mount Faber.",""
"20614352","Tree Planting Day","_Events","Month","","11",""
"20614352","Tree Planting Day","_Events","Wikidata URI","","http://www.wikidata.org/entity/Q111032703",""
"18341540","UOB Painting of the Year Competition","_Events","SN","","An annual art competition organised by the United Overseas Bank (UOB) since 1982. Held in Indonesia, Malaysia, Singapore, Thailand and Vietnam, the competition aims to uncover the next generation of great Southeast Asian artists, and contribute to greater awareness and appreciation of art.",""
"18341540","UOB Painting of the Year Competition","_Events","Year","","1982",""
"18341540","UOB Painting of the Year Competition","_Events","Source","","UOB Painting of the Year (https://www.uobgroup.com/uobandart/uncovering-talent/uob-painting-of-the-year.html) Retrieved 29 Jan 2024.",""
"18341540","UOB Painting of the Year Competition","_Events","Organiser","","United Overseas Bank",""
"18341540","UOB Painting of the Year Competition","_Events","ENGtoCHI","18503529","大华银行年度绘画展","_Events_CN"
"18341540","UOB Painting of the Year Competition","_Events","ENGtoMAY","20614577","UOB Pameran Lukisan Tahunan","_Events_MY"
"18341540","UOB Painting of the Year Competition","_Events","ENGtoTAM","18503875","யூஓபி ஆண்டின் மிக சிறந்த ஓவியத்திற்கான கண்காட்சி","_Events_TM"
"20614577","UOB Pameran Lukisan Tahunan","_Events_MY","MAYtoENG","18341540","UOB Painting of the Year Competition","_Events"
"19991548","Vaisakhi","_Events","Use","18341575","Vesakhi","_Events"
"18341591","Vesak Day","_Events","SN","","Vesak Day commemorates the coincidental event of the birth, enlightenment and nirvana of Siddharta Gautama Shakyamuni (Sakyamuni) Buddha, which happened on the full moon of the fourth lunar month or the month of Wesakha in Pali, translated as Vesak, with reference to the ancient Indian calendar.",""
"18341591","Vesak Day","_Events","Source","","Singapore Infopedia: Vesak Day (https://www.nlb.gov.sg/main/article-detail?cmsuuid=66053540-f81f-47c8-82ce-6095d5b599c3) Retrieved 29 Jan 2024.",""
"18341591","Vesak Day","_Events","UF","18341633","Wei Sai Jie","_Events"
"18341591","Vesak Day","_Events","ENGtoCHI","18503530","卫塞节","_Events_CN"
"18341591","Vesak Day","_Events","ENGtoMAY","20614441","Hari Wesak","_Events_MY"
"18341591","Vesak Day","_Events","ENGtoTAM","18503876","விசாக தினம்","_Events_TM"
"18341575","Vesakhi","_Events","SN","","The festival Vesakhi (or Vaisakhi or Baisakhi) is the Sikh New Year falling on 13 April annually, or the first month of the Sikh calendar. It was instituted by the 10th Guru, Sri Guru Gobind Singh Ji and commemorates the occasion in which five brave Sikhs offered themselves as a sacrifice for their community. The celebrations are closely tied to the Amrit ceremony or the initiation rite into Sikhism.",""
"18341575","Vesakhi","_Events","Month","","04",""
"18341575","Vesakhi","_Events","Day","","13",""
"18341575","Vesakhi","_Events","Source","","Singapore Infopedia: Vesakhi (https://www.nlb.gov.sg/main/article-detail?cmsuuid=1693ba29-290e-4d0f-a256-32a42487181d) Retrieved 29 Jan 2024.",""
"18341575","Vesakhi","_Events","UF","18341608","Baisakhi","_Events"
"18341575","Vesakhi","_Events","UF","18341607","Sikh New Year","_Events"
"18341575","Vesakhi","_Events","UF","19991548","Vaisakhi","_Events"
"18341575","Vesakhi","_Events","ENGtoCHI","18503531","锡克教徒丰收节","_Events_CN"
"18341575","Vesakhi","_Events","ENGtoMAY","20614578","Vesakhi","_Events_MY"
"18341575","Vesakhi","_Events","ENGtoTAM","18503877","வேசாக்கி","_Events_TM"
"20614578","Vesakhi","_Events_MY","MAYtoENG","18341575","Vesakhi","_Events"
"18341658","Vietnam Festival","_Events","SN","","Organised by the National Heritage Board, the Vietnam Festival showcased Vietnam's diverse culture and exotic legacy across museums and galleries in Singapore.",""
"18341658","Vietnam Festival","_Events","Source","","National Heritage Board: Media Release, 27 May 2008: The Asian Civilisations Museum Presents The Region's First Comprehensive Vietnam Exhibition (https://www.nhb.gov.sg/acm/-/media/acm/document/about-us/media/press-releases/2008-6.pdf) Retrieved 29 Jan 2024.",""
"18341658","Vietnam Festival","_Events","Organiser","","Singapore. National Heritage Board",""
"18341658","Vietnam Festival","_Events","ENGtoCHI","18503532","越南电影节","_Events_CN"
"18341658","Vietnam Festival","_Events","ENGtoMAY","20614554","Pesta Vietnam","_Events_MY"
"18341658","Vietnam Festival","_Events","ENGtoTAM","18503878","வியட்நாம் விழா","_Events_TM"
"18341679","WaterFest Singapore","_Events","SN","","Launched in 2004, WaterFest Singapore was Singapore’s only international water-sports festival, featuring various water, land-based sports and entertainment. The 6-weeks long festival aimed to put Singapore on the forefront of Asia’s water-sport community.",""
"18341679","WaterFest Singapore","_Events","Source","","Sports Singapore: Media Release, 18 Jul 2007: WaterFest 2007: Redefining Waterfront Sporting Lifestyle! (https://www.sportsingapore.gov.sg/media-centre/media-release/waterfest-2007-redefining-waterfront-sporting-lifestyle/) Retrieved 30 Jan 2024.",""
"18341679","WaterFest Singapore","_Events","Organiser","","Singapore Sports Council",""
"18341679","WaterFest Singapore","_Events","ENGtoCHI","18503533","新加坡水上嘉年华会","_Events_CN"
"18341679","WaterFest Singapore","_Events","ENGtoMAY","20614497","Pesta Air Singapura","_Events_MY"
"18341679","WaterFest Singapore","_Events","ENGtoTAM","18503879","நீர்விழா சிங்கப்பூர்","_Events_TM"
"18341633","Wei Sai Jie","_Events","Use","18341591","Vesak Day","_Events"
"19991505","Winter Solstice Festival","_Events","Use","18341604","Dong Zhi","_Events"
"18341727","WOMAD Singapore","_Events","SN","","Travelling music and dance festival. Line-up usually features an eclectic mix of world music and dance. It was first held in Singapore in 1998 over four days at Fort Canning Park, and was an annual event until 2007.",""
"18341727","WOMAD Singapore","_Events","Source","","Singapore Infopedia: World of Music, Arts and Dance (WOMAD) Singapore (https://www.nlb.gov.sg/main/article-detail?cmsuuid=8fe38161-cce0-4f63-a989-b58637f31eb9) Retrieved 30 Jan 2024.",""
"18341727","WOMAD Singapore","_Events","UF","20605379","World of Music, Arts and Dance Singapore","_Events"
"18341727","WOMAD Singapore","_Events","ENGtoCHI","18503534","音乐美术舞蹈世界户外音乐节","_Events_CN"
"18341727","WOMAD Singapore","_Events","ENGtoMAY","20614555","Pesta WOMAD","_Events_MY"
"18341727","WOMAD Singapore","_Events","ENGtoTAM","18503880","வோமாட் விழா","_Events_TM"
"18503589","WOMAD户外音乐节","_Events_CN","Use","18503534","音乐美术舞蹈世界户外音乐节","_Events_CN"
"18341713","Women's Day Out","_Events","SN","","The Women’s Day Out was organised annually by Singapore Sports Council as part of an ongoing campaign aimed at motivating women to lead a sporting lifestyle. It was the biggest women-only aerobic-based sporting event. It was first held in 2003.",""
"18341713","Women's Day Out","_Events","Month","","10",""
"18341713","Women's Day Out","_Events","Source","","Sport Singapore: Media Release, 6 Mar 2010: Overcoming LIfe's Challenges With Exercise At The AMORE Women's Day Out 2010 (https://www.sportsingapore.gov.sg/media-centre/media-release/overcoming-lifes-challenges-with-exercise-at-the-amore-womens-day/) Retrieved 30 Jan 2024.",""
"18341713","Women's Day Out","_Events","Organiser","","Singapore Sports Council",""
"18341713","Women's Day Out","_Events","UF","18341714","Amore Women's Day Out","_Events"
"18341713","Women's Day Out","_Events","ENGtoCHI","18503535","女性活跃日","_Events_CN"
"18341713","Women's Day Out","_Events","ENGtoMAY","20614439","Hari Temasya Wanita","_Events_MY"
"18341713","Women's Day Out","_Events","ENGtoTAM","18503881","பெண்களின் வெளி உலா நாள்","_Events_TM"
"20012718","World Cities Summit","_Events","SN","","A biennial platform for government leaders and industry experts to address liveable and sustainable city challenges, share integrated urban solutions and forge new partnerships. Among the key highlights are the Mayors Forum and the Lee Kuan Yew World City Prize.",""
"20012718","World Cities Summit","_Events","Year","","2008",""
"20012718","World Cities Summit","_Events","Source","","World Cities Summit (https://www.worldcitiessummit.com.sg/about-us/world-cities-summit) Retrieved 3 Jun 2024.",""
"20012718","World Cities Summit","_Events","Organiser","","Centre for Liveable Cities, Singapore | Urban Redevelopment Authority (Singapore)",""
"20012718","World Cities Summit","_Events","Wikidata URI","","http://www.wikidata.org/entity/Q2892664",""
"18341675","World Cyber Games Asian Championship","_Events","SN","","Asia’s largest regional cyber gaming tournament.",""
"18341675","World Cyber Games Asian Championship","_Events","Source","","GameSpot, 19 Oct 2011: World Cyber Games Asian Championship 2011 announced (https://www.gamespot.com/articles/world-cyber-games-asian-championship-2011-announced/1100-6340821/) Retrieved 30 Jan 2024.",""
"18341675","World Cyber Games Asian Championship","_Events","Organiser","","Rapture Gaming Pte Ltd",""
"18341675","World Cyber Games Asian Championship","_Events","ENGtoCHI","18503536","世界网络游戏亚洲锦标赛","_Events_CN"
"18341675","World Cyber Games Asian Championship","_Events","ENGtoMAY","20614456","Kejohanan Permainan Siber Dunia","_Events_MY"
"18341675","World Cyber Games Asian Championship","_Events","ENGtoTAM","18503882","உலக சைபர் விளையாட்டுக்களில் ஆசிய வெற்றிக்கிண்ணம்","_Events_TM"
"18341719","World Effie Festival","_Events","SN","","The World Effie Festival was an event dedicated to effectiveness in the communications, advertising and marketing industries. It was held in Singapore in 2008 and was jointly presented by the New York American Marketing Association and the Institute of Advertising Singapore.",""
"18341719","World Effie Festival","_Events","Source","","Exchange4media, 24 Jan 2008: World Effie Festival comes to Asia for the first time, to be held in Singapore on Feb 28-29 (https://www.exchange4media.com/advertising-news/world-effie-festival-comes-to-asia-for-the-first-timeto-be-held-in-singapore-on-feb-28-29-29476.html) Retrieved 30 Jan 2024.",""
"18341719","World Effie Festival","_Events","Organiser","","New York American Marketing Association | Institute of Advertising Singapore",""
"18341719","World Effie Festival","_Events","ENGtoCHI","18503537","世界Effie广告大会","_Events_CN"
"18341719","World Effie Festival","_Events","ENGtoMAY","20614508","Pesta Dunia Effie","_Events_MY"
"18341719","World Effie Festival","_Events","ENGtoTAM","18503883","உலக எஃபி விழா","_Events_TM"
"18341665","World Gourmet Summit","_Events","SN","","The World Gourmet Summit is a yearly international gourmet event that showcases Singapore's epicurean culture and lifestyle. It highlights the concept of gastro-tourism and was initiated by the Singapore Tourism Board in 1997 to establish Singapore as a culinary destination.",""
"18341665","World Gourmet Summit","_Events","Source","","World Gourmet Summit: About us (https://worldgourmetsummit.com/wgs2022/main.php/about-us/) Retrieved 30 Jan 2024. | Singapore Infopedia: World Gourmet Summit (https://www.nlb.gov.sg/main/article-detail?cmsuuid=2614d223-d774-4f60-81b3-f9ee48dac43e) Retrieved 30 Jan 2024.",""
"18341665","World Gourmet Summit","_Events","Organiser","","Peter Knipp Holdings Pte Ltd | Singapore Tourism Board",""
"18341665","World Gourmet Summit","_Events","Wikidata URI","","http://www.wikidata.org/entity/Q8035783",""
"18341665","World Gourmet Summit","_Events","ENGtoCHI","18503538","世界名厨峰会","_Events_CN"
"18341665","World Gourmet Summit","_Events","ENGtoMAY","20614457","Kemuncak Gourmet Dunia","_Events_MY"
"18341665","World Gourmet Summit","_Events","ENGtoTAM","18503884","உலக உணவு சுவையுணர்வாளர் உச்சமாநாடு","_Events_TM"
"20605379","World of Music, Arts and Dance Singapore","_Events","Use","18341727","WOMAD Singapore","_Events"
"18341792","Xtreme Singapore","_Events","SN","","An annual extreme sports competition held across Singapore. It includes skateboarding, BMX cycling, and aggressive inline skating competitions.",""
"18341792","Xtreme Singapore","_Events","Source","","Sport Singapore: Media Release, 27 Apr 2007: Singaporeans Poised to Rise with Extreme and Adventure Sports Activities (https://www.sportsingapore.gov.sg/media-centre/media-release/singaporeans-poised-to-get-high-with-extreme-and-advernture-sports/) Retrieved 30 Jan 2024.",""
"18341792","Xtreme Singapore","_Events","Organiser","","Singapore Sports Council",""
"18341792","Xtreme Singapore","_Events","ENGtoCHI","18503541","极限运动大会","_Events_CN"
"18341792","Xtreme Singapore","_Events","ENGtoMAY","20614579","Xtreme Singapura","_Events_MY"
"18341792","Xtreme Singapore","_Events","ENGtoTAM","18503887","Xtreme சிங்கப்பூர்","_Events_TM"
"20614579","Xtreme Singapura","_Events_MY","MAYtoENG","18341792","Xtreme Singapore","_Events"
"18503887","Xtreme சிங்கப்பூர்","_Events_TM","TAMtoENG","18341792","Xtreme Singapore","_Events"
"18341584","Yuan Xiao Jie","_Events","SN","","Yuan Xiao Jie marks the first full moon of the new year. It is celebrated on the fifteenth day of the first month in the Chinese lunar calendar. Hokkiens call it ""chap goh mei"" meaning 15th night.",""
"18341584","Yuan Xiao Jie","_Events","Source","","Singapore Infopedia: Chinese New Year customs in Singapore (https://www.nlb.gov.sg/main/article-detail?cmsuuid=64b992e6-bc61-4950-95c3-5faaf841c3f6) Retrieved 30 Ja 2024.",""
"18341584","Yuan Xiao Jie","_Events","UF","18341617","Chap Gor Mei","_Events"
"18341584","Yuan Xiao Jie","_Events","UF","18341618","Deng Jie","_Events"
"18341584","Yuan Xiao Jie","_Events","RT","18341576","Chinese New Year","_Events"
"18341584","Yuan Xiao Jie","_Events","ENGtoCHI","18503542","元宵节","_Events_CN"
"18341584","Yuan Xiao Jie","_Events","ENGtoMAY","20614556","Pesta Yuan Xiao","_Events_MY"
"18341584","Yuan Xiao Jie","_Events","ENGtoTAM","18503888","யுவான் ஜியாவோ ஜி","_Events_TM"
"18341597","Zhong Qiu Jie","_Events","Use","18341585","Mid-Autumn Festival","_Events"
"18341616","Zhong Yuan Jie","_Events","Use","18341583","Hungry Ghost Festival","_Events"
"18503747","ஃபார்முலா 1 சிங்கப்பூர் கிராண்ட் ப்ரிக்ஸ்","_Events_TM","TAMtoENG","18341666","Formula 1 Singapore Grand Prix","_Events"
"18503748","ஃபார்முலா சறுக்காற்றல் சிங்கப்பூர்","_Events_TM","TAMtoENG","18341794","Formula Drift Singapore","_Events"
"18503749","ஃபிரஞ்சு திரைப்பட விழா","_Events_TM","TAMtoENG","18341798","French Film Festival","_Events"
"18503745","ஃபெரியா டீ அப்ரில் ஃப்ளமென்கோ விழா","_Events_TM","TAMtoENG","18341701","Feria de Abril Flamenco Festival","_Events"
"18503712","அசைப்பட தேசம்","_Events_TM","TAMtoENG","18341739","Animation Nation","_Events"
"18503810","அதிபரின் அறைகூவல்","_Events_TM","RT","18503811","அதிபரின் நட்சத்திர அறக்கட்டளைக் காட்சி","_Events_TM"
"18503810","அதிபரின் அறைகூவல்","_Events_TM","TAMtoENG","18341768","President's Challenge","_Events"
"18503811","அதிபரின் நட்சத்திர அறக்கட்டளைக் காட்சி","_Events_TM","RT","18503810","அதிபரின் அறைகூவல்","_Events_TM"
"18503811","அதிபரின் நட்சத்திர அறக்கட்டளைக் காட்சி","_Events_TM","TAMtoENG","18341766","President's Star Charity Show","_Events"
"18503711","அனைத்து ஆன்மாக்கள் தினம்","_Events_TM","TAMtoENG","18341594","All Souls' Day","_Events"
"18503724","அவிவா ஓப்பன் சிங்கப்பூர்","_Events_TM","TAMtoENG","18341709","Aviva Open Singapore","_Events"
"18503717","ஆசிய அசைப்பட மாநாடு","_Events_TM","BT","18503720","ஆசிய ஊடக விழா","_Events_TM"
"18503717","ஆசிய அசைப்பட மாநாடு","_Events_TM","TAMtoENG","18341750","Asia Animation Conference","_Events"
"18503720","ஆசிய ஊடக விழா","_Events_TM","NT","18503717","ஆசிய அசைப்பட மாநாடு","_Events_TM"
"18503720","ஆசிய ஊடக விழா","_Events_TM","NT","18503719","ஆசிய திரைப்பட சந்தை மற்றும் மாநாடு","_Events_TM"
"18503720","ஆசிய ஊடக விழா","_Events_TM","NT","18503722","ஆசிய தொலைக்காட்சிப் பொதுமன்றம்","_Events_TM"
"18503720","ஆசிய ஊடக விழா","_Events_TM","NT","18503723","ஆசிய முதல் உருவாக்கப் படங்களின் விழா","_Events_TM"
"18503720","ஆசிய ஊடக விழா","_Events_TM","NT","18503718","ஆசிய மெய்நிகழ்ச்சி சார்ந்த பொது மன்றம்","_Events_TM"
"18503720","ஆசிய ஊடக விழா","_Events_TM","NT","18503781","ஊடக நிதி விவகாரங்களுக்கான பொதுமன்றம்","_Events_TM"
"18503720","ஆசிய ஊடக விழா","_Events_TM","RT","18503764","இன்டெல் செயலாற்றல் திரைப்பட விழா","_Events_TM"
"18503720","ஆசிய ஊடக விழா","_Events_TM","RT","18503731","கானன் ஹெச்டி திரைப்பட விழா","_Events_TM"
"18503720","ஆசிய ஊடக விழா","_Events_TM","RT","18503818","பள்ளிகளின் இலக்கமுறை ஊடக விருதுகள்","_Events_TM"
"18503720","ஆசிய ஊடக விழா","_Events_TM","TAMtoENG","18341747","Asia Media Festival","_Events"
"18503721","ஆசிய சொத்துரிமைக் காட்சி","_Events_TM","TAMtoENG","18341802","Asia Property Show","_Events"
"18503719","ஆசிய திரைப்பட சந்தை மற்றும் மாநாடு","_Events_TM","BT","18503720","ஆசிய ஊடக விழா","_Events_TM"
"18503719","ஆசிய திரைப்பட சந்தை மற்றும் மாநாடு","_Events_TM","TAMtoENG","18341749","Asia Film Market and Conference","_Events"
"18503722","ஆசிய தொலைக்காட்சிப் பொதுமன்றம்","_Events_TM","BT","18503720","ஆசிய ஊடக விழா","_Events_TM"
"18503722","ஆசிய தொலைக்காட்சிப் பொதுமன்றம்","_Events_TM","TAMtoENG","18341748","Asia Television Forum","_Events"
"18503723","ஆசிய முதல் உருவாக்கப் படங்களின் விழா","_Events_TM","BT","18503720","ஆசிய ஊடக விழா","_Events_TM"
"18503723","ஆசிய முதல் உருவாக்கப் படங்களின் விழா","_Events_TM","TAMtoENG","18341753","Asian Festival of First Films","_Events"
"18503718","ஆசிய மெய்நிகழ்ச்சி சார்ந்த பொது மன்றம்","_Events_TM","BT","18503720","ஆசிய ஊடக விழா","_Events_TM"
"18503718","ஆசிய மெய்நிகழ்ச்சி சார்ந்த பொது மன்றம்","_Events_TM","TAMtoENG","18341755","Asia Factual Forum","_Events"
"18503716","ஆசியான் +3 இளையர் விழா","_Events_TM","TAMtoENG","18341673","ASEAN+3 Youth Festival","_Events"
"18503713","ஆன்லீன் ஆர்ச்சர்ட் மைல்","_Events_TM","TAMtoENG","18341550","Anlene Orchard Mile","_Events"
"18503768","இத்தாலிய திரைப்பட விழா","_Events_TM","TAMtoENG","18341734","Italian Film Festival","_Events"
"18503759","இதய அன்புத்தளை நடை","_Events_TM","TAMtoENG","18341772","Heartstrings Walk","_Events"
"18503763","இன்ஃபோகாம் ஊடக வணிகப் பரிமாற்றம்","_Events_TM","NT","18503765","ஊடாடும் டிஎம்ஈ","_Events_TM"
"18503763","இன்ஃபோகாம் ஊடக வணிகப் பரிமாற்றம்","_Events_TM","NT","18503730","ஒலிபரப்பு ஆசியா","_Events_TM"
"18503763","இன்ஃபோகாம் ஊடக வணிகப் பரிமாற்றம்","_Events_TM","NT","18503733","சிஜி கூடுதல் இயக்கம்","_Events_TM"
"18503763","இன்ஃபோகாம் ஊடக வணிகப் பரிமாற்றம்","_Events_TM","TAMtoENG","18341803","Infocomm Media Business Exchange","_Events"
"18503764","இன்டெல் செயலாற்றல் திரைப்பட விழா","_Events_TM","RT","18503720","ஆசிய ஊடக விழா","_Events_TM"
"18503764","இன்டெல் செயலாற்றல் திரைப்பட விழா","_Events_TM","TAMtoENG","18341759","Intel Action Film Fest","_Events"
"18503798","இரவு விழா","_Events_TM","TAMtoENG","18341668","Singapore Night Festival","_Events"
"18503767","இரும்பு மனிதன் 70.3 டிரையத்லான் சிங்கப்பூர்","_Events_TM","TAMtoENG","18341681","Ironman 70.3 Triathlon Singapore","_Events"
"18503743","ஈஸ்டர்","_Events_TM","TAMtoENG","18341580","Easter","_Events"
"18503746","உணவு மற்றும் ஹோட்டல் ஆசியா","_Events_TM","TAMtoENG","18341804","Food and Hotel Asia","_Events"
"18503884","உலக உணவு சுவையுணர்வாளர் உச்சமாநாடு","_Events_TM","TAMtoENG","18341665","World Gourmet Summit","_Events"
"18503883","உலக எஃபி விழா","_Events_TM","TAMtoENG","18341719","World Effie Festival","_Events"
"18503882","உலக சைபர் விளையாட்டுக்களில் ஆசிய வெற்றிக்கிண்ணம்","_Events_TM","TAMtoENG","18341675","World Cyber Games Asian Championship","_Events"
"18503781","ஊடக நிதி விவகாரங்களுக்கான பொதுமன்றம்","_Events_TM","BT","18503720","ஆசிய ஊடக விழா","_Events_TM"
"18503781","ஊடக நிதி விவகாரங்களுக்கான பொதுமன்றம்","_Events_TM","TAMtoENG","18341751","Media Financing Forum","_Events"
"18503765","ஊடாடும் டிஎம்ஈ","_Events_TM","BT","18503763","இன்ஃபோகாம் ஊடக வணிகப் பரிமாற்றம்","_Events_TM"
"18503765","ஊடாடும் டிஎம்ஈ","_Events_TM","TAMtoENG","18341764","Interactive DME","_Events"
"18503778","எம்1 சிங்கப்பூர் இதர நிகழ்ச்சிகள் விழா","_Events_TM","TAMtoENG","18341566","M1 Singapore Fringe Festival (2005-2025)","_Events"
"18503714","எய்ட்ஸுக்கு எதிரான கலை","_Events_TM","TAMtoENG","18341777","Art Against AIDS","_Events"
"18503889","எஸ் ஏ எஃப் தினம்","_Events_TM","Use","18503829","சிங்கப்பூர் ஆயுதப் படை தினம்","_Events_TM"
"18503744","ஐரோப்பிய ஒன்றிய திரைப்பட விழா","_Events_TM","TAMtoENG","18341736","European Union Film Festival","_Events"
"18503730","ஒலிபரப்பு ஆசியா","_Events_TM","BT","18503763","இன்ஃபோகாம் ஊடக வணிகப் பரிமாற்றம்","_Events_TM"
"18503730","ஒலிபரப்பு ஆசியா","_Events_TM","TAMtoENG","18341762","BroadcastAsia","_Events"
"18503803","ஓணம்","_Events_TM","TAMtoENG","18341639","Onam","_Events"
"18503742","கடல் நாகப் படகு விழா","_Events_TM","TAMtoENG","18341579","Dragon Boat Festival","_Events"
"18503738","கன்ஃபூஷியஸ் பிறந்த நாள்","_Events_TM","TAMtoENG","18341603","Confucius' birthday","_Events"
"18503771","கலா உற்சவம் (கலை விழா)","_Events_TM","RT","18503740","தீபாவளி","_Events_TM"
"18503771","கலா உற்சவம் (கலை விழா)","_Events_TM","TAMtoENG","18341726","Kalaa Utsavam: Indian Festival of Arts","_Events"
"18503715","கலை சிங்கப்பூர்","_Events_TM","TAMtoENG","18341671","ARTSingapore","_Events"
"18503814","க்விங் மிங் ஜி","_Events_TM","TAMtoENG","18341586","Qing Ming Jie","_Events"
"18503731","கானன் ஹெச்டி திரைப்பட விழா","_Events_TM","RT","18503720","ஆசிய ஊடக விழா","_Events_TM"
"18503731","கானன் ஹெச்டி திரைப்பட விழா","_Events_TM","TAMtoENG","18341757","Canon HD Film Fest","_Events"
"18503813","கி கியாவ் ஜி","_Events_TM","TAMtoENG","18341634","Qi Qiao Jie","_Events"
"18503752","கிரேட் ஈஸ்டன் பெண்கள் 10K","_Events_TM","TAMtoENG","18341711","Great Eastern Women 10K","_Events"
"18503772","கிறிஸ்ஃபிளையர் பன்னாட்டு விரைவோட்டம் (குதிரைகள்)","_Events_TM","BT","18503852","சிங்கப்பூர் பன்னாட்டு ஓட்டப்பந்தய விழா (குதிரைகள்)","_Events_TM"
"18503772","கிறிஸ்ஃபிளையர் பன்னாட்டு விரைவோட்டம் (குதிரைகள்)","_Events_TM","RT","18503827","சிங்கப்பூர் ஏர்லைன்ஸ் பன்னாட்டுக் கோப்பை (குதிரைகள்)","_Events_TM"
"18503772","கிறிஸ்ஃபிளையர் பன்னாட்டு விரைவோட்டம் (குதிரைகள்)","_Events_TM","TAMtoENG","18341704","KrisFlyer International Sprint (Horses)","_Events"
"18503737","கிறிஸ்துமஸ்","_Events_TM","TAMtoENG","18341577","Christmas","_Events"
"18503735","சீனப் புத்தாண்டு","_Events_TM","RT","18503736","சிங்கே","_Events_TM"
"18503735","சீனப் புத்தாண்டு","_Events_TM","RT","18503888","யுவான் ஜியாவோ ஜி","_Events_TM"
"18503735","சீனப் புத்தாண்டு","_Events_TM","RT","18503816","ரென் ரி","_Events_TM"
"18503735","சீனப் புத்தாண்டு","_Events_TM","TAMtoENG","18341576","Chinese New Year","_Events"
"18503734","சீனர் பண்பாட்டு விழா","_Events_TM","TAMtoENG","18341698","Chinese Cultural Festival","_Events"
"18503800","சப்தம் சிங்கப்பூர் விழா","_Events_TM","TAMtoENG","18341689","Noise Singapore Festival","_Events"
"18503824","சிங்கப்பூர் 2010 இளைஞர் ஒலிம்பிக் விளையாட்டுக்கள்","_Events_TM","","","",""
"18503829","சிங்கப்பூர் ஆயுதப் படை தினம்","_Events_TM","UF","18503889","எஸ் ஏ எஃப் தினம்","_Events_TM"
"18503829","சிங்கப்பூர் ஆயுதப் படை தினம்","_Events_TM","TAMtoENG","18341789","Singapore Armed Forces Day","_Events"
"18503861","சிங்கப்பூர் ஆறு தெப்ப ஓட்டம்","_Events_TM","TAMtoENG","18341774","Singapore River Raft Race","_Events"
"18503860","சிங்கப்பூர் ஆறு ஹாங் பாவ்","_Events_TM","TAMtoENG","18341695","Singapore River Hongbao","_Events"
"18503849","சிங்கப்பூர் இண்டி டாக் விழா","_Events_TM","TAMtoENG","18341741","Singapore Indie Doc Fest","_Events"
"20613714","சிங்கப்பூர் இதர நிகழ்ச்சிகள் விழா","_Events_TM","TAMtoENG","20613707","Singapore Fringe Festival (2026-)","_Events"
"18503866","சிங்கப்பூர் இளைஞர் விழா","_Events_TM","TAMtoENG","18341728","Singapore Youth Festival","_Events"
"18503844","சிங்கப்பூர் உணவு விழா","_Events_TM","TAMtoENG","18341664","Singapore Food Festival","_Events"
"18503826","சிங்கப்பூர் எய்ட்ஸ் மாநாடு","_Events_TM","TAMtoENG","18341778","Singapore AIDS Conference","_Events"
"18503825","சிங்கப்பூர் எய்ட்ஸ் மெழுகுவர்த்தி ஒளியூட்டு நினைவு நிகழ்ச்சி","_Events_TM","TAMtoENG","18341776","Singapore AIDS Candlelight Memorial","_Events"
"18503865","சிங்கப்பூர் எழுத்தாளர் விழா","_Events_TM","TAMtoENG","18341559","Singapore Writers Festival","_Events"
"18503827","சிங்கப்பூர் ஏர்லைன்ஸ் பன்னாட்டுக் கோப்பை (குதிரைகள்)","_Events_TM","BT","18503852","சிங்கப்பூர் பன்னாட்டு ஓட்டப்பந்தய விழா (குதிரைகள்)","_Events_TM"
"18503827","சிங்கப்பூர் ஏர்லைன்ஸ் பன்னாட்டுக் கோப்பை (குதிரைகள்)","_Events_TM","RT","18503772","கிறிஸ்ஃபிளையர் பன்னாட்டு விரைவோட்டம் (குதிரைகள்)","_Events_TM"
"18503827","சிங்கப்பூர் ஏர்லைன்ஸ் பன்னாட்டுக் கோப்பை (குதிரைகள்)","_Events_TM","TAMtoENG","18341703","Singapore Airlines International Cup (Horses)","_Events"
"18503848","சிங்கப்பூர் ஐடல்","_Events_TM","TAMtoENG","18341563","Singapore Idol","_Events"
"18503856","சிங்கப்பூர் ஓபன் (குழிப்பந்தாட்டம் தொடர் போட்டி)","_Events_TM","RT","18503857","சிங்கப்பூர் ஓபன் தொழில் ரீதியல்லாதோர் வெற்றிக்கிண்ணம் (குழிப்பந்தாட்டம் தொடர் போட்டி)","_Events_TM"
"18503856","சிங்கப்பூர் ஓபன் (குழிப்பந்தாட்டம் தொடர் போட்டி)","_Events_TM","TAMtoENG","18341716","Singapore Open (Golf tournament)","_Events"
"18503858","சிங்கப்பூர் ஓபன் துப்பாக்கியால் சுடும் போட்டியில் வெற்றிக்கிண்ணம்","_Events_TM","TAMtoENG","18341788","Singapore Shooting Championship","_Events"
"18503857","சிங்கப்பூர் ஓபன் தொழில் ரீதியல்லாதோர் வெற்றிக்கிண்ணம் (குழிப்பந்தாட்டம் தொடர் போட்டி)","_Events_TM","RT","18503856","சிங்கப்பூர் ஓபன் (குழிப்பந்தாட்டம் தொடர் போட்டி)","_Events_TM"
"18503857","சிங்கப்பூர் ஓபன் தொழில் ரீதியல்லாதோர் வெற்றிக்கிண்ணம் (குழிப்பந்தாட்டம் தொடர் போட்டி)","_Events_TM","TAMtoENG","18341715","Singapore Open Amateur Championship (Golf tournament)","_Events"
"18503839","சிங்கப்பூர் கடல் நாகப் படகு விழா","_Events_TM","TAMtoENG","18341787","Singapore Dragon Boat Festival","_Events"
"18503859","சிங்கப்பூர் கணினி காட்சி","_Events_TM","TAMtoENG","18341797","The PC Show","_Events"
"18503846","சிங்கப்பூர் க்ராண்ட் ப்ரிக்ஸ்","_Events_TM","TAMtoENG","18341659","Singapore Grand Prix","_Events"
"18503853","சிங்கப்பூர் கருணை விழா","_Events_TM","TAMtoENG","18341601","Singapore Kindness Week","_Events"
"18503831","சிங்கப்பூர் கலை விழா","_Events_TM","TAMtoENG","18341557","Singapore Arts Festival","_Events"
"18503830","சிங்கப்பூர் கலைக் காட்சி","_Events_TM","TAMtoENG","18341558","Singapore Art Show","_Events"
"18503836","சிங்கப்பூர் கோப்பை (காற்பந்தாட்டத் தொடர் போட்டி)","_Events_TM","TAMtoENG","18341710","Singapore Cup (Football tournament)","_Events"
"18503862","சிங்கப்பூர் செவன்ஸ்","_Events_TM","TAMtoENG","18341660","Singapore Sevens","_Events"
"18503837","சிங்கப்பூர் டெர்பி (குதிரைகள்)","_Events_TM","TAMtoENG","18341805","Singapore Derby (Horses)","_Events"
"18503845","சிங்கப்பூர் தோட்ட விழா","_Events_TM","TAMtoENG","18341667","Singapore Garden Festival","_Events"
"18503842","சிங்கப்பூர் நவநாகரீக வாரம்","_Events_TM","TAMtoENG","18341723","Singapore Fashion Week","_Events"
"18503841","சிங்கப்பூர் நவநாகரீக விழா","_Events_TM","TAMtoENG","18341700","Singapore Fashion Festival","_Events"
"18503854","சிங்கப்பூர் நெடுந்தொலைவு ஓட்டம்","_Events_TM","TAMtoENG","18341690","Singapore Marathon","_Events"
"18503852","சிங்கப்பூர் பன்னாட்டு ஓட்டப்பந்தய விழா (குதிரைகள்)","_Events_TM","NT","18503772","கிறிஸ்ஃபிளையர் பன்னாட்டு விரைவோட்டம் (குதிரைகள்)","_Events_TM"
"18503852","சிங்கப்பூர் பன்னாட்டு ஓட்டப்பந்தய விழா (குதிரைகள்)","_Events_TM","NT","18503827","சிங்கப்பூர் ஏர்லைன்ஸ் பன்னாட்டுக் கோப்பை (குதிரைகள்)","_Events_TM"
"18503852","சிங்கப்பூர் பன்னாட்டு ஓட்டப்பந்தய விழா (குதிரைகள்)","_Events_TM","TAMtoENG","18341705","Singapore International Racing Festival (Horses)","_Events"
"18503766","சிங்கப்பூர் பன்னாட்டு தட்டுமுட்டுப் பொருட்கள் சந்தை","_Events_TM","TAMtoENG","18341720","International Furniture Fair Singapore","_Events"
"18503851","சிங்கப்பூர் பன்னாட்டு புகைப்பட விழா","_Events_TM","TAMtoENG","18341684","Singapore International Photography Festival","_Events"
"18503850","சிங்கப்பூர் பன்னாட்டுத் திரைப்பட விழா","_Events_TM","TAMtoENG","18341564","Singapore International Film Festival","_Events"
"18503833","சிங்கப்பூர் பீர் விழா","_Events_TM","TAMtoENG","18341683","Singapore Beer Festival","_Events"
"18503847","சிங்கப்பூர் பாரம்பரிய விழா","_Events_TM","TAMtoENG","18341657","Singapore HeritageFest","_Events"
"18503832","சிங்கப்பூர் பே ஓட்டம்","_Events_TM","TAMtoENG","18341677","Singapore Bay Run","_Events"
"18503834","சிங்கப்பூர் பையத்லான்","_Events_TM","TAMtoENG","18341793","Singapore Biathlon","_Events"
"18503835","சிங்கப்பூர் பையென்னால்","_Events_TM","TAMtoENG","18341560","Singapore Biennale","_Events"
"18503840","சிங்கப்பூர் முரசு விழா","_Events_TM","TAMtoENG","18341770","Singapore Drum Fest","_Events"
"18503863","சிங்கப்பூர் மேடைக் கலை விழா","_Events_TM","TAMtoENG","18341670","Singapore Theatre Festival","_Events"
"18503838","சிங்கப்பூர் வடிவமைப்பு விழா","_Events_TM","TAMtoENG","18341722","Singapore Design Festival","_Events"
"18503855","சிங்கப்பூர் வாகனக்காட்சி","_Events_TM","TAMtoENG","18341682","Singapore Motorshow","_Events"
"18503843","சிங்கப்பூர் வான வேடிக்கைக் கொண்டாட்டங்கள்","_Events_TM","TAMtoENG","18341730","Singapore Fireworks Celebrations","_Events"
"18503828","சிங்கப்பூர் விமானக் காட்சி","_Events_TM","TAMtoENG","18341718","Singapore Airshow","_Events"
"18503864","சிங்கப்பூர் விளையாட்டுப் பொருட்கள் மற்றும் கேலிப்பட மாநாடு","_Events_TM","TAMtoENG","18341796","Singapore Toy and Comic Convention","_Events"
"18503736","சிங்கே","_Events_TM","RT","18503735","சீனப் புத்தாண்டு","_Events_TM"
"18503736","சிங்கே","_Events_TM","TAMtoENG","18341602","Chingay","_Events"
"18503733","சிஜி கூடுதல் இயக்கம்","_Events_TM","BT","18503763","இன்ஃபோகாம் ஊடக வணிகப் பரிமாற்றம்","_Events_TM"
"18503733","சிஜி கூடுதல் இயக்கம்","_Events_TM","TAMtoENG","18341763","CG Overdrive","_Events"
"18503727","சிறுவர் படையின் அறநிறுவன நன்கொடைப் பெட்டித் திட்டம்","_Events_TM","TAMtoENG","18341780","Boys' Brigade Sharity Gift Box Project","_Events"
"18503821","செக்ஸ்போ சிங்கப்பூர்","_Events_TM","TAMtoENG","18341779","Sexpo Singapore","_Events"
"18503820","செப்டம்பர் விழா","_Events_TM","TAMtoENG","18341565","Septfest","_Events"
"18503769","ஜப்பானிய திரைப்பட விழா","_Events_TM","TAMtoENG","18341733","Japanese Film Festival","_Events"
"18503750","ஜெர்மானிய திரைப்பட விழா","_Events_TM","TAMtoENG","18341743","German Film Festival","_Events"
"18503770","ஜேபி மோர்கன் சேய்ஸ் நிறுவனங்களுக்கான அறைகூவல்","_Events_TM","TAMtoENG","18341702","JPMorgan Chase Corporate Challenge","_Events"
"18503741","டாங் ஜி","_Events_TM","TAMtoENG","18341604","Dong Zhi","_Events"
"18503873","தீ மிதி","_Events_TM","TAMtoENG","18341589","Theemithi","_Events"
"18503740","தீபாவளி","_Events_TM","RT","18503771","கலா உற்சவம் (கலை விழா)","_Events_TM"
"18503740","தீபாவளி","_Events_TM","TAMtoENG","18341578","Deepavali","_Events"
"20610576","தமிழ் மொழி விழா","_Events_TM","TAMtoENG","20610572","Tamil Language Festival","_Events"
"18503870","தமிழ்ப் புத்தாண்டு","_Events_TM","TAMtoENG","18341632","Tamil New Year","_Events"
"18503872","தி பிக் க்ரூவ் ஆசிய ஹிப் ஹாப் விழா","_Events_TM","TAMtoENG","18341708","The Big Groove","_Events"
"18503791","தேசிய இந்திய இசைப் போட்டி","_Events_TM","TAMtoENG","18341562","National Indian Music Competition","_Events"
"18503788","தேசிய சீன இசைப் போட்டி","_Events_TM","RT","18503793","தேசிய பியானோ மற்றும் வயலின் போட்டி","_Events_TM"
"18503788","தேசிய சீன இசைப் போட்டி","_Events_TM","TAMtoENG","18341561","National Chinese Music Competition","_Events"
"18503790","தேசிய தின அணிவகுப்பு","_Events_TM","RT","18503789","தேசிய தினம்","_Events_TM"
"18503790","தேசிய தின அணிவகுப்பு","_Events_TM","TAMtoENG","18341729","National Day Parade","_Events"
"18503789","தேசிய தினம்","_Events_TM","RT","18503790","தேசிய தின அணிவகுப்பு","_Events_TM"
"18503789","தேசிய தினம்","_Events_TM","TAMtoENG","18341652","National Day","_Events"
"18503793","தேசிய பியானோ மற்றும் வயலின் போட்டி","_Events_TM","RT","18503788","தேசிய சீன இசைப் போட்டி","_Events_TM"
"18503793","தேசிய பியானோ மற்றும் வயலின் போட்டி","_Events_TM","TAMtoENG","18341688","National Piano & Violin Competition","_Events"
"18503792","தேசிய பென்காக் சிலாட் வெற்றிக் கிண்ணம்","_Events_TM","TAMtoENG","18341799","National Pencak Silat Championship","_Events"
"18503871","தைப்பூசம்","_Events_TM","RT","18503804","பங்குனி உத்திரம்","_Events_TM"
"18503871","தைப்பூசம்","_Events_TM","TAMtoENG","18341588","Thaipusam","_Events"
"18503774","தொடர் போட்டிக் கோப்பை (காற்பந்தாட்டத் தொடர் போட்டி)","_Events_TM","TAMtoENG","18341786","League Cup (Singapore)","_Events"
"18503773","தொழிலாளர் தினம்","_Events_TM","TAMtoENG","18341654","Labour Day","_Events"
"18503725","நட்சத்திரங்களின் கீழ் பாலே நடனம்","_Events_TM","TAMtoENG","18341674","Ballet Under the Stars","_Events"
"18503739","நடன விழா","_Events_TM","TAMtoENG","18341685","da:ns festival","_Events"
"18503783","நடு இலையுதிர் கால விழா","_Events_TM","TAMtoENG","18341585","Mid-Autumn Festival","_Events"
"18503755","நம்பிக்கைக்காக தலை முடி தானம்","_Events_TM","TAMtoENG","18341781","Hair for Hope","_Events"
"18503879","நீர்விழா சிங்கப்பூர்","_Events_TM","TAMtoENG","18341679","WaterFest Singapore","_Events"
"18503799","நவ சக்ரவர்த்திக் கடவுள்கள் விழா","_Events_TM","TAMtoENG","18341645","Nine Emperor Gods Festival","_Events"
"18503794","நவராத்திரி","_Events_TM","TAMtoENG","18341641","Navarathri","_Events"
"18503732","நாடகக் கொண்டாட்டம்!","_Events_TM","TAMtoENG","18341676","Celebrate Drama!","_Events"
"18503787","நாடாஸ் சுற்றுப்பயண சந்தை","_Events_TM","TAMtoENG","18341800","NATAS Travel Fair","_Events"
"18503801","நார்வீஜியன் திரைப்பட விழா","_Events_TM","TAMtoENG","18341738","Norwegian Film Festival","_Events"
"18503815","நினைவு தினம்","_Events_TM","TAMtoENG","18341782","Remembrance Day","_Events"
"18503796","நியூசிலாந்து திரைப்பட விழா","_Events_TM","TAMtoENG","18341735","New Zealand Film Festival","_Events"
"18503802","நுஸ்ஸு துணி மற்றும் கொடி தினம்","_Events_TM","TAMtoENG","18341773","NUSSU Rag and Flag Day","_Events"
"18503776","நூலக புத்தக விற்பனை","_Events_TM","TAMtoENG","18341791","Library Book Sale","_Events"
"18503797","நெக்ஸ்ட் ரீல் பன்னாட்டு திரைப்பட விழா","_Events_TM","TAMtoENG","18341746","Next Reel International Film Festival","_Events"
"18503757","நோன்புப் பெருநாள்","_Events_TM","TAMtoENG","18341582","Hari Raya Puasa","_Events"
"18503804","பங்குனி உத்திரம்","_Events_TM","RT","18503871","தைப்பூசம்","_Events_TM"
"18503804","பங்குனி உத்திரம்","_Events_TM","TAMtoENG","18341628","Panguni Uthiram","_Events"
"18503762","பசியான ஆவி விழா","_Events_TM","TAMtoENG","18341583","Hungry Ghost Festival","_Events"
"18503818","பள்ளிகளின் இலக்கமுறை ஊடக விருதுகள்","_Events_TM","RT","18503720","ஆசிய ஊடக விழா","_Events_TM"
"18503805","பாஸ்ஸோவர்","_Events_TM","TAMtoENG","18341587","Passover","_Events"
"18503729","பிரிட்டீக்ஷ் திரைப்பட விழா","_Events_TM","TAMtoENG","18341744","British Film Festival","_Events"
"18503728","பிரேசில் திரைப்பட விழா","_Events_TM","TAMtoENG","18341740","Brazilian Film Festival","_Events"
"18503784","புகைப்பட மாதம் ஆசியா","_Events_TM","TAMtoENG","18341721","Month of Photography Asia","_Events"
"18503795","புத்தாண்டு தினம்","_Events_TM","TAMtoENG","18341653","New Year's Day","_Events"
"18503751","புனித வெள்ளிக்கிழமை","_Events_TM","TAMtoENG","18341595","Good Friday","_Events"
"18503812","புருடென்ஷல் குழந்தைகள் முதலில்! சிங்கப்பூர் பன்னாட்டு குழந்தைகள் விழா","_Events_TM","TAMtoENG","18341699","Prudential Children First! Singapore International Festival for Children","_Events"
"18503881","பெண்களின் வெளி உலா நாள்","_Events_TM","TAMtoENG","18341713","Women's Day Out","_Events"
"18503806","பெர்ஸ்பக்டிவ்ஸ் திரைப்பட விழா","_Events_TM","TAMtoENG","18341737","Perspectives Film Festival","_Events"
"18503753","பெருஞ் சிங்கப்பூர் வாத்து பந்தயம்","_Events_TM","TAMtoENG","18341732","Great Singapore Duck Race","_Events"
"18503754","பெருஞ் சிங்கப்பூர் விற்பனை","_Events_TM","TAMtoENG","18341656","Great Singapore Sale","_Events"
"18503808","பெஸ்டா சுகன் கைப்பந்தாட்ட வெற்றிக் கிண்ணம்","_Events_TM","TAMtoENG","18341784","Pesta Sukan Volleyball Championship","_Events"
"18503807","பெஸ்டா ராயா (கலை விழா)","_Events_TM","TAMtoENG","18341725","Pesta Raya (Arts Festival)","_Events"
"18503726","பேபீட்ஸ்","_Events_TM","TAMtoENG","18341724","Baybeats","_Events"
"18503809","பொங்கல்","_Events_TM","TAMtoENG","18341625","Ponggal","_Events"
"18503779","மச்சினிமாசியா விழா","_Events_TM","TAMtoENG","18341761","Machinimasia Festival","_Events"
"18503780","மீலாத் நபி","_Events_TM","TAMtoENG","18341649","Maulud Nabi","_Events"
"18503869","மாலை நேர நெடுந்தொலைவு ஓட்டம்","_Events_TM","TAMtoENG","18341706","Sundown Marathon","_Events"
"18503874","முழுமைப் பாதுகாப்பு தினம்","_Events_TM","TAMtoENG","18341590","Total Defence Day","_Events"
"18503786","முஸ்லிம் புத்தாண்டு","_Events_TM","TAMtoENG","18341651","Muslim New Year","_Events"
"18503819","மூத்த குடிமக்கள் வாரம்","_Events_TM","TAMtoENG","18341771","Senior Citizens' Week","_Events"
"18503782","மெக்சிக்க திரைப்பட விழா","_Events_TM","TAMtoENG","18341742","Mexican Film Festival","_Events"
"18503785","மொசைக் இசை விழா","_Events_TM","TAMtoENG","18341567","Mosaic Music Festival","_Events"
"18503758","யாழிசைஞர் விழா சிங்கப்பூர்","_Events_TM","TAMtoENG","18341686","HarpFest Singapore","_Events"
"18503888","யுவான் ஜியாவோ ஜி","_Events_TM","RT","18503735","சீனப் புத்தாண்டு","_Events_TM"
"18503888","யுவான் ஜியாவோ ஜி","_Events_TM","TAMtoENG","18341584","Yuan Xiao Jie","_Events"
"18503875","யூஓபி ஆண்டின் மிக சிறந்த ஓவியத்திற்கான கண்காட்சி","_Events_TM","TAMtoENG","18341540","UOB Painting of the Year Competition","_Events"
"18503816","ரென் ரி","_Events_TM","RT","18503735","சீனப் புத்தாண்டு","_Events_TM"
"18503816","ரென் ரி","_Events_TM","TAMtoENG","18341620","Ren Ri","_Events"
"18503775","லெக்ஸஸ் கோப்பை","_Events_TM","TAMtoENG","18341687","Lexus Cup","_Events"
"18503817","வாழ்க்கைக்கான சவாரி","_Events_TM","TAMtoENG","18341775","Riding for Life","_Events"
"18503876","விசாக தினம்","_Events_TM","TAMtoENG","18341591","Vesak Day","_Events"
"18503878","வியட்நாம் விழா","_Events_TM","TAMtoENG","18341658","Vietnam Festival","_Events"
"18503877","வேசாக்கி","_Events_TM","TAMtoENG","18341575","Vesakhi","_Events"
"18503880","வோமாட் விழா","_Events_TM","TAMtoENG","18341727","WOMAD Singapore","_Events"
"18503822","ஷேப் ஓட்டம்","_Events_TM","TAMtoENG","18341592","SHAPE Run","_Events"
"18503823","ஷைன் இளைஞர் விழா","_Events_TM","TAMtoENG","18341769","SHINE Youth Festival","_Events"
"18503756","ஹஜிப் பெருநாள்","_Events_TM","TAMtoENG","18341581","Hari Raya Haji","_Events"
"18503761","ஹுவாய் (கலை விழா)","_Events_TM","TAMtoENG","18341696","Huayi (Arts festival)","_Events"
"18503760","ஹோலி","_Events_TM","TAMtoENG","18341629","Holi","_Events"
"18503467","七夕节","_Events_CN","UF","18503551","七桥节","_Events_CN"
"18503467","七夕节","_Events_CN","UF","18503549","乞巧节","_Events_CN"
"18503467","七夕节","_Events_CN","CHItoENG","18341634","Qi Qiao Jie","_Events"
"18503551","七桥节","_Events_CN","Use","18503467","七夕节","_Events_CN"
"18503550","万灯节","_Events_CN","Use","18503394","屠妖节","_Events_CN"
"18503365","万灵节","_Events_CN","CHItoENG","18341594","All Souls' Day","_Events"
"18503537","世界Effie广告大会","_Events_CN","CHItoENG","18341719","World Effie Festival","_Events"
"18503401","世界一级方程式赛车新加坡大奖赛","_Events_CN","CHItoENG","18341666","Formula 1 Singapore Grand Prix","_Events"
"18503538","世界名厨峰会","_Events_CN","UF","18503591","世界美食峰会","_Events_CN"
"18503538","世界名厨峰会","_Events_CN","CHItoENG","18341665","World Gourmet Summit","_Events"
"18503590","世界网上游戏亚洲锦标赛","_Events_CN","Use","18503536","世界网络游戏亚洲锦标赛","_Events_CN"
"18503536","世界网络游戏亚洲锦标赛","_Events_CN","UF","18503590","世界网上游戏亚洲锦标赛","_Events_CN"
"18503536","世界网络游戏亚洲锦标赛","_Events_CN","CHItoENG","18341675","World Cyber Games Asian Championship","_Events"
"18503591","世界美食峰会","_Events_CN","Use","18503538","世界名厨峰会","_Events_CN"
"18519057","东南亚运动会","_Events_CN","CHItoENG","18519045","SEA Games","_Events"
"18503416","中元节","_Events_CN","UF","18503543","鬼节","_Events_CN"
"18503416","中元节","_Events_CN","CHItoENG","18341583","Hungry Ghost Festival","_Events"
"18503437","中秋节","_Events_CN","CHItoENG","18341585","Mid-Autumn Festival","_Events"
"18503463","丰收节","_Events_CN","CHItoENG","18341625","Ponggal","_Events"
"18503471","为生命而骑","_Events_CN","CHItoENG","18341775","Riding for Life","_Events"
"18503473","乐龄周","_Events_CN","CHItoENG","18341771","Senior Citizens' Week","_Events"
"18503574","九夜节","_Events_CN","Use","18503448","印度圣母节","_Events_CN"
"18503577","九月艺术节","_Events_CN","Use","18503474","九月节","_Events_CN"
"18503474","九月节","_Events_CN","UF","18503577","九月艺术节","_Events_CN"
"18503474","九月节","_Events_CN","CHItoENG","18341565","Septfest","_Events"
"18503453","九皇爷诞","_Events_CN","CHItoENG","18341645","Nine Emperor Gods Festival","_Events"
"18503549","乞巧节","_Events_CN","Use","18503467","七夕节","_Events_CN"
"18503569","互动、数码媒体与娱乐展览及研讨会","_Events_CN","Use","18503419","互动数字多媒体与娱乐展","_Events_CN"
"18503419","互动数字多媒体与娱乐展","_Events_CN","UF","18503569","互动、数码媒体与娱乐展览及研讨会","_Events_CN"
"18503419","互动数字多媒体与娱乐展","_Events_CN","BT","18503417","资讯通信及媒体业交流大会","_Events_CN"
"18503419","互动数字多媒体与娱乐展","_Events_CN","CHItoENG","18341764","Interactive DME","_Events"
"18503548","五一劳动节","_Events_CN","Use","18503427","劳动节","_Events_CN"
"18722246","亚洲动漫节","_Events_CN","CHItoENG","18514190","Anime Festival Asia","_Events"
"18503371","亚洲动画大会","_Events_CN","BT","18503374","亚洲媒体节","_Events_CN"
"18503371","亚洲动画大会","_Events_CN","CHItoENG","18341750","Asia Animation Conference","_Events"
"18503374","亚洲媒体节","_Events_CN","NT","18503371","亚洲动画大会","_Events_CN"
"18503374","亚洲媒体节","_Events_CN","NT","18503373","亚洲电影市场与会议","_Events_CN"
"18503374","亚洲媒体节","_Events_CN","NT","18503376","亚洲电视论坛","_Events_CN"
"18503374","亚洲媒体节","_Events_CN","NT","18503372","亚洲纪录片论坛","_Events_CN"
"18503374","亚洲媒体节","_Events_CN","NT","18503377","亚裔首作电影节","_Events_CN"
"18503374","亚洲媒体节","_Events_CN","NT","18503435","媒体融资论坛","_Events_CN"
"18503374","亚洲媒体节","_Events_CN","RT","18503418","英特尔动作片节","_Events_CN"
"18503374","亚洲媒体节","_Events_CN","CHItoENG","18341747","Asia Media Festival","_Events"
"18503384","亚洲广播展","_Events_CN","BT","18503417","资讯通信及媒体业交流大会","_Events_CN"
"18503384","亚洲广播展","_Events_CN","CHItoENG","18341762","BroadcastAsia","_Events"
"18503438","亚洲摄影月","_Events_CN","CHItoENG","18341721","Month of Photography Asia","_Events"
"18503373","亚洲电影市场与会议","_Events_CN","BT","18503374","亚洲媒体节","_Events_CN"
"18503373","亚洲电影市场与会议","_Events_CN","CHItoENG","18341749","Asia Film Market and Conference","_Events"
"18503433","亚洲电玩片节","_Events_CN","CHItoENG","18341761","Machinimasia Festival","_Events"
"18503376","亚洲电视论坛","_Events_CN","BT","18503374","亚洲媒体节","_Events_CN"
"18503376","亚洲电视论坛","_Events_CN","CHItoENG","18341748","Asia Television Forum","_Events"
"18503372","亚洲纪录片论坛","_Events_CN","BT","18503374","亚洲媒体节","_Events_CN"
"18503372","亚洲纪录片论坛","_Events_CN","CHItoENG","18341755","Asia Factual Forum","_Events"
"18503364","亚洲足协杯 (足球赛)","_Events_CN","CHItoENG","18341785","AFC Cup (Football tournament)","_Events"
"19991513","亚洲食品与酒店及餐饮设备展","_Events_CN","CHItoENG","19991512","FHA-Food & Beverage","_Events"
"18503400","亚洲食品与酒店展","_Events_CN","CHItoENG","18341804","Food and Hotel Asia","_Events"
"18503370","亚细安加三青年节","_Events_CN","CHItoENG","18341673","ASEAN+3 Youth Festival","_Events"
"18503377","亚裔首作电影节","_Events_CN","BT","18503374","亚洲媒体节","_Events_CN"
"18503377","亚裔首作电影节","_Events_CN","CHItoENG","18341753","Asian Festival of First Films","_Events"
"18503470","人日","_Events_CN","RT","18503389","农历新年","_Events_CN"
"18503470","人日","_Events_CN","CHItoENG","18341620","Ren Ri","_Events"
"18503452","仲夏夜空","_Events_CN","CHItoENG","18341668","Singapore Night Festival","_Events"
"18503576","保诚儿童第一艺术节","_Events_CN","Use","18503466","保诚儿童艺术节","_Events_CN"
"18503466","保诚儿童艺术节","_Events_CN","UF","18503576","保诚儿童第一艺术节","_Events_CN"
"18503466","保诚儿童艺术节","_Events_CN","CHItoENG","18341699","Prudential Children First! Singapore International Festival for Children","_Events"
"18503567","儿童癌症基金会集体削发活动","_Events_CN","Use","18503409","散发希望活动","_Events_CN"
"18503542","元宵节","_Events_CN","RT","18503389","农历新年","_Events_CN"
"18503542","元宵节","_Events_CN","CHItoENG","18341584","Yuan Xiao Jie","_Events"
"19991295","全3-D电影和娱乐科技节","_Events_CN","Use","18503363","国际三维电影与娱乐科技节","_Events_CN"
"18503442","全国华乐比赛","_Events_CN","RT","18503447","全国钢琴与小提琴比赛","_Events_CN"
"18503442","全国华乐比赛","_Events_CN","CHItoENG","18341561","National Chinese Music Competition","_Events"
"18503445","全国印度音乐比赛","_Events_CN","CHItoENG","18341562","National Indian Music Competition","_Events"
"20601194","全国家庭欢庆","_Events_CN","CHItoENG","20601193","National Family Celebrations","_Events"
"18503441","全国旅行社协会旅游展","_Events_CN","CHItoENG","18341800","NATAS Travel Fair","_Events"
"18503447","全国钢琴与小提琴比赛","_Events_CN","RT","18503442","全国华乐比赛","_Events_CN"
"18503447","全国钢琴与小提琴比赛","_Events_CN","CHItoENG","18341688","National Piano & Violin Competition","_Events"
"18503446","全国马来武术锦标赛","_Events_CN","CHItoENG","18341799","National Pencak Silat Championship","_Events"
"18503460","全景电影节","_Events_CN","CHItoENG","18341737","Perspectives Film Festival","_Events"
"18503528","全面防卫日","_Events_CN","CHItoENG","18341590","Total Defence Day","_Events"
"18503389","农历新年","_Events_CN","UF","18503545","春节","_Events_CN"
"18503389","农历新年","_Events_CN","RT","18503470","人日","_Events_CN"
"18503389","农历新年","_Events_CN","RT","18503542","元宵节","_Events_CN"
"18503389","农历新年","_Events_CN","RT","18503390","妆艺大游行","_Events_CN"
"18503389","农历新年","_Events_CN","CHItoENG","18341576","Chinese New Year","_Events"
"18503395","冬至","_Events_CN","CHItoENG","18341604","Dong Zhi","_Events"
"18503366","动画世界","_Events_CN","UF","18503556","“动画国”动画电影节","_Events_CN"
"18503366","动画世界","_Events_CN","CHItoENG","18341739","Animation Nation","_Events"
"18503556","“动画国”动画电影节","_Events_CN","Use","18503366","动画世界","_Events_CN"
"18503427","劳动节","_Events_CN","UF","18503548","五一劳动节","_Events_CN"
"18503427","劳动节","_Events_CN","CHItoENG","18341654","Labour Day","_Events"
"18503388","华族文化节","_Events_CN","CHItoENG","18341698","Chinese Cultural Festival","_Events"
"18503415","华艺节 (艺术节)","_Events_CN","CHItoENG","18341696","Huayi (Arts festival)","_Events"
"18503530","卫塞节","_Events_CN","CHItoENG","18341591","Vesak Day","_Events"
"18503448","印度圣母节","_Events_CN","UF","18503574","九夜节","_Events_CN"
"18503448","印度圣母节","_Events_CN","CHItoENG","18341641","Navarathri","_Events"
"18503547","印度灯节","_Events_CN","Use","18503394","屠妖节","_Events_CN"
"18503425","印度艺术节","_Events_CN","RT","18503394","屠妖节","_Events_CN"
"18503425","印度艺术节","_Events_CN","CHItoENG","18341726","Kalaa Utsavam: Indian Festival of Arts","_Events"
"18503410","哈芝节","_Events_CN","CHItoENG","18341581","Hari Raya Haji","_Events"
"18503440","回教新年","_Events_CN","CHItoENG","18341651","Muslim New Year","_Events"
"18503444","国庆庆典","_Events_CN","UF","18503573","国庆检阅礼","_Events_CN"
"18503444","国庆庆典","_Events_CN","RT","18503443","国庆日","_Events_CN"
"18503444","国庆庆典","_Events_CN","CHItoENG","18341729","National Day Parade","_Events"
"18503443","国庆日","_Events_CN","RT","18503444","国庆庆典","_Events_CN"
"18503443","国庆日","_Events_CN","CHItoENG","18341652","National Day","_Events"
"18503573","国庆检阅礼","_Events_CN","Use","18503444","国庆庆典","_Events_CN"
"18503363","国际三维电影与娱乐科技节","_Events_CN","UF","19991295","全3-D电影和娱乐科技节","_Events_CN"
"18503363","国际三维电影与娱乐科技节","_Events_CN","CHItoENG","18341745","3DX: 3D Film & Entertainment Technology Festival","_Events"
"18503430","图书馆管理局旧书热卖会","_Events_CN","CHItoENG","18341791","Library Book Sale","_Events"
"18503391","圣诞节","_Events_CN","CHItoENG","18341577","Christmas","_Events"
"18503436","墨西哥电影节","_Events_CN","CHItoENG","18341742","Mexican Film Festival","_Events"
"18503397","复活节","_Events_CN","CHItoENG","18341580","Easter","_Events"
"18503566","大东方女子10公里赛跑活动","_Events_CN","Use","18503406","大东方女子10公里跑步活动","_Events_CN"
"18503406","大东方女子10公里跑步活动","_Events_CN","UF","18503566","大东方女子10公里赛跑活动","_Events_CN"
"18503406","大东方女子10公里跑步活动","_Events_CN","CHItoENG","18341711","Great Eastern Women 10K","_Events"
"18503529","大华银行年度绘画展","_Events_CN","CHItoENG","18341540","UOB Painting of the Year Competition","_Events"
"18503525","大宝森节","_Events_CN","RT","18503458","潘古里节","_Events_CN"
"18503525","大宝森节","_Events_CN","CHItoENG","18341588","Thaipusam","_Events"
"18503535","女性活跃日","_Events_CN","CHItoENG","18341713","Women's Day Out","_Events"
"18503390","妆艺大游行","_Events_CN","RT","18503389","农历新年","_Events_CN"
"18503390","妆艺大游行","_Events_CN","CHItoENG","18341602","Chingay","_Events"
"18503435","媒体融资论坛","_Events_CN","BT","18503374","亚洲媒体节","_Events_CN"
"18503435","媒体融资论坛","_Events_CN","CHItoENG","18341751","Media Financing Forum","_Events"
"18503392","孔子诞辰","_Events_CN","CHItoENG","18341603","Confucius' birthday","_Events"
"18503367","安怡乌节一英里公路赛","_Events_CN","CHItoENG","18341550","Anlene Orchard Mile","_Events"
"18503381","少年旅爱心礼物","_Events_CN","CHItoENG","18341780","Boys' Brigade Sharity Gift Box Project","_Events"
"18503394","屠妖节","_Events_CN","UF","18503550","万灯节","_Events_CN"
"18503394","屠妖节","_Events_CN","UF","18503547","印度灯节","_Events_CN"
"18503394","屠妖节","_Events_CN","UF","19991503","明灯节","_Events_CN"
"18503394","屠妖节","_Events_CN","RT","18503425","印度艺术节","_Events_CN"
"18503394","屠妖节","_Events_CN","CHItoENG","18341578","Deepavali","_Events"
"18503583","巴克莱新加坡公开赛","_Events_CN","Use","18503510","新加坡公开赛 (高尔夫球赛)","_Events_CN"
"18503584","巴克莱新加坡高尔夫公开赛","_Events_CN","Use","18503510","新加坡公开赛 (高尔夫球赛)","_Events_CN"
"18503382","巴西电影节","_Events_CN","CHItoENG","18341740","Brazilian Film Festival","_Events"
"18503411","开斋节","_Events_CN","CHItoENG","18341582","Hari Raya Puasa","_Events"
"18503404","德国电影节","_Events_CN","CHItoENG","18341743","German Film Festival","_Events"
"18503413","心弦义走","_Events_CN","CHItoENG","18341772","Heartstrings Walk","_Events"
"18503464","总统挑战慈善筹款活动","_Events_CN","RT","18503465","总统星光慈善表演","_Events_CN"
"18503464","总统挑战慈善筹款活动","_Events_CN","CHItoENG","18341768","President's Challenge","_Events"
"18503465","总统星光慈善表演","_Events_CN","RT","18503464","总统挑战慈善筹款活动","_Events_CN"
"18503465","总统星光慈善表演","_Events_CN","CHItoENG","18341766","President's Star Charity Show","_Events"
"18503422","意大利电影节","_Events_CN","CHItoENG","18341734","Italian Film Festival","_Events"
"18503455","挪威电影节","_Events_CN","CHItoENG","18341738","Norwegian Film Festival","_Events"
"18503424","摩根大通企业挑战慈善义跑","_Events_CN","CHItoENG","18341702","JPMorgan Chase Corporate Challenge","_Events"
"18503409","散发希望活动","_Events_CN","UF","18503567","儿童癌症基金会集体削发活动","_Events_CN"
"18503409","散发希望活动","_Events_CN","CHItoENG","18341781","Hair for Hope","_Events"
"18503478","新加坡2010年青年奥运会","_Events_CN","","","",""
"18503570","新加坡70.3铁人三项赛","_Events_CN","Use","18503421","新加坡铁人70.3三项运动赛","_Events_CN"
"18503516","新加坡七人制橄榄球赛","_Events_CN","CHItoENG","18341660","Singapore Sevens","_Events"
"18503488","新加坡两项运动赛","_Events_CN","CHItoENG","18341793","Singapore Biathlon","_Events"
"18503513","新加坡个人电脑展","_Events_CN","CHItoENG","18341797","The PC Show","_Events"
"18503519","新加坡作家节","_Events_CN","CHItoENG","18341559","Singapore Writers Festival","_Events"
"18503502","新加坡偶像歌唱比赛","_Events_CN","CHItoENG","18341563","Singapore Idol","_Events"
"18503511","新加坡公开业余锦标赛（高尔夫球）","_Events_CN","RT","18503510","新加坡公开赛 (高尔夫球赛)","_Events_CN"
"18503511","新加坡公开业余锦标赛（高尔夫球）","_Events_CN","CHItoENG","18341715","Singapore Open Amateur Championship (Golf tournament)","_Events"
"18503512","新加坡公开射击锦标赛","_Events_CN","CHItoENG","18341788","Singapore Shooting Championship","_Events"
"18503510","新加坡公开赛 (高尔夫球赛)","_Events_CN","UF","18503583","巴克莱新加坡公开赛","_Events_CN"
"18503510","新加坡公开赛 (高尔夫球赛)","_Events_CN","UF","18503584","巴克莱新加坡高尔夫公开赛","_Events_CN"
"18503510","新加坡公开赛 (高尔夫球赛)","_Events_CN","UF","18503585","新加坡高尔夫公开赛","_Events_CN"
"18503510","新加坡公开赛 (高尔夫球赛)","_Events_CN","RT","18503511","新加坡公开业余锦标赛（高尔夫球）","_Events_CN"
"18503510","新加坡公开赛 (高尔夫球赛)","_Events_CN","CHItoENG","18341716","Singapore Open (Golf tournament)","_Events"
"18503483","新加坡军人节","_Events_CN","CHItoENG","18341789","Singapore Armed Forces Day","_Events"
"18503489","新加坡双年展","_Events_CN","UF","18503580","新加坡双年艺术展","_Events_CN"
"18503489","新加坡双年展","_Events_CN","UF","18503579","新加坡艺术双年展","_Events_CN"
"18503489","新加坡双年展","_Events_CN","CHItoENG","18341560","Singapore Biennale","_Events"
"18503580","新加坡双年艺术展","_Events_CN","Use","18503489","新加坡双年展","_Events_CN"
"18503487","新加坡啤酒节","_Events_CN","CHItoENG","18341683","Singapore Beer Festival","_Events"
"18503456","新加坡国立大学学生会花车展览与售旗日活动","_Events_CN","CHItoENG","18341773","NUSSU Rag and Flag Day","_Events"
"18503420","新加坡国际家具展","_Events_CN","CHItoENG","18341720","International Furniture Fair Singapore","_Events"
"18503505","新加坡国际摄影","_Events_CN","CHItoENG","18341684","Singapore International Photography Festival","_Events"
"18503504","新加坡国际电影节","_Events_CN","CHItoENG","18341564","Singapore International Film Festival","_Events"
"20608595","新加坡国际艺术节","_Events_CN","CHItoENG","20608593","Singapore International Festival of Arts","_Events"
"18503506","新加坡国际赛马节","_Events_CN","NT","18503481","新航国际杯赛马大会","_Events_CN"
"18503506","新加坡国际赛马节","_Events_CN","NT","18503426","新航国际短途锦标赛","_Events_CN"
"18503506","新加坡国际赛马节","_Events_CN","CHItoENG","18341705","Singapore International Racing Festival (Horses)","_Events"
"18503500","新加坡大奖赛","_Events_CN","UF","18503582","新加坡大赛车","_Events_CN"
"18503500","新加坡大奖赛","_Events_CN","CHItoENG","18341659","Singapore Grand Prix","_Events"
"18503582","新加坡大赛车","_Events_CN","Use","18503500","新加坡大奖赛","_Events_CN"
"18503475","新加坡性爱保健博览会","_Events_CN","CHItoENG","18341779","Sexpo Singapore","_Events"
"18503517","新加坡戏剧节","_Events_CN","CHItoENG","18341670","Singapore Theatre Festival","_Events"
"18503491","新加坡打比杯大赛（赛马）","_Events_CN","CHItoENG","18341805","Singapore Derby (Horses)","_Events"
"18503501","新加坡文化遗产节","_Events_CN","CHItoENG","18341657","Singapore HeritageFest","_Events"
"18503581","新加坡时尚节","_Events_CN","Use","18503495","新加坡时装节","_Events_CN"
"18503496","新加坡时装周","_Events_CN","CHItoENG","18341723","Singapore Fashion Week","_Events"
"18503495","新加坡时装节","_Events_CN","UF","18503581","新加坡时尚节","_Events_CN"
"18503495","新加坡时装节","_Events_CN","CHItoENG","18341700","Singapore Fashion Festival","_Events"
"18503490","新加坡杯（足球赛）","_Events_CN","CHItoENG","18341710","Singapore Cup (Football tournament)","_Events"
"18503533","新加坡水上嘉年华会","_Events_CN","CHItoENG","18341679","WaterFest Singapore","_Events"
"18503509","新加坡汽车展","_Events_CN","CHItoENG","18341682","Singapore Motorshow","_Events"
"18503565","新加坡汽车漂移赛","_Events_CN","Use","18503402","新加坡汽车漂移锦标赛","_Events_CN"
"18503402","新加坡汽车漂移锦标赛","_Events_CN","UF","18503565","新加坡汽车漂移赛","_Events_CN"
"18503402","新加坡汽车漂移锦标赛","_Events_CN","CHItoENG","18341794","Formula Drift Singapore","_Events"
"18503587","新加坡河划筏比赛","_Events_CN","Use","18503515","新加坡河浮筏赛","_Events_CN"
"18503515","新加坡河浮筏赛","_Events_CN","UF","18503587","新加坡河划筏比赛","_Events_CN"
"18503515","新加坡河浮筏赛","_Events_CN","CHItoENG","18341774","Singapore River Raft Race","_Events"
"18503486","新加坡湾跑步大会","_Events_CN","CHItoENG","18341677","Singapore Bay Run","_Events"
"18503497","新加坡烟花盛会","_Events_CN","CHItoENG","18341730","Singapore Fireworks Celebrations","_Events"
"18503408","新加坡热卖会","_Events_CN","CHItoENG","18341656","Great Singapore Sale","_Events"
"18503480","新加坡爱之病大会","_Events_CN","CHItoENG","18341778","Singapore AIDS Conference","_Events"
"18503479","新加坡爱之病烛光追悼会","_Events_CN","CHItoENG","18341776","Singapore AIDS Candlelight Memorial","_Events"
"18503518","新加坡玩具与漫画展","_Events_CN","CHItoENG","18341796","Singapore Toy and Comic Convention","_Events"
"18503503","新加坡短纪录片节","_Events_CN","CHItoENG","18341741","Singapore Indie Doc Fest","_Events"
"18503412","新加坡竖琴节","_Events_CN","CHItoENG","18341686","HarpFest Singapore","_Events"
"18503498","新加坡美食节","_Events_CN","CHItoENG","18341664","Singapore Food Festival","_Events"
"18503428","新加坡联赛杯 (足球赛)","_Events_CN","CHItoENG","18341786","League Cup (Singapore)","_Events"
"18503482","新加坡航空展","_Events_CN","CHItoENG","18341718","Singapore Airshow","_Events"
"18503546","新加坡艺博会","_Events_CN","Use","18503369","新加坡艺术博览会","_Events_CN"
"18503369","新加坡艺术博览会","_Events_CN","UF","18503546","新加坡艺博会","_Events_CN"
"18503369","新加坡艺术博览会","_Events_CN","CHItoENG","18341671","ARTSingapore","_Events"
"18503579","新加坡艺术双年展","_Events_CN","Use","18503489","新加坡双年展","_Events_CN"
"18503484","新加坡艺术展","_Events_CN","CHItoENG","18341558","Singapore Art Show","_Events"
"18503485","新加坡艺术节","_Events_CN","CHItoENG","18341557","Singapore Arts Festival","_Events"
"20613708","新加坡艺穗节","_Events_CN","CHItoENG","20613707","Singapore Fringe Festival (2026-)","_Events"
"18503499","新加坡花园节","_Events_CN","CHItoENG","18341667","Singapore Garden Festival","_Events"
"18503507","新加坡行善周","_Events_CN","CHItoENG","18341601","Singapore Kindness Week","_Events"
"18503492","新加坡设计节","_Events_CN","CHItoENG","18341722","Singapore Design Festival","_Events"
"18503522","新加坡资讯科技展","_Events_CN","CHItoENG","18341672","SITEX","_Events"
"18503571","新加坡铁人70.3三项比赛","_Events_CN","Use","18503421","新加坡铁人70.3三项运动赛","_Events_CN"
"18503421","新加坡铁人70.3三项运动赛","_Events_CN","UF","18503570","新加坡70.3铁人三项赛","_Events_CN"
"18503421","新加坡铁人70.3三项运动赛","_Events_CN","UF","18503571","新加坡铁人70.3三项比赛","_Events_CN"
"18503421","新加坡铁人70.3三项运动赛","_Events_CN","CHItoENG","18341681","Ironman 70.3 Triathlon Singapore","_Events"
"18503520","新加坡青年节","_Events_CN","CHItoENG","18341728","Singapore Youth Festival","_Events"
"18503508","新加坡马拉松赛","_Events_CN","CHItoENG","18341690","Singapore Marathon","_Events"
"18503585","新加坡高尔夫公开赛","_Events_CN","Use","18503510","新加坡公开赛 (高尔夫球赛)","_Events_CN"
"18503407","新加坡鸭子巡礼水上乐","_Events_CN","CHItoENG","18341732","Great Singapore Duck Race","_Events"
"18503494","新加坡鼓乐节","_Events_CN","CHItoENG","18341770","Singapore Drum Fest","_Events"
"18503493","新加坡龙舟节","_Events_CN","CHItoENG","18341787","Singapore Dragon Boat Festival","_Events"
"18503449","新年","_Events_CN","CHItoENG","18341653","New Year's Day","_Events"
"18503578","新航国际杯","_Events_CN","Use","18503481","新航国际杯赛马大会","_Events_CN"
"18503481","新航国际杯赛马大会","_Events_CN","UF","18503578","新航国际杯","_Events_CN"
"18503481","新航国际杯赛马大会","_Events_CN","BT","18503506","新加坡国际赛马节","_Events_CN"
"18503481","新航国际杯赛马大会","_Events_CN","RT","18503426","新航国际短途锦标赛","_Events_CN"
"18503481","新航国际杯赛马大会","_Events_CN","CHItoENG","18341703","Singapore Airlines International Cup (Horses)","_Events"
"18503426","新航国际短途锦标赛","_Events_CN","BT","18503506","新加坡国际赛马节","_Events_CN"
"18503426","新航国际短途锦标赛","_Events_CN","RT","18503481","新航国际杯赛马大会","_Events_CN"
"18503426","新航国际短途锦标赛","_Events_CN","CHItoENG","18341704","KrisFlyer International Sprint (Horses)","_Events"
"18503423","日本电影节","_Events_CN","CHItoENG","18341733","Japanese Film Festival","_Events"
"18503523","日落马拉松","_Events_CN","UF","18503588","阿迪达斯日落马拉松","_Events_CN"
"18503523","日落马拉松","_Events_CN","CHItoENG","18341706","Sundown Marathon","_Events"
"19991503","明灯节","_Events_CN","Use","18503394","屠妖节","_Events_CN"
"18503379","星空下的芭蕾","_Events_CN","CHItoENG","18341674","Ballet Under the Stars","_Events"
"18503552","春到河畔","_Events_CN","UF","18503586","春到河畔迎新年","_Events_CN"
"18503552","春到河畔","_Events_CN","UF","18503553","春到河畔迎新春","_Events_CN"
"18503552","春到河畔","_Events_CN","CHItoENG","18341695","Singapore River Hongbao","_Events"
"18503586","春到河畔迎新年","_Events_CN","Use","18503552","春到河畔","_Events_CN"
"18503553","春到河畔迎新春","_Events_CN","Use","18503552","春到河畔","_Events_CN"
"18503545","春节","_Events_CN","Use","18503389","农历新年","_Events_CN"
"18503541","极限运动大会","_Events_CN","CHItoENG","18341792","Xtreme Singapore","_Events"
"18503386","""欢庆戏剧""艺术活动","_Events_CN","CHItoENG","18341676","Celebrate Drama!","_Events"
"18503457","欧南节","_Events_CN","CHItoENG","18341639","Onam","_Events"
"18503398","欧盟电影节","_Events_CN","CHItoENG","19991508","European Film Festival","_Events"
"18503398","欧盟电影节","_Events_CN","CHItoENG","18341736","European Union Film Festival","_Events"
"18503403","法国电影节","_Events_CN","CHItoENG","18341798","French Film Festival","_Events"
"18503414","洒红节","_Events_CN","CHItoENG","18341629","Holi","_Events"
"18503524","淡米尔新年","_Events_CN","CHItoENG","18341632","Tamil New Year","_Events"
"18503468","清明节","_Events_CN","CHItoENG","18341586","Qing Ming Jie","_Events"
"18503458","潘古里节","_Events_CN","RT","18503525","大宝森节","_Events_CN"
"18503458","潘古里节","_Events_CN","CHItoENG","18341628","Panguni Uthiram","_Events"
"18503368","""画抗爱之病""美术比赛","_Events_CN","CHItoENG","18341777","Art Against AIDS","_Events"
"18503434","穆罕默德诞辰","_Events_CN","CHItoENG","18341649","Maulud Nabi","_Events"
"18503429","立胜杯女子高尔夫球团体赛","_Events_CN","CHItoENG","18341687","Lexus Cup","_Events"
"18503396","端午节","_Events_CN","UF","18503544","龙舟节","_Events_CN"
"18503396","端午节","_Events_CN","CHItoENG","18341579","Dragon Boat Festival","_Events"
"18503572","第一通新加坡艺穗节","_Events_CN","Use","18503432","M1新加坡艺穗节","_Events_CN"
"18503450","纽西兰电影节","_Events_CN","CHItoENG","18341735","New Zealand Film Festival","_Events"
"18503405","耶稣受难日","_Events_CN","UF","19991542","耶稣受难节","_Events_CN"
"18503405","耶稣受难日","_Events_CN","CHItoENG","18341595","Good Friday","_Events"
"19991542","耶稣受难节","_Events_CN","Use","18503405","耶稣受难日","_Events_CN"
"18519122","职总英康风筝节","_Events_CN","CHItoENG","18519120","NTUC Income Kite Festival","_Events"
"19991502","舞蹈焦点","_Events_CN","CHItoENG","19991501","da:ns focus","_Events"
"18503383","英国电影节","_Events_CN","CHItoENG","18341744","British Film Festival","_Events"
"18503378","英杰华新加坡羽毛球公开赛","_Events_CN","CHItoENG","18341709","Aviva Open Singapore","_Events"
"18503418","英特尔动作片节","_Events_CN","RT","18503374","亚洲媒体节","_Events_CN"
"18503418","英特尔动作片节","_Events_CN","CHItoENG","18341759","Intel Action Film Fest","_Events"
"18503417","资讯通信及媒体业交流大会","_Events_CN","UF","18503568","资讯通信及媒体商务交流会","_Events_CN"
"18503417","资讯通信及媒体业交流大会","_Events_CN","NT","18503419","互动数字多媒体与娱乐展","_Events_CN"
"18503417","资讯通信及媒体业交流大会","_Events_CN","NT","18503384","亚洲广播展","_Events_CN"
"18503417","资讯通信及媒体业交流大会","_Events_CN","CHItoENG","18341803","Infocomm Media Business Exchange","_Events"
"18503568","资讯通信及媒体商务交流会","_Events_CN","Use","18503417","资讯通信及媒体业交流大会","_Events_CN"
"18503532","越南电影节","_Events_CN","CHItoENG","18341658","Vietnam Festival","_Events"
"18503527","蹈火节","_Events_CN","CHItoENG","18341589","Theemithi","_Events"
"18503459","逾越节","_Events_CN","CHItoENG","18341587","Passover","_Events"
"18503531","锡克教徒丰收节","_Events_CN","CHItoENG","18341575","Vesakhi","_Events"
"18503454","闹吧！新加坡","_Events_CN","CHItoENG","18341689","Noise Singapore Festival","_Events"
"18503469","阵亡将士纪念日","_Events_CN","CHItoENG","18341782","Remembrance Day","_Events"
"18503588","阿迪达斯日落马拉松","_Events_CN","Use","18503523","日落马拉松","_Events_CN"
"18503534","音乐美术舞蹈世界户外音乐节","_Events_CN","UF","18503589","WOMAD户外音乐节","_Events_CN"
"18503534","音乐美术舞蹈世界户外音乐节","_Events_CN","CHItoENG","18341727","WOMAD Singapore","_Events"
"18503461","马来艺术节（艺术节）","_Events_CN","CHItoENG","18341725","Pesta Raya (Arts Festival)","_Events"
"18503439","马赛克音乐节","_Events_CN","CHItoENG","18341567","Mosaic Music Festival","_Events"
"18503543","鬼节","_Events_CN","Use","18503416","中元节","_Events_CN"
"18503544","龙舟节","_Events_CN","Use","18503396","端午节","_Events_CN"
