"Key UID","Key Descriptor","Key Vocabulary","Relationship Type","Related UID","Related Descriptor","Related Vocabulary"
"18549458","67-day Port Workers' Strike","_Historical_Events","Use","18540290","Port Workers’ Strike, Singapore, 1955","_Historical_Events"
"18540259","1915 Singapore Mutiny","_Historical_Events","Category","","Civil disorders",""
"18540259","1915 Singapore Mutiny","_Historical_Events","Topic","","Singapore--History--Sepoy Rebellion, 1915 | Mutiny--Singapore",""
"18540259","1915 Singapore Mutiny","_Historical_Events","Description","","Political Event. The Right Wing (Rajput) of the 5th Light Infantry (Indian Army) revolted against British rule on 15 February 1915, killing more than 40 British officers and residents as well as local civilians. The mutiny continued for ten days before being suppressed with the support of the Singapore Volunteer Artillery, additional British troopers, military men despatched by the Sultan of Johor and men from the Allied forces including Japan. A Court of Inquiry was held on 23 February 1915 and concluded by 15 May, leading to 36 mutineers being executed, 77 officers transported and 12 imprisoned.",""
"18540259","1915 Singapore Mutiny","_Historical_Events","Source","","Singapore Infopedia: 1915 Indian (Singapore) Mutiny (http://eresources.nlb.gov.sg/infopedia/articles/SIP_570_2005-01-24.html)",""
"18540259","1915 Singapore Mutiny","_Historical_Events","Locality","","Tanglin Barracks",""
"18540259","1915 Singapore Mutiny","_Historical_Events","Year Started","","1915",""
"18540259","1915 Singapore Mutiny","_Historical_Events","Year End","","1915",""
"18540259","1915 Singapore Mutiny","_Historical_Events","Wikipedia URI","","http://en.wikipedia.org/wiki/1915_Singapore_Mutiny",""
"18540259","1915 Singapore Mutiny","_Historical_Events","DBpedia URI","","http://dbpedia.org/resource/1915_Singapore_Mutiny",""
"18540259","1915 Singapore Mutiny","_Historical_Events","Wikidata URI","","http://www.wikidata.org/entity/Q4560078",""
"18540259","1915 Singapore Mutiny","_Historical_Events","UF","18540261","Indian Mutiny, Singapore, 1915","_Historical_Events"
"18540259","1915 Singapore Mutiny","_Historical_Events","UF","18540262","Mutiny of the 5th Native Light Infantry, Singapore, 1915","_Historical_Events"
"18540259","1915 Singapore Mutiny","_Historical_Events","UF","18540260","Sepoy Mutiny, Singapore, 1915","_Historical_Events"
"20637316","2010 Summer Youth Olympic Games","_Historical_Events","Use","20637314","Singapore 2010 Youth Olympic Games","_Historical_Events"
"20637315","2010 Summer Youth Olympics","_Historical_Events","Use","20637314","Singapore 2010 Youth Olympic Games","_Historical_Events"
"18549475","Alexandra Hospital Massacre","_Historical_Events","Use","18545022","Alexandra Hospital Massacre, Singapore, 1942","_Historical_Events"
"18545022","Alexandra Hospital Massacre, Singapore, 1942","_Historical_Events","Category","","Wars",""
"18545022","Alexandra Hospital Massacre, Singapore, 1942","_Historical_Events","Topic","","Massacres--Singapore | Singapore--History--Japanese occupation, 1942-1945",""
"18545022","Alexandra Hospital Massacre, Singapore, 1942","_Historical_Events","Description","","Refers to the Japanese massacre of between 150 and 200 staff and patients at the British Military Hospital, now known as Alexandra Hospital, on 14 February 1942. Japanese soldiers had earlier crossed into Singapore on 9 February 1942, and the hapless victims at the Hospital were caught between the invading Japanese troops and the retreating British forces in this event.",""
"18545022","Alexandra Hospital Massacre, Singapore, 1942","_Historical_Events","Source","","Infopedia: The Alexandra Hospital massacre (http://eresources.nlb.gov.sg/infopedia/articles/SIP_2014-04-07_090735.html)",""
"18545022","Alexandra Hospital Massacre, Singapore, 1942","_Historical_Events","Locality","","Alexandra Hospital (Place)",""
"18545022","Alexandra Hospital Massacre, Singapore, 1942","_Historical_Events","Year Started","","1942",""
"18545022","Alexandra Hospital Massacre, Singapore, 1942","_Historical_Events","Year End","","1942",""
"18545022","Alexandra Hospital Massacre, Singapore, 1942","_Historical_Events","Related Event","","Battle of Singapore, 1942",""
"18545022","Alexandra Hospital Massacre, Singapore, 1942","_Historical_Events","Wikipedia URI","","http://en.wikipedia.org/wiki/Alexandra_Hospital_massacre#Alexandra_Hospital_massacre",""
"18545022","Alexandra Hospital Massacre, Singapore, 1942","_Historical_Events","Wikidata URI","","http://www.wikidata.org/entity/Q18277520",""
"18545022","Alexandra Hospital Massacre, Singapore, 1942","_Historical_Events","UF","18549475","Alexandra Hospital Massacre","_Historical_Events"
"18549409","Anglo-Dutch Treaty","_Historical_Events","Use","18541523","Anglo-Dutch Treaty, 1824","_Historical_Events"
"18541523","Anglo-Dutch Treaty, 1824","_Historical_Events","Category","","Treaties",""
"18541523","Anglo-Dutch Treaty, 1824","_Historical_Events","Topic","","East Indies--Commerce--Great Britain | Great Britain--Commerce--East Indies | Commercial treaties",""
"18541523","Anglo-Dutch Treaty, 1824","_Historical_Events","Description","","Treaty. Also known as Treaty of London, it was signed in London on 17 March 1824. The treaty was to settle territorial and trade disputes between Britain and the Netherlands in Asia. Bencoolen was ceded to the Dutch, Malacca were ceded to the British while Dutch withdrew their objections to the British settlement in Singapore.",""
"18541523","Anglo-Dutch Treaty, 1824","_Historical_Events","Source","","Singapore: the Encyclopedia (2006) (ISBN: 9814155632)",""
"18541523","Anglo-Dutch Treaty, 1824","_Historical_Events","Locality","","London",""
"18541523","Anglo-Dutch Treaty, 1824","_Historical_Events","Year Started","","1824",""
"18541523","Anglo-Dutch Treaty, 1824","_Historical_Events","Year End","","1824",""
"18541523","Anglo-Dutch Treaty, 1824","_Historical_Events","Wikipedia URI","","http://en.wikipedia.org/wiki/Anglo-Dutch_Treaty_of_1824",""
"18541523","Anglo-Dutch Treaty, 1824","_Historical_Events","DBpedia URI","","http://dbpedia.org/resource/Anglo-Dutch_Treaty_of_1824",""
"18541523","Anglo-Dutch Treaty, 1824","_Historical_Events","Wikidata URI","","http://www.wikidata.org/entity/Q224794",""
"18541523","Anglo-Dutch Treaty, 1824","_Historical_Events","UF","18549409","Anglo-Dutch Treaty","_Historical_Events"
"18541523","Anglo-Dutch Treaty, 1824","_Historical_Events","UF","18549410","Treaty of London","_Historical_Events"
"18549516","Anson by-election","_Historical_Events","Use","18541519","Anson by-election of Singapore, 1981","_Historical_Events"
"18541519","Anson by-election of Singapore, 1981","_Historical_Events","Category","","Political events",""
"18541519","Anson by-election of Singapore, 1981","_Historical_Events","Topic","","Local elections--Singapore | Singapore--Politics and government--1965-1990",""
"18541519","Anson by-election of Singapore, 1981","_Historical_Events","Description","","Political Event. Anson by-election was held on 31 October 1981 to fill the vacancy left by C. V. Devan Nair, who was elected Singapore's president. People's Action Party's (PAP) Pang Kim Hin and J. B. Jeyaretnam of the Workers' Party contested the seat for Anson constituency. Jeyaretnam won the election and became first opposition Member of Parliament (MP) since independence.",""
"18541519","Anson by-election of Singapore, 1981","_Historical_Events","Source","","Singapore: the Encyclopedia (2006) (ISBN: 9814155632) | Singapore Infopedia: Joshua Benjamin Jeyaretnam (http://eresources.nlb.gov.sg/infopedia/articles/SIP_1379_2008-11-21.html)",""
"18541519","Anson by-election of Singapore, 1981","_Historical_Events","Locality","","Anson constituency",""
"18541519","Anson by-election of Singapore, 1981","_Historical_Events","Year Started","","1981",""
"18541519","Anson by-election of Singapore, 1981","_Historical_Events","Year End","","1981",""
"18541519","Anson by-election of Singapore, 1981","_Historical_Events","Wikipedia URI","","http://en.wikipedia.org/wiki/1981_Anson_by-election",""
"18541519","Anson by-election of Singapore, 1981","_Historical_Events","DBpedia URI","","http://dbpedia.org/resource/Singaporean_by-election,_1981",""
"18541519","Anson by-election of Singapore, 1981","_Historical_Events","Wikidata URI","","http://www.wikidata.org/entity/Q7523278",""
"18541519","Anson by-election of Singapore, 1981","_Historical_Events","UF","18549516","Anson by-election","_Historical_Events"
"18549515","Anti-Catholic Riots","_Historical_Events","Use","18540293","Anti-Catholic Riots, Singapore, 1851","_Historical_Events"
"18540293","Anti-Catholic Riots, Singapore, 1851","_Historical_Events","Category","","Civil disorders",""
"18540293","Anti-Catholic Riots, Singapore, 1851","_Historical_Events","Topic","","Riots--Singapore",""
"18540293","Anti-Catholic Riots, Singapore, 1851","_Historical_Events","Description","","Riot. Due to conflict between Christian and non-Christian members of the Chinese immigrant community, members of various Chinese secret societies, especially the Ghee Hin Hoe, attacked and burnt pepper and gambier plantations owned by Chinese Christians on 15 February 1851 . The riots lasted for five days. A settlement was negotiated through the mediation of Chinese community leader Seah Eu Chin, in which the non-Christian Chinese merchant community was ordered to pay for damages incurred during the riots.",""
"18540293","Anti-Catholic Riots, Singapore, 1851","_Historical_Events","Source","","Singapore Infopedia: Anti-Catholic Riots (1851) (http://eresources.nlb.gov.sg/infopedia/articles/SIP_100_2005-01-24.html)",""
"18540293","Anti-Catholic Riots, Singapore, 1851","_Historical_Events","Locality","","Kranji | Bukit Timah",""
"18540293","Anti-Catholic Riots, Singapore, 1851","_Historical_Events","Year Started","","1851",""
"18540293","Anti-Catholic Riots, Singapore, 1851","_Historical_Events","Year End","","1851",""
"18540293","Anti-Catholic Riots, Singapore, 1851","_Historical_Events","Wikidata URI","","http://www.wikidata.org/entity/Q111032478",""
"18540293","Anti-Catholic Riots, Singapore, 1851","_Historical_Events","UF","18549515","Anti-Catholic Riots","_Historical_Events"
"18549514","Asian Financial Crisis","_Historical_Events","Use","18541524","Asian Financial Crisis, 1997","_Historical_Events"
"18541524","Asian Financial Crisis, 1997","_Historical_Events","Category","","Economic events",""
"18541524","Asian Financial Crisis, 1997","_Historical_Events","Topic","","Financial crises",""
"18541524","Asian Financial Crisis, 1997","_Historical_Events","Description","","Economic event. The crisis started in Thailand on 2 July 1997, in which there was a sharp depreciation of the Thai baht against the US dollar. Some Asian countries, such as Indonesia, also experienced sharp declines in the values of their currencies, which disrupted their economies. Singapore was not directly hit but was affected by the regional economic slowdown and fell into recession in the second half of 1998. Regional economies started to recover in 1999.",""
"18541524","Asian Financial Crisis, 1997","_Historical_Events","Source","","Singapore Infopedia: Asian financial crisis, 1997-1998 (http://eresources.nlb.gov.sg/infopedia/articles/SIP_1530_2009-06-09.html)",""
"18541524","Asian Financial Crisis, 1997","_Historical_Events","Locality","","Thailand",""
"18541524","Asian Financial Crisis, 1997","_Historical_Events","Year Started","","1997",""
"18541524","Asian Financial Crisis, 1997","_Historical_Events","Year End","","1997",""
"18541524","Asian Financial Crisis, 1997","_Historical_Events","Wikipedia URI","","http://en.wikipedia.org/wiki/1997_Asian_financial_crisis",""
"18541524","Asian Financial Crisis, 1997","_Historical_Events","DBpedia URI","","http://dbpedia.org/resource/1997_Asian_financial_crisis",""
"18541524","Asian Financial Crisis, 1997","_Historical_Events","Wikidata URI","","http://www.wikidata.org/entity/Q80880",""
"18541524","Asian Financial Crisis, 1997","_Historical_Events","UF","18549514","Asian Financial Crisis","_Historical_Events"
"18549476","Battle of Opium Hill","_Historical_Events","Use","18545024","Battle of Opium Hill, Singapore, 1942","_Historical_Events"
"18545024","Battle of Opium Hill, Singapore, 1942","_Historical_Events","Category","","Wars",""
"18545024","Battle of Opium Hill, Singapore, 1942","_Historical_Events","Topic","","World War, 1939-1945--Campaigns--Singapore | Singapore--History--Japanese occupation, 1942-1945",""
"18545024","Battle of Opium Hill, Singapore, 1942","_Historical_Events","Description","","The Battle of Opium Hill, which took place on 14 February 1942 at Pasir Panjang, was one of the fiercest battles Singapore experienced against an invading Japanese army during World War II. The outnumbered troops of the 1st Malay Brigade of the Malay Regiment, led by Lieutenant Adnan Saidi, valiantly fought the Japanese to the death.",""
"18545024","Battle of Opium Hill, Singapore, 1942","_Historical_Events","Source","","Infopedia: The Battle of Opium Hill (http://eresources.nlb.gov.sg/infopedia/articles/SIP_457_2005-01-04.html)",""
"18545024","Battle of Opium Hill, Singapore, 1942","_Historical_Events","Locality","","Pasir Panjang",""
"18545024","Battle of Opium Hill, Singapore, 1942","_Historical_Events","Year Started","","1942",""
"18545024","Battle of Opium Hill, Singapore, 1942","_Historical_Events","Year End","","1942",""
"18545024","Battle of Opium Hill, Singapore, 1942","_Historical_Events","Related Event","","Battle of Singapore, 1942",""
"18545024","Battle of Opium Hill, Singapore, 1942","_Historical_Events","Wikipedia URI","","http://en.wikipedia.org/wiki/Battle_of_Pasir_Panjang",""
"18545024","Battle of Opium Hill, Singapore, 1942","_Historical_Events","DBpedia URI","","http://dbpedia.org/resource/Battle_of_Pasir_Panjang",""
"18545024","Battle of Opium Hill, Singapore, 1942","_Historical_Events","Wikidata URI","","http://www.wikidata.org/entity/Q4208426",""
"18545024","Battle of Opium Hill, Singapore, 1942","_Historical_Events","Image Link","","http://www.nas.gov.sg/archivesonline/photographs/record-details/d0b6f683-1161-11e3-83d5-0050568939ad",""
"18545024","Battle of Opium Hill, Singapore, 1942","_Historical_Events","UF","18549476","Battle of Opium Hill","_Historical_Events"
"18549477","Battle of Singapore","_Historical_Events","Use","18545035","Battle of Singapore, 1942","_Historical_Events"
"18545035","Battle of Singapore, 1942","_Historical_Events","Category","","Wars",""
"18545035","Battle of Singapore, 1942","_Historical_Events","Topic","","Singapore--History--Siege, 1942 | World War, 1939-1945--Campaigns--Singapore | Singapore--History--Japanese occupation, 1942-1945",""
"18545035","Battle of Singapore, 1942","_Historical_Events","Description","","The Battle of Singapore took place from 8 to 15 February 1942 between the Allied (mainly British Commonwealth) and Japanese armies. On 8 February 1942, the first Japanese troops landed in Singapore on Singapore's northwestern coastline. The British surrendered Singapore to the Japanese forces after a week of intense fighting.",""
"18545035","Battle of Singapore, 1942","_Historical_Events","Source","","Infopedia: Battle of Singapore (http://eresources.nlb.gov.sg/infopedia/articles/SIP_2013-07-19_113523.html)",""
"18545035","Battle of Singapore, 1942","_Historical_Events","Locality","","Kranji",""
"18545035","Battle of Singapore, 1942","_Historical_Events","Year Started","","1942",""
"18545035","Battle of Singapore, 1942","_Historical_Events","Year End","","1942",""
"18545035","Battle of Singapore, 1942","_Historical_Events","Wikipedia URI","","http://en.wikipedia.org/wiki/Battle_of_Singapore",""
"18545035","Battle of Singapore, 1942","_Historical_Events","DBpedia URI","","http://dbpedia.org/resource/Battle_of_Singapore",""
"18545035","Battle of Singapore, 1942","_Historical_Events","Wikidata URI","","http://www.wikidata.org/entity/Q296754",""
"18545035","Battle of Singapore, 1942","_Historical_Events","UF","18549477","Battle of Singapore","_Historical_Events"
"18545177","British Military Withdrawal, Singapore, 1971","_Historical_Events","Category","","Political events",""
"18545177","British Military Withdrawal, Singapore, 1971","_Historical_Events","Topic","","Great Britain--Armed Forces--Singapore--History",""
"18545177","British Military Withdrawal, Singapore, 1971","_Historical_Events","Description","","The British announced on 18 July 1967 its plan to withdraw its forces from Singapore by the mid-1970s. However, the deadline was brought forward to 1971. The sudden pullout of British troops posed serious problems to Singapore's defense and economy. To overcome the crisis, Singapore embarked on a rapid industralisation programme and new labour laws were passed to attract foreign investments. Singapore also tightened its defenses through military cooperation with other countries and tripled its military spending.",""
"18545177","British Military Withdrawal, Singapore, 1971","_Historical_Events","Source","","Infopedia: British withdrawal from Singapore (http://eresources.nlb.gov.sg/infopedia/articles/SIP_1001_2009-02-10.html)",""
"18545177","British Military Withdrawal, Singapore, 1971","_Historical_Events","Locality","","Singapore",""
"18545177","British Military Withdrawal, Singapore, 1971","_Historical_Events","Year Started","","1971",""
"18545177","British Military Withdrawal, Singapore, 1971","_Historical_Events","Year End","","1971",""
"18545177","British Military Withdrawal, Singapore, 1971","_Historical_Events","Image Link","","http://www.nas.gov.sg/archivesonline/photographs/record-details/d71b21f9-1161-11e3-83d5-0050568939ad | http://www.nas.gov.sg/archivesonline/photographs/record-details/9f96e520-1162-11e3-83d5-0050568939ad | http://www.nas.gov.sg/archivesonline/photographs/record-details/9f96ce15-1162-11e3-83d5-0050568939ad",""
"18545177","British Military Withdrawal, Singapore, 1971","_Historical_Events","UF","18549482","British Withdrawal From Singapore","_Historical_Events"
"18549482","British Withdrawal From Singapore","_Historical_Events","Use","18545177","British Military Withdrawal, Singapore, 1971","_Historical_Events"
"18549411","Bukit Ho Swee Fire","_Historical_Events","Use","18540253","Bukit Ho Swee Fire, Singapore, 1961","_Historical_Events"
"18540253","Bukit Ho Swee Fire, Singapore, 1961","_Historical_Events","Category","","Accidents",""
"18540253","Bukit Ho Swee Fire, Singapore, 1961","_Historical_Events","Topic","","Fires--Singapore",""
"18540253","Bukit Ho Swee Fire, Singapore, 1961","_Historical_Events","Description","","Accident. A fire broke out in a hillside squatter district in Kampong Tiong Bahru at about 3.30 pm on 25 May 1961. It swept through Kampong Tiong Bahru and Bukit Ho Swee to Delta Road, devastating an area of 100 acres and leaving about 16,000 people homeless. Twenty-two fire engines as well as troops from the British Army in Alexandra and the Singapore Military Forces in Beach Road were deployed to put out the fire.",""
"18540253","Bukit Ho Swee Fire, Singapore, 1961","_Historical_Events","Source","","Singapore Infopedia: Bukit Ho Swee fire (http://eresources.nlb.gov.sg/infopedia/articles/SIP_825_2004-12-30.html)",""
"18540253","Bukit Ho Swee Fire, Singapore, 1961","_Historical_Events","Locality","","Kampong Tiong Bahru | Bukit Ho Swee",""
"18540253","Bukit Ho Swee Fire, Singapore, 1961","_Historical_Events","Year Started","","1961",""
"18540253","Bukit Ho Swee Fire, Singapore, 1961","_Historical_Events","Year End","","1961",""
"18540253","Bukit Ho Swee Fire, Singapore, 1961","_Historical_Events","Wikipedia URI","","http://en.wikipedia.org/wiki/Bukit_Ho_Swee_Fire",""
"18540253","Bukit Ho Swee Fire, Singapore, 1961","_Historical_Events","DBpedia URI","","http://dbpedia.org/resource/Bukit_Ho_Swee_Fire",""
"18540253","Bukit Ho Swee Fire, Singapore, 1961","_Historical_Events","Wikidata URI","","http://www.wikidata.org/entity/Q4986899",""
"18540253","Bukit Ho Swee Fire, Singapore, 1961","_Historical_Events","Image Link","","http://www.nas.gov.sg/archivesonline/photographs/record-details/2735d49c-1162-11e3-83d5-0050568939ad | http://www.nas.gov.sg/archivesonline/photographs/record-details/59cecba6-1162-11e3-83d5-0050568939ad | http://www.nas.gov.sg/archivesonline/photographs/record-details/b997c92c-1161-11e3-83d5-0050568939ad | http://www.nas.gov.sg/archivesonline/photographs/record-details/27610bff-1162-11e3-83d5-0050568939ad",""
"18540253","Bukit Ho Swee Fire, Singapore, 1961","_Historical_Events","UF","18549411","Bukit Ho Swee Fire","_Historical_Events"
"18540256","Cable Car Accident, Singapore, 1983","_Historical_Events","Category","","Accidents",""
"18540256","Cable Car Accident, Singapore, 1983","_Historical_Events","Topic","","Transportation accidents--Singapore | Aerial tramways--Singapore",""
"18540256","Cable Car Accident, Singapore, 1983","_Historical_Events","Description","","Accident. Two Sentosa cable cars carrying seven passengers plunged into the sea at about 6 pm on 29 January 1983 after the cableway was struck by the derrick of an oil drilling vessel, the Eniwetok. An emergency operations centre was set up in PSA Tower under the control of Philip Yeo, Second Permanent Secretary (Defence) and passengers stranded mid-air in other cable cars were rescued by helicopters from the Singapore Armed Forces. A Commission of Inquiry, appointed by the President of the Republic of Singapore on 5 February 1983, conducted a public inquiry into the incident from 23 May to 12 August 1983, before submitting its report on 30 December 1983.",""
"18540256","Cable Car Accident, Singapore, 1983","_Historical_Events","Source","","Singapore Infopedia: Cable car tragedy at Sentosa (http://eresources.nlb.gov.sg/infopedia/articles/SIP_761_2004-12-31.html)",""
"18540256","Cable Car Accident, Singapore, 1983","_Historical_Events","Locality","","Keppel Harbour",""
"18540256","Cable Car Accident, Singapore, 1983","_Historical_Events","Year Started","","1983",""
"18540256","Cable Car Accident, Singapore, 1983","_Historical_Events","Year End","","1983",""
"18540256","Cable Car Accident, Singapore, 1983","_Historical_Events","Wikipedia URI","","http://en.wikipedia.org/wiki/Singapore_Cable_Car_disaster",""
"18540256","Cable Car Accident, Singapore, 1983","_Historical_Events","DBpedia URI","","http://dbpedia.org/resource/Singapore_Cable_Car_disaster",""
"18540256","Cable Car Accident, Singapore, 1983","_Historical_Events","Wikidata URI","","http://www.wikidata.org/entity/Q7522918",""
"18540256","Cable Car Accident, Singapore, 1983","_Historical_Events","UF","18549412","Sentosa Cable Car Tragedy","_Historical_Events"
"18545309","CGW","_Historical_Events","Use","18545281","Clean and Green Week, Singapore, 1990-","_Historical_Events"
"18549413","Chinese Middle Schools Riots","_Historical_Events","Use","18541521","Chinese Middle Schools Riots, Singapore, 1956","_Historical_Events"
"18541521","Chinese Middle Schools Riots, Singapore, 1956","_Historical_Events","Category","","Civil disorders",""
"18541521","Chinese Middle Schools Riots, Singapore, 1956","_Historical_Events","Topic","","Student movements--Singapore--History | Riots--Singapore",""
"18541521","Chinese Middle Schools Riots, Singapore, 1956","_Historical_Events","Description","","Riot. The students of Chinese High School and Chung Cheng High School staged a strike after the government expelled some of the students for subversion on 10 October 1956. The schools were occupied by the students who were supported by other unions. People started rioting and clashing with the police on 24 October. Tanjong Katong Post Office and Geylang Police Station were attacked by the crowds. The riots lasted until 26 October.",""
"18541521","Chinese Middle Schools Riots, Singapore, 1956","_Historical_Events","Source","","Singapore: the Encyclopedia (2006) (ISBN: 9814155632) | Singapore Infopedia: The Chinese High School (http://eresources.nlb.gov.sg/infopedia/articles/SIP_2013-04-25_162929.html)",""
"18541521","Chinese Middle Schools Riots, Singapore, 1956","_Historical_Events","Locality","","Chung Cheng High School (Main) | The Chinese High School (Bukit Timah Road, Singapore)",""
"18541521","Chinese Middle Schools Riots, Singapore, 1956","_Historical_Events","Year Started","","1956",""
"18541521","Chinese Middle Schools Riots, Singapore, 1956","_Historical_Events","Year End","","1956",""
"18541521","Chinese Middle Schools Riots, Singapore, 1956","_Historical_Events","Wikipedia URI","","http://en.wikipedia.org/wiki/Chinese_middle_schools_riots",""
"18541521","Chinese Middle Schools Riots, Singapore, 1956","_Historical_Events","DBpedia URI","","http://dbpedia.org/resource/Chinese_middle_schools_riots",""
"18541521","Chinese Middle Schools Riots, Singapore, 1956","_Historical_Events","Wikidata URI","","http://www.wikidata.org/entity/Q5100837",""
"18541521","Chinese Middle Schools Riots, Singapore, 1956","_Historical_Events","Image Link","","http://www.nas.gov.sg/archivesonline/photographs/record-details/99640ac6-1162-11e3-83d5-0050568939ad",""
"18541521","Chinese Middle Schools Riots, Singapore, 1956","_Historical_Events","UF","18549413","Chinese Middle Schools Riots","_Historical_Events"
"18549472","Chinese Post Office Riots","_Historical_Events","Use","18545007","Chinese Post Office Riots, Singapore, 1876","_Historical_Events"
"18545007","Chinese Post Office Riots, Singapore, 1876","_Historical_Events","Category","","Civil disorders",""
"18545007","Chinese Post Office Riots, Singapore, 1876","_Historical_Events","Topic","","Riots--Singapore",""
"18545007","Chinese Post Office Riots, Singapore, 1876","_Historical_Events","Description","","The Chinese Post Office Riots of 15 December 1876 refer to a fierce protest by the local Chinese against the establishment of government-regulated post office to collect all China-bound letters and remittances. The perpetrators of the riots were believed to be local Chinese towkays (businessmen) who were unhappy with losing their monopoly over the letter-forwarding and remittance business. Some Chinese secret societies like the Ghee Hin society were also said to be involved in mobilizing the rioters during the disturbance. The colonial authorities were decisive in suppressing the riots, and the unprecedented use of force by the police had minimized damages and loss of life.",""
"18545007","Chinese Post Office Riots, Singapore, 1876","_Historical_Events","Source","","Infopedia: Chinese Post Office Riots (1876) (http://eresources.nlb.gov.sg/infopedia/articles/SIP_1004_2011-07-15.html)",""
"18545007","Chinese Post Office Riots, Singapore, 1876","_Historical_Events","Locality","","Amoy Street | Rochor | Kampong Glam Sub Zone",""
"18545007","Chinese Post Office Riots, Singapore, 1876","_Historical_Events","Year Started","","1876",""
"18545007","Chinese Post Office Riots, Singapore, 1876","_Historical_Events","Year End","","1876",""
"18545007","Chinese Post Office Riots, Singapore, 1876","_Historical_Events","Wikidata URI","","http://www.wikidata.org/entity/Q111032505",""
"18545007","Chinese Post Office Riots, Singapore, 1876","_Historical_Events","UF","18549472","Chinese Post Office Riots","_Historical_Events"
"18549487","Clean and Green Week","_Historical_Events","Use","18545281","Clean and Green Week, Singapore, 1990-","_Historical_Events"
"18545281","Clean and Green Week, Singapore, 1990-","_Historical_Events","Category","","National campaigns | Singapore's first",""
"18545281","Clean and Green Week, Singapore, 1990-","_Historical_Events","Topic","","Environmental policy--Singapore | Environmental protection--Singapore",""
"18545281","Clean and Green Week, Singapore, 1990-","_Historical_Events","Description","","In November 1990, the government launched a week-long campaign, Clean and Green Week (CGW) with the aim of promoting awareness and appreciation for a clean and green environment. To be held every November henceforth, this campaign is administered by the Education & Partnership Department, National Environment Agency (NEA).",""
"18545281","Clean and Green Week, Singapore, 1990-","_Historical_Events","Source","","Infopedia: Clean and Green Week (http://eresources.nlb.gov.sg/infopedia/articles/SIP_395_2005-01-17.html) | The New Paper, 3 November 1990, page 3: Clean and Green Week (http://eresources.nlb.gov.sg/newspapers/Digitised/Article/newpaper19901103-1.2.3.7.aspx)",""
"18545281","Clean and Green Week, Singapore, 1990-","_Historical_Events","Locality","","Esplanade Park",""
"18545281","Clean and Green Week, Singapore, 1990-","_Historical_Events","Year Started","","1990",""
"18545281","Clean and Green Week, Singapore, 1990-","_Historical_Events","Image Link","","http://www.nas.gov.sg/archivesonline/photographs/record-details/0c534fef-1162-11e3-83d5-0050568939ad | http://www.nas.gov.sg/archivesonline/posters/record-details/5eb9f1ee-2da9-11e4-859c-0050568939ad | http://www.nas.gov.sg/archivesonline/photographs/record-details/117a0cc2-1162-11e3-83d5-0050568939ad | http://www.nas.gov.sg/archivesonline/photographs/record-details/117a584d-1162-11e3-83d5-0050568939ad",""
"18545281","Clean and Green Week, Singapore, 1990-","_Historical_Events","UF","18545309","CGW","_Historical_Events"
"18545281","Clean and Green Week, Singapore, 1990-","_Historical_Events","UF","18549487","Clean and Green Week","_Historical_Events"
"18540155","Communal Riots, Singapore, 1964","_Historical_Events","Use","18540154","Racial Riots, Singapore, 1964","_Historical_Events"
"18549460","Crash of SilkAir Flight MI 185","_Historical_Events","Use","18540136","SilkAir Flight 185 Crash, Indonesia, 1997","_Historical_Events"
"18549461","Crash of Singapore Airlines Flight SQ006","_Historical_Events","Use","18540171","Singapore Airlines Flight 006 Crash, Taipei, Taiwan, 2000","_Historical_Events"
"18549480","Dengue Outbreak","_Historical_Events","Use","18545053","Dengue Outbreak, Singapore, 1960","_Historical_Events"
"18545053","Dengue Outbreak, Singapore, 1960","_Historical_Events","Category","","Epidemics and outbreaks",""
"18545053","Dengue Outbreak, Singapore, 1960","_Historical_Events","Topic","","Dengue--Singapore | Epidemics--Singapore",""
"18545053","Dengue Outbreak, Singapore, 1960","_Historical_Events","Description","","Dengue or dengue fever is a mosquito-borne viral infection, primarily transmitted by the Aedes mosquito. In 1960, the first outbreak of dengue in Singapore was recorded with 88 hospitalization cases. As the number of dengue cases and dengue-related death increased, the government set up the Vector Control and Research Branch in 1966 to reduce the mosquito population and incidences of dengue in Singapore.",""
"18545053","Dengue Outbreak, Singapore, 1960","_Historical_Events","Source","","Infopedia: Dengue (http://eresources.nlb.gov.sg/infopedia/articles/SIP_2013-07-19_170116.html)",""
"18545053","Dengue Outbreak, Singapore, 1960","_Historical_Events","Locality","","Singapore",""
"18545053","Dengue Outbreak, Singapore, 1960","_Historical_Events","Year Started","","1960",""
"18545053","Dengue Outbreak, Singapore, 1960","_Historical_Events","Year End","","1960",""
"18545053","Dengue Outbreak, Singapore, 1960","_Historical_Events","UF","18549480","Dengue Outbreak","_Historical_Events"
"18540285","Double Tenth Incident, Singapore, 1943","_Historical_Events","Use","18540284","Double Tenth Massacre, Singapore, 1943","_Historical_Events"
"18549414","Double Tenth Massacre","_Historical_Events","Use","18540284","Double Tenth Massacre, Singapore, 1943","_Historical_Events"
"18540284","Double Tenth Massacre, Singapore, 1943","_Historical_Events","Category","","Wars",""
"18540284","Double Tenth Massacre, Singapore, 1943","_Historical_Events","Topic","","Singapore--History--Japanese occupation, 1942-1945 | War crime trials--Singapore",""
"18540284","Double Tenth Massacre, Singapore, 1943","_Historical_Events","Description","","Political event . A raid code-named Operation Jaywick, led by Captain Lyon resulted in the blowing up of 6 Japanese oil tankers in the Singapore Harbour on 27 September 1943. The Japanese authorities suspected that foreign internees in Changi Gaol had transmitted news to the raiding party. The Kempeitai raided the cells in Changi Prison on 10 October 1943, interrogating and torturing the prisoners, resulting in 15 deaths.",""
"18540284","Double Tenth Massacre, Singapore, 1943","_Historical_Events","Source","","Singapore Infopedia: Double Tenth incident (http://eresources.nlb.gov.sg/infopedia/articles/SIP_111_2005-01-06.html)",""
"18540284","Double Tenth Massacre, Singapore, 1943","_Historical_Events","Locality","","Changi Prison",""
"18540284","Double Tenth Massacre, Singapore, 1943","_Historical_Events","Year Started","","1943",""
"18540284","Double Tenth Massacre, Singapore, 1943","_Historical_Events","Year End","","1943",""
"18540284","Double Tenth Massacre, Singapore, 1943","_Historical_Events","Wikipedia URI","","http://en.wikipedia.org/wiki/Double_Tenth_Incident",""
"18540284","Double Tenth Massacre, Singapore, 1943","_Historical_Events","DBpedia URI","","http://dbpedia.org/resource/Double_Tenth_Incident",""
"18540284","Double Tenth Massacre, Singapore, 1943","_Historical_Events","UF","18540285","Double Tenth Incident, Singapore, 1943","_Historical_Events"
"18540284","Double Tenth Massacre, Singapore, 1943","_Historical_Events","UF","18549414","Double Tenth Massacre","_Historical_Events"
"18549415","Faber House Explosions","_Historical_Events","Use","18540257","Faber House Explosions, Singapore, 1985-1986","_Historical_Events"
"18540257","Faber House Explosions, Singapore, 1985-1986","_Historical_Events","Category","","Civil disorders",""
"18540257","Faber House Explosions, Singapore, 1985-1986","_Historical_Events","Topic","","Bombings--Singapore",""
"18540257","Faber House Explosions, Singapore, 1985-1986","_Historical_Events","Description","","Accident. Faber House, a 12-storey office building on Orchard Road which had among its tenants the Israeli Embassy and the Canadian High Commission, was the site of two explosions in the mid-1980s. The first explosion occurred on Sunday 17 March 1985 at about 11.30 pm. A Palestinian guerilla named Fuad Hassin al-Shara claimed responsibility for the explosion. The second explosion occurred on Sunday 21 December 1986 at 8.40 pm, and was suspected to be the work of terrorists targeting the Israeli Embassy, although those responsible were not caught or identified.",""
"18540257","Faber House Explosions, Singapore, 1985-1986","_Historical_Events","Source","","Singapore Infopedia: Faber House explosions (http://eresources.nlb.gov.sg/infopedia/articles/SIP_1546_2009-07-17.html)",""
"18540257","Faber House Explosions, Singapore, 1985-1986","_Historical_Events","Locality","","Faber House",""
"18540257","Faber House Explosions, Singapore, 1985-1986","_Historical_Events","Year Started","","1985",""
"18540257","Faber House Explosions, Singapore, 1985-1986","_Historical_Events","Year End","","1986",""
"18540257","Faber House Explosions, Singapore, 1985-1986","_Historical_Events","Wikidata URI","","http://www.wikidata.org/entity/Q111032525",""
"18540257","Faber House Explosions, Singapore, 1985-1986","_Historical_Events","UF","18549415","Faber House Explosions","_Historical_Events"
"18549513","Family Planning Campaign","_Historical_Events","Use","18540157","Family Planning Campaign, Singapore, 1960-1986","_Historical_Events"
"18540157","Family Planning Campaign, Singapore, 1960-1986","_Historical_Events","Category","","National campaigns | Singapore's first",""
"18540157","Family Planning Campaign, Singapore, 1960-1986","_Historical_Events","Topic","","Birth control--Singapore | Family policy--Singapore",""
"18540157","Family Planning Campaign, Singapore, 1960-1986","_Historical_Events","Description","","Campaign. The three month campaign was organised by the Singapore government in October 1960 as part of the Mass Health Education Programme to curb large families and educate the masses on the need to have small and manageable families. The Singapore Family Planning and Population Board was established in 1966 to launch concerted national campaigns for family planning. The campaign was revised in 1986 to encourage Singaporeans to have more children.",""
"18540157","Family Planning Campaign, Singapore, 1960-1986","_Historical_Events","Source","","Singapore Infopedia: Singapore’s first family planning campaign (http://eresources.nlb.gov.sg/infopedia/articles/SIP_1651_2010-02-26.html) | Singapore Planned Parenthood Association: Our Milestones (http://www.sppa.org.sg/index-1b.html) | Archives Online: Family Planning (http://www.nas.gov.sg/archivesonline/article/family-planning)",""
"18540157","Family Planning Campaign, Singapore, 1960-1986","_Historical_Events","Locality","","Victoria Memorial Hall",""
"18540157","Family Planning Campaign, Singapore, 1960-1986","_Historical_Events","Year Started","","1960",""
"18540157","Family Planning Campaign, Singapore, 1960-1986","_Historical_Events","Year End","","1986",""
"18540157","Family Planning Campaign, Singapore, 1960-1986","_Historical_Events","Wikipedia URI","","http://en.wikipedia.org/wiki/Population_control_in_Singapore",""
"18540157","Family Planning Campaign, Singapore, 1960-1986","_Historical_Events","Image Link","","http://www.nas.gov.sg/archivesonline/photographs/record-details/a5631266-1162-11e3-83d5-0050568939ad | http://www.nas.gov.sg/archivesonline/photographs/record-details/a5632651-1162-11e3-83d5-0050568939ad | http://www.nas.gov.sg/archivesonline/posters/record-details/309d3936-115c-11e3-83d5-0050568939ad | http://www.nas.gov.sg/archivesonline/posters/record-details/307e45f1-115c-11e3-83d5-0050568939ad",""
"18540157","Family Planning Campaign, Singapore, 1960-1986","_Historical_Events","UF","18549513","Family Planning Campaign","_Historical_Events"
"18549494","First MRT Accident","_Historical_Events","Use","18545287","MRT Accident, Singapore, 1993","_Historical_Events"
"18545006","Five Catties of Rice Riots, Singapore, 1854","_Historical_Events","Use","18545004","Hokkien-Teochew Riots, Singapore, 1854","_Historical_Events"
"18549483","Gold Bar Murders","_Historical_Events","Use","18545254","Gold Bar Murders, Singapore, 1971","_Historical_Events"
"18545254","Gold Bar Murders, Singapore, 1971","_Historical_Events","Category","","Crime",""
"18545254","Gold Bar Murders, Singapore, 1971","_Historical_Events","Topic","","Murder--Singapore",""
"18545254","Gold Bar Murders, Singapore, 1971","_Historical_Events","Description","","A major crime in Singapore in which businessman Ngo Cheng Poh and his employees were murdered by a group of 10 men and robbed of 120 gold bars on 29 December 1971. Of the group, one was detained indefinitely without trial, and two were detained at the president's pleasure as they were under the age of 18. The remaining seven men were found guilty and hanged in Changi Prison on 28 February 1975.",""
"18545254","Gold Bar Murders, Singapore, 1971","_Historical_Events","Source","","Infopedia: Gold Bar Murders (http://eresources.nlb.gov.sg/infopedia/articles/SIP_1753_2011-02-14.html)",""
"18545254","Gold Bar Murders, Singapore, 1971","_Historical_Events","Locality","","Serangoon Gardens | Jalan Tiga Ratus | Jalan Lembah Bedok",""
"18545254","Gold Bar Murders, Singapore, 1971","_Historical_Events","Year Started","","1971",""
"18545254","Gold Bar Murders, Singapore, 1971","_Historical_Events","Year End","","1971",""
"18545254","Gold Bar Murders, Singapore, 1971","_Historical_Events","Wikipedia URI","","https://en.wikipedia.org/wiki/Gold_Bars_triple_murders",""
"18545254","Gold Bar Murders, Singapore, 1971","_Historical_Events","DBpedia URI","","http://dbpedia.org/resource/Gold_Bars_triple_murders",""
"18545254","Gold Bar Murders, Singapore, 1971","_Historical_Events","Wikidata URI","","http://www.wikidata.org/entity/Q97516220",""
"18545254","Gold Bar Murders, Singapore, 1971","_Historical_Events","UF","18549483","Gold Bar Murders","_Historical_Events"
"18545254","Gold Bar Murders, Singapore, 1971","_Historical_Events","UF","18733589","Gold Bars Triple Murders","_Historical_Events"
"18733589","Gold Bars Triple Murders","_Historical_Events","Use","18545254","Gold Bar Murders, Singapore, 1971","_Historical_Events"
"18545005","Great Riots, Singapore, 1854","_Historical_Events","Use","18545004","Hokkien-Teochew Riots, Singapore, 1854","_Historical_Events"
"18549417","Great Singapore Traction Company Strike","_Historical_Events","Use","18540291","Great Singapore Traction Company Strike, Singapore, 1955","_Historical_Events"
"18540291","Great Singapore Traction Company Strike, Singapore, 1955","_Historical_Events","Category","","Civil disorders",""
"18540291","Great Singapore Traction Company Strike, Singapore, 1955","_Historical_Events","Topic","","Strikes and lockouts--Transport workers--Singapore",""
"18540291","Great Singapore Traction Company Strike, Singapore, 1955","_Historical_Events","Description","","Strike. Workers of the Singapore Traction Co. Ltd. (STC) presented new demand for wage increment on 14 July 1955 and was rejected. The Singapore Traction Co. Employees Union decided to hold a strike from 27 September. The government appointed a Court of Inquiry into the dispute between the Company and the Union on 28 December. Agreement to end the strike was signed on 15 February 1956. The workers returned to work on 16 February.",""
"18540291","Great Singapore Traction Company Strike, Singapore, 1955","_Historical_Events","Source","","Singapore Infopedia: The Great Singapore Traction Company Strike (http://eresources.nlb.gov.sg/infopedia/articles/SIP_1241_2008-11-30.html)",""
"18540291","Great Singapore Traction Company Strike, Singapore, 1955","_Historical_Events","Year Started","","1955",""
"18540291","Great Singapore Traction Company Strike, Singapore, 1955","_Historical_Events","Year End","","1955",""
"18540291","Great Singapore Traction Company Strike, Singapore, 1955","_Historical_Events","Wikidata URI","","http://www.wikidata.org/entity/Q111032538",""
"18540291","Great Singapore Traction Company Strike, Singapore, 1955","_Historical_Events","Image Link","","http://www.nas.gov.sg/archivesonline/photographs/record-details/9817f027-1162-11e3-83d5-0050568939ad | http://www.nas.gov.sg/archivesonline/photographs/record-details/981806ca-1162-11e3-83d5-0050568939ad | http://www.nas.gov.sg/archivesonline/photographs/record-details/98281d0d-1162-11e3-83d5-0050568939ad | http://www.nas.gov.sg/archivesonline/photographs/record-details/98483773-1162-11e3-83d5-0050568939ad",""
"18540291","Great Singapore Traction Company Strike, Singapore, 1955","_Historical_Events","UF","18549417","Great Singapore Traction Company Strike","_Historical_Events"
"18540291","Great Singapore Traction Company Strike, Singapore, 1955","_Historical_Events","UF","18549416","Great STC Strike","_Historical_Events"
"18549495","Great Singapore Workout","_Historical_Events","Use","18545288","Great Singapore Workout, 1993-","_Historical_Events"
"18545288","Great Singapore Workout, 1993-","_Historical_Events","Category","","National campaigns | Singapore's first",""
"18545288","Great Singapore Workout, 1993-","_Historical_Events","Topic","","Physical fitness--Singapore",""
"18545288","Great Singapore Workout, 1993-","_Historical_Events","Description","","On 3 October 1993, Prime Minister Goh Chok Tong launched the Great Singapore Workout, a fitness routine under the National Healthy Lifestyle Programme. The workout is a low impact aerobic routine made up of 15 steps with 5 basic steps. It aims to promote the message that exercise can help maintain a healthy lifestyle.",""
"18545288","Great Singapore Workout, 1993-","_Historical_Events","Source","","Infopedia: Great Singapore Workout (http://eresources.nlb.gov.sg/infopedia/articles/SIP_390_2005-02-02.html)",""
"18545288","Great Singapore Workout, 1993-","_Historical_Events","Locality","","National Stadium (1973-2007)",""
"18545288","Great Singapore Workout, 1993-","_Historical_Events","Year Started","","1993",""
"18545288","Great Singapore Workout, 1993-","_Historical_Events","Wikidata URI","","http://www.wikidata.org/entity/Q111032692",""
"18545288","Great Singapore Workout, 1993-","_Historical_Events","Image Link","","http://www.nas.gov.sg/archivesonline/posters/record-details/383c0d85-229c-11e4-9ee2-0050568939ad | http://www.nas.gov.sg/archivesonline/photographs/record-details/1483b584-1162-11e3-83d5-0050568939ad | http://www.nas.gov.sg/archivesonline/photographs/record-details/77b31955-1162-11e3-83d5-0050568939ad",""
"18545288","Great Singapore Workout, 1993-","_Historical_Events","UF","18549495","Great Singapore Workout","_Historical_Events"
"18549416","Great STC Strike","_Historical_Events","Use","18540291","Great Singapore Traction Company Strike, Singapore, 1955","_Historical_Events"
"18545313","H1N1 Influenza Pandemic, Singapore, 2009","_Historical_Events","Category","","Epidemics and outbreaks",""
"18545313","H1N1 Influenza Pandemic, Singapore, 2009","_Historical_Events","Topic","","H1N1 influenza--Singapore | Epidemics--Singapore",""
"18545313","H1N1 Influenza Pandemic, Singapore, 2009","_Historical_Events","Description","","Influenza A (H1N1-009), formerly known as “swine flu”, was reported as a new strain of influenza virus that spreads from human to human in 2009. It has similar symptoms to those of seasonal influenza. However, unlike seasonal influenza, the H1N1 virus tends to infect a higher proportion of young adults and those with underlying medical conditions. Although most of the H1N1 cases reported in Singapore were mild, there were 18 deaths due to H1N1 in 2009.",""
"18545313","H1N1 Influenza Pandemic, Singapore, 2009","_Historical_Events","Source","","Infopedia: Influenza A (H1N1-2009) outbreak (http://eresources.nlb.gov.sg/infopedia/articles/SIP_1759_2011-01-28.html)",""
"18545313","H1N1 Influenza Pandemic, Singapore, 2009","_Historical_Events","Locality","","Tan Tock Seng Hospital",""
"18545313","H1N1 Influenza Pandemic, Singapore, 2009","_Historical_Events","Year Started","","2009",""
"18545313","H1N1 Influenza Pandemic, Singapore, 2009","_Historical_Events","Year End","","2009",""
"18545313","H1N1 Influenza Pandemic, Singapore, 2009","_Historical_Events","Wikipedia URI","","http://en.wikipedia.org/wiki/2009_flu_pandemic_in_Asia#.C2.A0Singapore",""
"18545313","H1N1 Influenza Pandemic, Singapore, 2009","_Historical_Events","UF","18549500","Influenza A (H1N1-2009) Outbreak","_Historical_Events"
"18545313","H1N1 Influenza Pandemic, Singapore, 2009","_Historical_Events","UF","18545351","Swine Flu (H1N1), Singapore, 2009","_Historical_Events"
"18545313","H1N1 Influenza Pandemic, Singapore, 2009","_Historical_Events","UF","18545352","Swine Influenza (H1N1), Singapore, 2009","_Historical_Events"
"18549462","Hijacking of Singapore Airlines Flight SQ 117","_Historical_Events","Use","18540135","Singapore Airlines Flight 117 Hijacking Incident, 1991","_Historical_Events"
"18549418","Hock Lee Bus Riots","_Historical_Events","Use","18540153","Hock Lee Bus Riots, Singapore, 1955","_Historical_Events"
"18540153","Hock Lee Bus Riots, Singapore, 1955","_Historical_Events","Category","","Civil disorders",""
"18540153","Hock Lee Bus Riots, Singapore, 1955","_Historical_Events","Topic","","Riots--Singapore",""
"18540153","Hock Lee Bus Riots, Singapore, 1955","_Historical_Events","Description","","Riot. Started as a strike by the dismissed workers of the Hock Lee Bus Company on 23 April 1955. On 10 May, it escalated into a riot when the police tried to remove the strikers from the company premises. The riot continued until 12 May resulting in the death of 4 people. On 14 May, the riot came to an end with government arbitration.",""
"18540153","Hock Lee Bus Riots, Singapore, 1955","_Historical_Events","Source","","Singapore Infopedia: Hock Lee Bus strike and riots (http://eresources.nlb.gov.sg/infopedia/articles/SIP_4_2005-01-06.html)",""
"18540153","Hock Lee Bus Riots, Singapore, 1955","_Historical_Events","Locality","","Alexandra Road",""
"18540153","Hock Lee Bus Riots, Singapore, 1955","_Historical_Events","Year Started","","1955",""
"18540153","Hock Lee Bus Riots, Singapore, 1955","_Historical_Events","Year End","","1955",""
"18540153","Hock Lee Bus Riots, Singapore, 1955","_Historical_Events","Related Event","","Hock Lee Bus Strike, Singapore, 1955",""
"18540153","Hock Lee Bus Riots, Singapore, 1955","_Historical_Events","Wikipedia URI","","http://en.wikipedia.org/wiki/Hock_Lee_bus_riots",""
"18540153","Hock Lee Bus Riots, Singapore, 1955","_Historical_Events","DBpedia URI","","http://dbpedia.org/resource/Hock_Lee_bus_riots",""
"18540153","Hock Lee Bus Riots, Singapore, 1955","_Historical_Events","Wikidata URI","","https://www.wikidata.org/entity/Q5875492",""
"18540153","Hock Lee Bus Riots, Singapore, 1955","_Historical_Events","Image Link","","http://www.nas.gov.sg/archivesonline/photographs/record-details/35a4483a-1162-11e3-83d5-0050568939ad | http://www.nas.gov.sg/archivesonline/photographs/record-details/35a45dd5-1162-11e3-83d5-0050568939ad",""
"18540153","Hock Lee Bus Riots, Singapore, 1955","_Historical_Events","UF","18549418","Hock Lee Bus Riots","_Historical_Events"
"18549419","Hock Lee Bus Strike","_Historical_Events","Use","18540292","Hock Lee Bus Strike, Singapore, 1955","_Historical_Events"
"18540292","Hock Lee Bus Strike, Singapore, 1955","_Historical_Events","Category","","Civil disorders",""
"18540292","Hock Lee Bus Strike, Singapore, 1955","_Historical_Events","Topic","","Strikes and lockouts--Singapore | Labor disputes--Singapore",""
"18540292","Hock Lee Bus Strike, Singapore, 1955","_Historical_Events","Description","","Strike. Workers affiliated with the Singapore Bus Workers Union (SBWU) launched a strike on 23 April 1955 in order to seek higher wages and better working conditions. It escalated into a riot on 12 May when negotiations broke down and joined in by the Chinese school students. The government closed three Chinese schools for a week on 13 May. The strike was settled by government arbitration on 14 May and normal bus services resumed on 16 May.",""
"18540292","Hock Lee Bus Strike, Singapore, 1955","_Historical_Events","Source","","Singapore Infopedia: Hock Lee Bus strike and riots (http://eresources.nlb.gov.sg/infopedia/articles/SIP_4_2005-01-06.html)",""
"18540292","Hock Lee Bus Strike, Singapore, 1955","_Historical_Events","Locality","","Alexandra Road",""
"18540292","Hock Lee Bus Strike, Singapore, 1955","_Historical_Events","Year Started","","1955",""
"18540292","Hock Lee Bus Strike, Singapore, 1955","_Historical_Events","Year End","","1955",""
"18540292","Hock Lee Bus Strike, Singapore, 1955","_Historical_Events","Related Event","","Hock Lee Bus Riots, Singapore, 1955",""
"18540292","Hock Lee Bus Strike, Singapore, 1955","_Historical_Events","Wikipedia URI","","http://en.wikipedia.org/wiki/Hock_Lee_bus_riots",""
"18540292","Hock Lee Bus Strike, Singapore, 1955","_Historical_Events","DBpedia URI","","http://dbpedia.org/resource/Hock_Lee_bus_riots",""
"18540292","Hock Lee Bus Strike, Singapore, 1955","_Historical_Events","Image Link","","https://www.nas.gov.sg/archivesonline/photographs/record-details/b57d40b6-1162-11e3-83d5-0050568939ad",""
"18540292","Hock Lee Bus Strike, Singapore, 1955","_Historical_Events","UF","18549419","Hock Lee Bus Strike","_Historical_Events"
"18549471","Hokkien-Teochew Riots","_Historical_Events","Use","18545004","Hokkien-Teochew Riots, Singapore, 1854","_Historical_Events"
"18545004","Hokkien-Teochew Riots, Singapore, 1854","_Historical_Events","Category","","Civil disorders",""
"18545004","Hokkien-Teochew Riots, Singapore, 1854","_Historical_Events","Topic","","Riots--Singapore",""
"18545004","Hokkien-Teochew Riots, Singapore, 1854","_Historical_Events","Description","","The Hokkien-Teochew Riots, also known as the Great Riots of 1854 or the Five Catties of Rice Riots, started on 5 May 1854. The riots arise from conflicts between the Hokkien and Teochew communities in Singapore. Evidence suggested that secret societies were involved in the riots, especially the Ngee Heng (Ghee Hin) society. The riots lasted for at least 10 days, and killed approximately 500 persons and destroyed some 300 homes. The riots are considered to be one of the most severe outburst of violence within the Chinese community in Singapore history.",""
"18545004","Hokkien-Teochew Riots, Singapore, 1854","_Historical_Events","Source","","Singapore Infopedia: Hokkien-Teochew Riots (1854) (http://eresources.nlb.gov.sg/infopedia/articles/SIP_104_2005-01-25.html)",""
"18545004","Hokkien-Teochew Riots, Singapore, 1854","_Historical_Events","Locality","","Singapore",""
"18545004","Hokkien-Teochew Riots, Singapore, 1854","_Historical_Events","Year Started","","1854",""
"18545004","Hokkien-Teochew Riots, Singapore, 1854","_Historical_Events","Year End","","1854",""
"18545004","Hokkien-Teochew Riots, Singapore, 1854","_Historical_Events","UF","18545006","Five Catties of Rice Riots, Singapore, 1854","_Historical_Events"
"18545004","Hokkien-Teochew Riots, Singapore, 1854","_Historical_Events","UF","18545005","Great Riots, Singapore, 1854","_Historical_Events"
"18545004","Hokkien-Teochew Riots, Singapore, 1854","_Historical_Events","UF","18549471","Hokkien-Teochew Riots","_Historical_Events"
"18549420","Hotel New World Collapse","_Historical_Events","Use","18540119","Hotel New World Collapse, Singapore, 1986","_Historical_Events"
"18540119","Hotel New World Collapse, Singapore, 1986","_Historical_Events","Category","","Accidents",""
"18540119","Hotel New World Collapse, Singapore, 1986","_Historical_Events","Topic","","Building failures--Singapore",""
"18540119","Hotel New World Collapse, Singapore, 1986","_Historical_Events","Description","","Accident. Hotel New World (also known as Lian Yak Building) collapsed on 15 March 1986 due to structural faults and poor-quality construction. A rescue operation involving the Singapore Civil Defence Force, the Fire Service, the Singapore Armed Forces (SAF) and foreign experts was carried out till 19 March 1986. A commission of inquiry was appointed on 22 March 1986, with the final report and recommendations submitted to the then President Wee Kim Wee on 16 February 1987.",""
"18540119","Hotel New World Collapse, Singapore, 1986","_Historical_Events","Source","","Singapore Infopedia: Hotel New World collapse (http://eresources.nlb.gov.sg/infopedia/articles/SIP_783__2009-01-02.html)",""
"18540119","Hotel New World Collapse, Singapore, 1986","_Historical_Events","Locality","","Hotel New World",""
"18540119","Hotel New World Collapse, Singapore, 1986","_Historical_Events","Year Started","","1986",""
"18540119","Hotel New World Collapse, Singapore, 1986","_Historical_Events","Year End","","1986",""
"18540119","Hotel New World Collapse, Singapore, 1986","_Historical_Events","Wikipedia URI","","http://en.wikipedia.org/wiki/Collapse_of_the_Hotel_New_World",""
"18540119","Hotel New World Collapse, Singapore, 1986","_Historical_Events","DBpedia URI","","http://dbpedia.org/resource/Collapse_of_the_Hotel_New_World",""
"18540119","Hotel New World Collapse, Singapore, 1986","_Historical_Events","Image Link","","http://www.nas.gov.sg/archivesonline/photographs/record-details/9fe13d2f-1162-11e3-83d5-0050568939ad | http://www.nas.gov.sg/archivesonline/photographs/record-details/9fe1d4ea-1162-11e3-83d5-0050568939ad | http://www.nas.gov.sg/archivesonline/photographs/record-details/9fe1e70c-1162-11e3-83d5-0050568939ad | http://www.nas.gov.sg/archivesonline/photographs/record-details/9fedf148-1162-11e3-83d5-0050568939ad",""
"18540119","Hotel New World Collapse, Singapore, 1986","_Historical_Events","UF","18549420","Hotel New World Collapse","_Historical_Events"
"18545010","Incident of National Memorial Day, Singapore, 1927","_Historical_Events","Use","18545009","Kreta Ayer Incident, Singapore, 1927","_Historical_Events"
"18540261","Indian Mutiny, Singapore, 1915","_Historical_Events","Use","18540259","1915 Singapore Mutiny","_Historical_Events"
"18541514","Indonesian-Malaysian Confrontation, 1963-1966","_Historical_Events","Category","","Political events",""
"18541514","Indonesian-Malaysian Confrontation, 1963-1966","_Historical_Events","Topic","","Indonesia--Foreign relations--Malaysia | Malaysia--Foreign relations--Indonesia",""
"18541514","Indonesian-Malaysian Confrontation, 1963-1966","_Historical_Events","Description","","Political Event. Indonesia opposed the formation and existence of the Federation of Malaysia when Tunku Abdul Rahman signed the London Agreement on 9 July 1963. President Sukarno declared the ""Crush Malaysia"" campaign and began raids in Singapore and the Malaysian Peninsula, including the bombing of the MacDonald House. The Confrontation ended when Indonesian President Suharto signed a peace treaty with Kuala Lumpur on 11 August 1966.",""
"18541514","Indonesian-Malaysian Confrontation, 1963-1966","_Historical_Events","Source","","Singapore Infopedia: The Indonesian-Malaysian Confrontation (http://eresources.nlb.gov.sg/infopedia/articles/SIP_1072_2010-03-25.html)",""
"18541514","Indonesian-Malaysian Confrontation, 1963-1966","_Historical_Events","Locality","","Malaysia | Singapore | Brunei",""
"18541514","Indonesian-Malaysian Confrontation, 1963-1966","_Historical_Events","Year Started","","1963",""
"18541514","Indonesian-Malaysian Confrontation, 1963-1966","_Historical_Events","Year End","","1966",""
"18541514","Indonesian-Malaysian Confrontation, 1963-1966","_Historical_Events","Wikipedia URI","","http://en.wikipedia.org/wiki/Indonesia-Malaysia_confrontation",""
"18541514","Indonesian-Malaysian Confrontation, 1963-1966","_Historical_Events","DBpedia URI","","http://dbpedia.org/resource/Indonesia-Malaysia_confrontation",""
"18541514","Indonesian-Malaysian Confrontation, 1963-1966","_Historical_Events","Image Link","","http://www.nas.gov.sg/archivesonline/photographs/record-details/621036f9-1162-11e3-83d5-0050568939ad | http://www.nas.gov.sg/archivesonline/photographs/record-details/601e3209-1162-11e3-83d5-0050568939ad |http://www.nas.gov.sg/archivesonline/photographs/record-details/5f6007ca-1162-11e3-83d5-0050568939ad | http://www.nas.gov.sg/archivesonline/photographs/record-details/5f5d5aa7-1162-11e3-83d5-0050568939ad",""
"18541514","Indonesian-Malaysian Confrontation, 1963-1966","_Historical_Events","UF","18541515","Konfrontasi, 1963–1966","_Historical_Events"
"18549500","Influenza A (H1N1-2009) Outbreak","_Historical_Events","Use","18545313","H1N1 Influenza Pandemic, Singapore, 2009","_Historical_Events"
"18549498","Japanese Encephalitis Outbreak","_Historical_Events","Use","18545312","Japanese Encephalitis Outbreak, Singapore, 1999","_Historical_Events"
"18545312","Japanese Encephalitis Outbreak, Singapore, 1999","_Historical_Events","Category","","Epidemics and outbreaks",""
"18545312","Japanese Encephalitis Outbreak, Singapore, 1999","_Historical_Events","Topic","","Japanese B encephalitis--Singapore | Epidemics--Singapore",""
"18545312","Japanese Encephalitis Outbreak, Singapore, 1999","_Historical_Events","Description","","In November 1998, there was a Japanese Encephalitis (JE) virus outbreak in Malaysia. On 19 March 1999, an abattoir worker in Singapore became the first victim to what was thought to be the JE virus but was later confirmed to be Nipah virus. The virus outbreak badly damaged the pork sales in both Singapore and Malaysia.",""
"18545312","Japanese Encephalitis Outbreak, Singapore, 1999","_Historical_Events","Source","","Infopedia: Japanese Encephalitis outbreak (1999) (http://eresources.nlb.gov.sg/infopedia/articles/SIP_744_2004-12-31.html)",""
"18545312","Japanese Encephalitis Outbreak, Singapore, 1999","_Historical_Events","Locality","","Tan Tock Seng Hospital",""
"18545312","Japanese Encephalitis Outbreak, Singapore, 1999","_Historical_Events","Year Started","","1999",""
"18545312","Japanese Encephalitis Outbreak, Singapore, 1999","_Historical_Events","Year End","","1999",""
"18545312","Japanese Encephalitis Outbreak, Singapore, 1999","_Historical_Events","UF","18549498","Japanese Encephalitis Outbreak","_Historical_Events"
"18545312","Japanese Encephalitis Outbreak, Singapore, 1999","_Historical_Events","UF","18549499","JE Virus Outbreak","_Historical_Events"
"18549502","Japanese Surrender","_Historical_Events","Use","18545337","Surrender of Japan, 1945","_Historical_Events"
"18549499","JE Virus Outbreak","_Historical_Events","Use","18545312","Japanese Encephalitis Outbreak, Singapore, 1999","_Historical_Events"
"18549421","Jemaah Islamiyah Bomb Plot","_Historical_Events","Use","18540288","Jemaah Islamiyah Bomb Plot, Singapore, 2001-2002","_Historical_Events"
"18540288","Jemaah Islamiyah Bomb Plot, Singapore, 2001-2002","_Historical_Events","Category","","Political events",""
"18540288","Jemaah Islamiyah Bomb Plot, Singapore, 2001-2002","_Historical_Events","Topic","","Bomb threats--Singapore | Terrorism--Religious aspects--Islam",""
"18540288","Jemaah Islamiyah Bomb Plot, Singapore, 2001-2002","_Historical_Events","Description","","Some Singapore members of a regional Islamic militant group known as Jemaah Islamiyah or JI, planned a bomb attack on specific targets in Singapore scheduled in December 2001/January 2002 or April/May 2002. The targets included the United States and Israeli embassies, the Australian and British high commissions, Sembawang Wharf and Changi Naval Base. Singapore's Internal Security Department (ISD) thwarted the plan when it arrested the people who were involved in the plot in December 2001 and August 2002.",""
"18540288","Jemaah Islamiyah Bomb Plot, Singapore, 2001-2002","_Historical_Events","Source","","Singapore Infopedia: Jemaah Islamiyah’s bomb plot against diplomatic missions in Singapore, 2001/2002 (http://eresources.nlb.gov.sg/infopedia/articles/SIP_1411_2009-01-20.html)",""
"18540288","Jemaah Islamiyah Bomb Plot, Singapore, 2001-2002","_Historical_Events","Locality","","Singapore",""
"18540288","Jemaah Islamiyah Bomb Plot, Singapore, 2001-2002","_Historical_Events","Year Started","","2001",""
"18540288","Jemaah Islamiyah Bomb Plot, Singapore, 2001-2002","_Historical_Events","Year End","","2002",""
"18540288","Jemaah Islamiyah Bomb Plot, Singapore, 2001-2002","_Historical_Events","Wikipedia URI","","http://en.wikipedia.org/wiki/Singapore_embassies_attack_plot",""
"18540288","Jemaah Islamiyah Bomb Plot, Singapore, 2001-2002","_Historical_Events","DBpedia URI","","http://dbpedia.org/resource/Singapore_embassies_attack_plot",""
"18540288","Jemaah Islamiyah Bomb Plot, Singapore, 2001-2002","_Historical_Events","UF","18549421","Jemaah Islamiyah Bomb Plot","_Historical_Events"
"18549484","Keep Public Toilets Clean Campaign","_Historical_Events","Use","18545260","Keep Public Toilets Clean Campaign, Singapore, 1983-","_Historical_Events"
"18545260","Keep Public Toilets Clean Campaign, Singapore, 1983-","_Historical_Events","Category","","National campaigns | Singapore's first",""
"18545260","Keep Public Toilets Clean Campaign, Singapore, 1983-","_Historical_Events","Topic","","Toilets--Cleaning--Singapore",""
"18545260","Keep Public Toilets Clean Campaign, Singapore, 1983-","_Historical_Events","Description","","In July 1983, the Ministry of the Environment launched a new campaign Keep Public Toilets Clean, to encourage good public toilet manners among Singaporeans. The campaign was publicised through the mass media, as well as educational talks and exhibitions in schools and community centres.",""
"18545260","Keep Public Toilets Clean Campaign, Singapore, 1983-","_Historical_Events","Source","","Infopedia: Keep Public Toilets Clean campaigns (http://eresources.nlb.gov.sg/infopedia/articles/SIP_2013-07-03_111136.html)",""
"18545260","Keep Public Toilets Clean Campaign, Singapore, 1983-","_Historical_Events","Year Started","","1983",""
"18545260","Keep Public Toilets Clean Campaign, Singapore, 1983-","_Historical_Events","Image Link","","http://www.nas.gov.sg/archivesonline/posters/record-details/31f59ecd-115c-11e3-83d5-0050568939ad | http://www.nas.gov.sg/archivesonline/posters/record-details/31f5b5db-115c-11e3-83d5-0050568939ad | http://www.nas.gov.sg/archivesonline/posters/record-details/322d792e-115c-11e3-83d5-0050568939ad | http://www.nas.gov.sg/archivesonline/posters/record-details/32bca7bd-115c-11e3-83d5-0050568939ad",""
"18545260","Keep Public Toilets Clean Campaign, Singapore, 1983-","_Historical_Events","UF","18549484","Keep Public Toilets Clean Campaign","_Historical_Events"
"18549422","Keep Singapore Clean Campaign","_Historical_Events","Use","18540159","Keep Singapore Clean Campaign, 1968-1990","_Historical_Events"
"18540159","Keep Singapore Clean Campaign, 1968-1990","_Historical_Events","Category","","National campaigns | Singapore's first",""
"18540159","Keep Singapore Clean Campaign, 1968-1990","_Historical_Events","Topic","","Litter (Trash)--Singapore | Environmental policy--Singapore",""
"18540159","Keep Singapore Clean Campaign, 1968-1990","_Historical_Events","Description","","Campaign. National campaign launched on 1 October 1968 by then Prime Minister Lee Kuan Yew. The aim of the one month campaign was to stop littering and transform Singapore into a clean and green city. Campaign activities included public education and awareness through posters and the media to keep public places clean. Fines were introduced for litterbugs and the importance of public hygiene was emphasised. The annual campaign merged with the Garden City campaign in 1990 to form the Clean and Green Week.",""
"18540159","Keep Singapore Clean Campaign, 1968-1990","_Historical_Events","Source","","Singapore Infopedia: Keep Singapore Clean campaign (http://eresources.nlb.gov.sg/infopedia/articles/SIP_1160_2008-12-05.html)",""
"18540159","Keep Singapore Clean Campaign, 1968-1990","_Historical_Events","Locality","","Singapore Conference Hall",""
"18540159","Keep Singapore Clean Campaign, 1968-1990","_Historical_Events","Year Started","","1968",""
"18540159","Keep Singapore Clean Campaign, 1968-1990","_Historical_Events","Year End","","1990",""
"18540159","Keep Singapore Clean Campaign, 1968-1990","_Historical_Events","Image Link","","http://www.nas.gov.sg/archivesonline/photographs/record-details/9fa59527-1162-11e3-83d5-0050568939ad | http://www.nas.gov.sg/archivesonline/photographs/record-details/9fa5bd74-1162-11e3-83d5-0050568939ad | http://www.nas.gov.sg/archivesonline/photographs/record-details/9fb23a72-1162-11e3-83d5-0050568939ad | http://www.nas.gov.sg/archivesonline/photographs/record-details/9fa5aaee-1162-11e3-83d5-0050568939ad",""
"18540159","Keep Singapore Clean Campaign, 1968-1990","_Historical_Events","UF","18549422","Keep Singapore Clean Campaign","_Historical_Events"
"18541515","Konfrontasi, 1963–1966","_Historical_Events","Use","18541514","Indonesian-Malaysian Confrontation, 1963-1966","_Historical_Events"
"18549473","Kreta Ayer Incident","_Historical_Events","Use","18545009","Kreta Ayer Incident, Singapore, 1927","_Historical_Events"
"18545009","Kreta Ayer Incident, Singapore, 1927","_Historical_Events","Category","","Civil disorders",""
"18545009","Kreta Ayer Incident, Singapore, 1927","_Historical_Events","Topic","","Riots--Singapore",""
"18545009","Kreta Ayer Incident, Singapore, 1927","_Historical_Events","Description","","On 12 March 1927, there was a clash in the Kreta Ayer neighbourhood between police and largely Hainanese Kuomingtang supporters. A memorial service at Happy Valley held on the occasion of Sun Yat Sen's second death anniversary was followed by a procession of Chinese, mainly young Hainanese Kuomingtang supporters. It soon resulted into a violent confrontation with the police firing shots, killing six. Thereafter, incendiary reports by the Chinese led to more riots until late May 1927. The Chinese media referred this event as the Incident of National Memorial Day.",""
"18545009","Kreta Ayer Incident, Singapore, 1927","_Historical_Events","Source","","Infopedia: Kreta Ayer incident (http://eresources.nlb.gov.sg/infopedia/articles/SIP_95_2005-01-06.html)",""
"18545009","Kreta Ayer Incident, Singapore, 1927","_Historical_Events","Locality","","Kreta Ayer (Singapore)",""
"18545009","Kreta Ayer Incident, Singapore, 1927","_Historical_Events","Year Started","","1927",""
"18545009","Kreta Ayer Incident, Singapore, 1927","_Historical_Events","Year End","","1927",""
"18545009","Kreta Ayer Incident, Singapore, 1927","_Historical_Events","Wikidata URI","","http://www.wikidata.org/entity/Q28418025",""
"18545009","Kreta Ayer Incident, Singapore, 1927","_Historical_Events","UF","18545010","Incident of National Memorial Day, Singapore, 1927","_Historical_Events"
"18545009","Kreta Ayer Incident, Singapore, 1927","_Historical_Events","UF","18549473","Kreta Ayer Incident","_Historical_Events"
"18549383","Laju Hijacking","_Historical_Events","Use","18540287","Laju Hijacking Incident, Pulau Bukom, Singapore, 1974","_Historical_Events"
"18540287","Laju Hijacking Incident, Pulau Bukom, Singapore, 1974","_Historical_Events","Category","","Political events",""
"18540287","Laju Hijacking Incident, Pulau Bukom, Singapore, 1974","_Historical_Events","Topic","","Hijacking of ships--Singapore",""
"18540287","Laju Hijacking Incident, Pulau Bukom, Singapore, 1974","_Historical_Events","Description","","Political Event. Four men attacked the Shell Oil Refinery on Pulau Bukom Besar on 31 January 1974. They hijacked the ferryboat Laju at the Bukom jetty and held the crew members as hostages after their failed attempt to blow up the oil tanks. The hijackers agreed to release the hostages in exchange for a party of guarantors to ensure their safe passage out of Singapore. They were taken to Paya Lebar Airport on 7 February, boarded a specially-arranged Japan Airlines (JAL) aircraft and left for Kuwait on 8 February.",""
"18540287","Laju Hijacking Incident, Pulau Bukom, Singapore, 1974","_Historical_Events","Source","","Singapore Infopedia: Laju hijacking (http://eresources.nlb.gov.sg/infopedia/articles/SIP_1372_2009-01-15.html) | HistorySG: S R Nathan is Elected President of Singapore - 18th Aug 1999 (http://eresources.nlb.gov.sg/history/events/49f37f8f-7a78-4e1f-90cc-d16b5f89ab97)",""
"18540287","Laju Hijacking Incident, Pulau Bukom, Singapore, 1974","_Historical_Events","Locality","","Pulau Bukom",""
"18540287","Laju Hijacking Incident, Pulau Bukom, Singapore, 1974","_Historical_Events","Year Started","","1974",""
"18540287","Laju Hijacking Incident, Pulau Bukom, Singapore, 1974","_Historical_Events","Year End","","1974",""
"18540287","Laju Hijacking Incident, Pulau Bukom, Singapore, 1974","_Historical_Events","Wikipedia URI","","http://en.wikipedia.org/wiki/Laju_incident",""
"18540287","Laju Hijacking Incident, Pulau Bukom, Singapore, 1974","_Historical_Events","DBpedia URI","","http://dbpedia.org/resource/Laju_incident",""
"18540287","Laju Hijacking Incident, Pulau Bukom, Singapore, 1974","_Historical_Events","UF","18549383","Laju Hijacking","_Historical_Events"
"18540287","Laju Hijacking Incident, Pulau Bukom, Singapore, 1974","_Historical_Events","UF","18549384","Laju Incident","_Historical_Events"
"18549384","Laju Incident","_Historical_Events","Use","18540287","Laju Hijacking Incident, Pulau Bukom, Singapore, 1974","_Historical_Events"
"18541517","Legislative Council general election of Singapore, 1948","_Historical_Events","Category","","Political events",""
"18541517","Legislative Council general election of Singapore, 1948","_Historical_Events","Topic","","Elections--Singapore",""
"18541517","Legislative Council general election of Singapore, 1948","_Historical_Events","Description","","Political Event. An election was held to elect six members to the Legislative Council on 20 March 1948. The Singapore Progressive Party (SPP) was the only party to contest. Lawyers John Laycock, C. C. Tan and N.A. Mallal, founders of the SPP won three of the six seats contested while the remaining seats went to independent candidates. Only less than 13 per cent of the eligible electorate voted for the election.",""
"18541517","Legislative Council general election of Singapore, 1948","_Historical_Events","Source","","Singapore Infopedia: History of General Elections in Singapore (http://eresources.nlb.gov.sg/infopedia/articles/SIP_549_2004-12-28.html) | Singapore Infopedia: Singapore Progressive Party (http://eresources.nlb.gov.sg/infopedia/articles/SIP_1150_2008-11-30.html)",""
"18541517","Legislative Council general election of Singapore, 1948","_Historical_Events","Locality","","Singapore",""
"18541517","Legislative Council general election of Singapore, 1948","_Historical_Events","Year Started","","1948",""
"18541517","Legislative Council general election of Singapore, 1948","_Historical_Events","Year End","","1948",""
"18541517","Legislative Council general election of Singapore, 1948","_Historical_Events","Wikipedia URI","","http://en.wikipedia.org/wiki/Singaporean_general_election,_1948",""
"18541517","Legislative Council general election of Singapore, 1948","_Historical_Events","DBpedia URI","","http://dbpedia.org/resource/Singaporean_general_election,_1948",""
"18549386","Luso-Dutch Battle of Changi","_Historical_Events","Use","18541513","Luso-Dutch Battle of Changi, 1603","_Historical_Events"
"18541513","Luso-Dutch Battle of Changi, 1603","_Historical_Events","Category","","Wars",""
"18541513","Luso-Dutch Battle of Changi, 1603","_Historical_Events","Topic","","Singapore--History, Naval--17th century | Naval battles--Singapore--History",""
"18541513","Luso-Dutch Battle of Changi, 1603","_Historical_Events","Description","","Battle. The naval standoffs between the Portuguese and the Dutch began in October 1603 when the Dutch captured the Portuguese carrack Santa Catarina at the mouth of the Johor River, off Changi Point, on February 1603.",""
"18541513","Luso-Dutch Battle of Changi, 1603","_Historical_Events","Source","","Singapore: the Encyclopedia (2006) (ISBN: 9814155632) | HistorySG: The 1603 Naval Battle of Changi (http://eresources.nlb.gov.sg/history/events/7a818ab0-2fec-4fe0-8cdc-9847e354c876)",""
"18541513","Luso-Dutch Battle of Changi, 1603","_Historical_Events","Locality","","Johor River | Singapore Strait",""
"18541513","Luso-Dutch Battle of Changi, 1603","_Historical_Events","Year Started","","1603",""
"18541513","Luso-Dutch Battle of Changi, 1603","_Historical_Events","Year End","","1603",""
"18541513","Luso-Dutch Battle of Changi, 1603","_Historical_Events","UF","18549386","Luso-Dutch Battle of Changi","_Historical_Events"
"18541513","Luso-Dutch Battle of Changi, 1603","_Historical_Events","UF","18549385","Naval Battle of Changi","_Historical_Events"
"18549389","MacDonald House Bomb Explosion","_Historical_Events","Use","18540286","MacDonald House Bombing, Singapore, 1965","_Historical_Events"
"18549388","MacDonald House Bombing","_Historical_Events","Use","18540286","MacDonald House Bombing, Singapore, 1965","_Historical_Events"
"18540286","MacDonald House Bombing, Singapore, 1965","_Historical_Events","Category","","Civil disorders",""
"18540286","MacDonald House Bombing, Singapore, 1965","_Historical_Events","Topic","","Bombings--Singapore",""
"18540286","MacDonald House Bombing, Singapore, 1965","_Historical_Events","Description","","Political event . A bomb went off in the Hongkong and Shanghai Bank Building known as MacDonald House at 3.07 p.m. on 10 March 1965, killing 3 people and injuring 33 others. This event known as the 'MacDonald House Bombing'. The bombing happened during the period of Indonesia's policy of Confrontation, whereby the Indonesian government opposed the formation of the Federation of Malaysia in 1963. Police had arrested two Indonesian marines and convicted of murder. They were hanged on 17 October 1968.",""
"18540286","MacDonald House Bombing, Singapore, 1965","_Historical_Events","Source","","Singapore Infopedia: MacDonald House bomb explosion (http://eresources.nlb.gov.sg/infopedia/articles/SIP_62_2004-12-17.html)",""
"18540286","MacDonald House Bombing, Singapore, 1965","_Historical_Events","Locality","","MacDonald House",""
"18540286","MacDonald House Bombing, Singapore, 1965","_Historical_Events","Year Started","","1965",""
"18540286","MacDonald House Bombing, Singapore, 1965","_Historical_Events","Year End","","1965",""
"18540286","MacDonald House Bombing, Singapore, 1965","_Historical_Events","Wikipedia URI","","http://en.wikipedia.org/wiki/MacDonald_House_bombing",""
"18540286","MacDonald House Bombing, Singapore, 1965","_Historical_Events","DBpedia URI","","http://dbpedia.org/resource/MacDonald_House_bombing",""
"18540286","MacDonald House Bombing, Singapore, 1965","_Historical_Events","Image Link","","http://www.nas.gov.sg/archivesonline/photographs/record-details/61d52215-1162-11e3-83d5-0050568939ad | http://www.nas.gov.sg/archivesonline/photographs/record-details/61e6eecd-1162-11e3-83d5-0050568939ad | http://www.nas.gov.sg/archivesonline/photographs/record-details/61d55ecf-1162-11e3-83d5-0050568939ad | http://www.nas.gov.sg/archivesonline/photographs/record-details/61d53517-1162-11e3-83d5-0050568939ad",""
"18540286","MacDonald House Bombing, Singapore, 1965","_Historical_Events","UF","18549389","MacDonald House Bomb Explosion","_Historical_Events"
"18540286","MacDonald House Bombing, Singapore, 1965","_Historical_Events","UF","18549388","MacDonald House Bombing","_Historical_Events"
"18549474","Malayan Campaign","_Historical_Events","Use","18545023","Malayan Campaign, British Malaya, 1941-1942","_Historical_Events"
"18545023","Malayan Campaign, British Malaya, 1941-1942","_Historical_Events","Category","","Wars",""
"18545023","Malayan Campaign, British Malaya, 1941-1942","_Historical_Events","Topic","","World War, 1939-1945--Campaigns--Malay Peninsula",""
"18545023","Malayan Campaign, British Malaya, 1941-1942","_Historical_Events","Description","","The Malayan Campaign was made up of a series of battles fought in Malaya between Allied (mainly British Commonwealth) and Axis (primarily Japanese) forces. The campaign began on 8 December 1941 when Japanese troops invaded Singora and Patani in southern Thailand, and Kota Bharu in northern Malaya. The campaign ended on 31 January 1942 with the Japanese forces conquered the Malay Peninsula.",""
"18545023","Malayan Campaign, British Malaya, 1941-1942","_Historical_Events","Source","","Infopedia: Malayan Campaign (http://eresources.nlb.gov.sg/infopedia/articles/SIP_2013-07-19_162143.html)",""
"18545023","Malayan Campaign, British Malaya, 1941-1942","_Historical_Events","Locality","","Singora (southern Thailand) | Patani (southern Thailand) | Kota Bharu",""
"18545023","Malayan Campaign, British Malaya, 1941-1942","_Historical_Events","Year Started","","1941",""
"18545023","Malayan Campaign, British Malaya, 1941-1942","_Historical_Events","Year End","","1942",""
"18545023","Malayan Campaign, British Malaya, 1941-1942","_Historical_Events","Wikipedia URI","","http://en.wikipedia.org/wiki/Malayan_Campaign",""
"18545023","Malayan Campaign, British Malaya, 1941-1942","_Historical_Events","DBpedia URI","","http://dbpedia.org/resource/Malayan_Campaign",""
"18545023","Malayan Campaign, British Malaya, 1941-1942","_Historical_Events","Image Link","","http://www.nas.gov.sg/archivesonline/photographs/record-details/96ff6714-1162-11e3-83d5-0050568939ad | http://www.nas.gov.sg/archivesonline/photographs/record-details/976b9bae-1162-11e3-83d5-0050568939ad | http://www.nas.gov.sg/archivesonline/photographs/record-details/071b1094-1162-11e3-83d5-0050568939ad",""
"18545023","Malayan Campaign, British Malaya, 1941-1942","_Historical_Events","UF","18549474","Malayan Campaign","_Historical_Events"
"18549387","Maria Hertogh Riots","_Historical_Events","Use","18540294","Maria Hertogh Riots, Singapore, 1950","_Historical_Events"
"18540294","Maria Hertogh Riots, Singapore, 1950","_Historical_Events","Category","","Civil disorders",""
"18540294","Maria Hertogh Riots, Singapore, 1950","_Historical_Events","Topic","","Riots--Singapore",""
"18540294","Maria Hertogh Riots, Singapore, 1950","_Historical_Events","Description","","Riot. It was sparked by the custody battle between Maria Hertogh's adoptive Malay family and her Eurasian parents on 11 December 1950. The Judge dismissed the appeal and custody was given to her biological mother, Adeline Hunter. The Malays and Indian Muslims felt that the colonial laws were prejudiced against Muslims, and attacked any European and Eurasian in sight during three days of riot.",""
"18540294","Maria Hertogh Riots, Singapore, 1950","_Historical_Events","Source","","Singapore Infopedia: Maria Hertogh Riots (http://eresources.nlb.gov.sg/infopedia/articles/SIP_83_2005-02-02.html)",""
"18540294","Maria Hertogh Riots, Singapore, 1950","_Historical_Events","Locality","","Padang (Singapore)",""
"18540294","Maria Hertogh Riots, Singapore, 1950","_Historical_Events","Year Started","","1950",""
"18540294","Maria Hertogh Riots, Singapore, 1950","_Historical_Events","Year End","","1950",""
"18540294","Maria Hertogh Riots, Singapore, 1950","_Historical_Events","Wikipedia URI","","http://en.wikipedia.org/wiki/Maria_Hertogh_riots",""
"18540294","Maria Hertogh Riots, Singapore, 1950","_Historical_Events","DBpedia URI","","http://dbpedia.org/resource/Maria_Hertogh_riots",""
"18540294","Maria Hertogh Riots, Singapore, 1950","_Historical_Events","Image Link","","http://www.nas.gov.sg/archivesonline/photographs/record-details/b0fd4a2f-1161-11e3-83d5-0050568939ad | http://www.nas.gov.sg/archivesonline/photographs/record-details/b0ec87a5-1161-11e3-83d5-0050568939ad | http://www.nas.gov.sg/archivesonline/photographs/record-details/b0ec9e42-1161-11e3-83d5-0050568939ad | http://www.nas.gov.sg/archivesonline/photographs/record-details/b0ecc366-1161-11e3-83d5-0050568939ad",""
"18540294","Maria Hertogh Riots, Singapore, 1950","_Historical_Events","UF","18549387","Maria Hertogh Riots","_Historical_Events"
"20609058","Marxist Conspiracy, 1987","_Historical_Events","Category","","Political events",""
"20609058","Marxist Conspiracy, 1987","_Historical_Events","Topic","","Subversive activities--Singapore",""
"20609058","Marxist Conspiracy, 1987","_Historical_Events","Description","","In May 1987, the Ministry of Home Affairs arrested 16 people under the Internal Security Act (ISA). The group was a mix of church workers, social workers, graduates and professionals who were arrested and accused of being part of a “Marxist conspiracy” to topple the government. Their intention was to “subvert Singapore’s political and social order using communist united front tactics”.",""
"20609058","Marxist Conspiracy, 1987","_Historical_Events","Source","","Singapore Infopedia: Marxist conspiracy (https://www.nlb.gov.sg/main/article-detail?cmsuuid=9dbd8046-cf53-44f1-b6c0-59169e5a82c8) Retrieved 20 Mar 2025. | Wikipedia: Operation Spectrum (https://en.wikipedia.org/wiki/Operation_Spectrum) Retrieved 20 Mar 2025.",""
"20609058","Marxist Conspiracy, 1987","_Historical_Events","Locality","","Singapore",""
"20609058","Marxist Conspiracy, 1987","_Historical_Events","Year Started","","1987",""
"20609058","Marxist Conspiracy, 1987","_Historical_Events","Year End","","1987",""
"20609058","Marxist Conspiracy, 1987","_Historical_Events","Wikipedia URI","","https://en.wikipedia.org/wiki/Operation_Spectrum",""
"20609058","Marxist Conspiracy, 1987","_Historical_Events","DBpedia URI","","https://dbpedia.org/resource/Operation_Spectrum",""
"20609058","Marxist Conspiracy, 1987","_Historical_Events","Wikidata URI","","http://www.wikidata.org/entity/Q7097570",""
"20609058","Marxist Conspiracy, 1987","_Historical_Events","UF","20609059","Operation Spectrum","_Historical_Events"
"18549496","Mental Health Programme","_Historical_Events","Use","18545310","Mental Health Programme, Singapore, 1993-","_Historical_Events"
"18545310","Mental Health Programme, Singapore, 1993-","_Historical_Events","Category","","National campaigns | Singapore's first",""
"18545310","Mental Health Programme, Singapore, 1993-","_Historical_Events","Topic","","Mental health promotion--Singapore",""
"18545310","Mental Health Programme, Singapore, 1993-","_Historical_Events","Description","","The Mental Health Programme (MHP) was launched by the Ministry of Health on 7 February 1993. It aims to increase mental health awareness and promote good mental health in the population. The programme also helps to remove the traditional prejudices associated with seeking help from psychologists or psychiatrists, and provide means for early detection and treatment.",""
"18545310","Mental Health Programme, Singapore, 1993-","_Historical_Events","Source","","Infopedia: Mental Health Programme (http://eresources.nlb.gov.sg/infopedia/articles/SIP_394_2004-12-23.html)",""
"18545310","Mental Health Programme, Singapore, 1993-","_Historical_Events","Year Started","","1993",""
"18545310","Mental Health Programme, Singapore, 1993-","_Historical_Events","Image Link","","http://www.nas.gov.sg/archivesonline/posters/record-details/b68e3945-2ea4-11e4-859c-0050568939ad",""
"18545310","Mental Health Programme, Singapore, 1993-","_Historical_Events","UF","18549496","Mental Health Programme","_Historical_Events"
"18545310","Mental Health Programme, Singapore, 1993-","_Historical_Events","UF","18545311","MHP","_Historical_Events"
"18549423","Merdeka Talks","_Historical_Events","Use","18541516","Merdeka Talks, London, 1956-1958","_Historical_Events"
"18541516","Merdeka Talks, London, 1956-1958","_Historical_Events","Category","","Political events",""
"18541516","Merdeka Talks, London, 1956-1958","_Historical_Events","Topic","","Singapore--Politics and government--1945-1963",""
"18541516","Merdeka Talks, London, 1956-1958","_Historical_Events","Description","","Political event. Chief Minister David Marshall led a 13-man delegation to hold constitutional talks with the British for full internal self-government in April 1956. The subsequent negotiations became known as the 'Merdeka Talks'. The British Parliament passed the State of Singapore Act on 1 August 1958. The People's Action Party became Singapore's first self-governing administration in 1959, with Lee Kuan Yew as Singapore's first prime minister.",""
"18541516","Merdeka Talks, London, 1956-1958","_Historical_Events","Source","","Singapore: the Encyclopedia (2006) (ISBN: 9814155632) | HistorySG: Merdeka Talks - First all-party mission to London is held (http://eresources.nlb.gov.sg/history/events/2ad60dc7-937d-4012-bd43-01c7bc0b28fd)",""
"18541516","Merdeka Talks, London, 1956-1958","_Historical_Events","Locality","","London",""
"18541516","Merdeka Talks, London, 1956-1958","_Historical_Events","Year Started","","1956",""
"18541516","Merdeka Talks, London, 1956-1958","_Historical_Events","Year End","","1958",""
"18541516","Merdeka Talks, London, 1956-1958","_Historical_Events","UF","18549423","Merdeka Talks","_Historical_Events"
"18545311","MHP","_Historical_Events","Use","18545310","Mental Health Programme, Singapore, 1993-","_Historical_Events"
"18545265","Minimise Cash Transactions Campaign, Singapore, 1985-1987","_Historical_Events","Category","","National campaigns | Singapore's first",""
"18545265","Minimise Cash Transactions Campaign, Singapore, 1985-1987","_Historical_Events","Topic","","Cash transactions--Singapore",""
"18545265","Minimise Cash Transactions Campaign, Singapore, 1985-1987","_Historical_Events","Description","","On 14 March 1985, the government launched the National Campaign to Minimise Cash Transactions to encourage Singaporeans to carry out their transactions electronically. The government hoped to make cashless transactions a way of life for Singaporeans by 1987. The campaign aimed to urge Singaporeans to receive their pay through direct credit to the bank, to encourage them to pay their bills electronically via General Interbank Recurring Order (GIRO), and also to promote payments through the Electronic Funds Transfer at Point of Sale system (EFTPOS).",""
"18545265","Minimise Cash Transactions Campaign, Singapore, 1985-1987","_Historical_Events","Source","","Infopedia: The National Campaign to Minimize Cash Transactions (http://eresources.nlb.gov.sg/infopedia/articles/SIP_1075_2008-12-06.html)",""
"18545265","Minimise Cash Transactions Campaign, Singapore, 1985-1987","_Historical_Events","Locality","","Singapore Conference Hall",""
"18545265","Minimise Cash Transactions Campaign, Singapore, 1985-1987","_Historical_Events","Year Started","","1985",""
"18545265","Minimise Cash Transactions Campaign, Singapore, 1985-1987","_Historical_Events","Year End","","1987",""
"18545265","Minimise Cash Transactions Campaign, Singapore, 1985-1987","_Historical_Events","Image Link","","http://www.nas.gov.sg/archivesonline/photographs/record-details/f13970a7-1161-11e3-83d5-0050568939ad | http://www.nas.gov.sg/archivesonline/photographs/record-details/41c679c0-1162-11e3-83d5-0050568939ad |",""
"18545265","Minimise Cash Transactions Campaign, Singapore, 1985-1987","_Historical_Events","UF","18549485","National Campaign to Minimise Cash Transactions","_Historical_Events"
"18545287","MRT Accident, Singapore, 1993","_Historical_Events","Category","","Accidents | Singapore's first",""
"18545287","MRT Accident, Singapore, 1993","_Historical_Events","Topic","","Transportation accidents--Singapore",""
"18545287","MRT Accident, Singapore, 1993","_Historical_Events","Description","","On 5 August 1993, two trains collided at the Clementi Station. This was the first major accident on the Mass Rapid Transit (MRT) system since it started operation in 1987. The collision injured 156 commuters.",""
"18545287","MRT Accident, Singapore, 1993","_Historical_Events","Source","","Infopedia: First MRT accident (http://eresources.nlb.gov.sg/infopedia/articles/SIP_814_2004-12-31.html)",""
"18545287","MRT Accident, Singapore, 1993","_Historical_Events","Locality","","Clementi MRT station",""
"18545287","MRT Accident, Singapore, 1993","_Historical_Events","Year Started","","1993",""
"18545287","MRT Accident, Singapore, 1993","_Historical_Events","Year End","","1993",""
"18545287","MRT Accident, Singapore, 1993","_Historical_Events","UF","18549494","First MRT Accident","_Historical_Events"
"18540262","Mutiny of the 5th Native Light Infantry, Singapore, 1915","_Historical_Events","Use","18540259","1915 Singapore Mutiny","_Historical_Events"
"18549485","National Campaign to Minimise Cash Transactions","_Historical_Events","Use","18545265","Minimise Cash Transactions Campaign, Singapore, 1985-1987","_Historical_Events"
"18549424","National Courtesy Campaign","_Historical_Events","Use","18540161","National Courtesy Campaign, Singapore, 1979-2001","_Historical_Events"
"18540161","National Courtesy Campaign, Singapore, 1979-2001","_Historical_Events","Category","","National campaigns",""
"18540161","National Courtesy Campaign, Singapore, 1979-2001","_Historical_Events","Topic","","Courtesy--Singapore | Etiquette--Singapore",""
"18540161","National Courtesy Campaign, Singapore, 1979-2001","_Historical_Events","Description","","Campaign. Initiated by the Singapore Tourist Promotion Board in 1978 and launched on 1 June 1979 by then Prime Minister Lee Kuan Yew. The aim of the annual campaign was to create considerate Singaporeans. People were encouraged to be courteous through media activities and programmes and through competitions and awards. On 1 March 2001, the National Courtesy Campaign was absorbed by the Singapore Kindness Movement.",""
"18540161","National Courtesy Campaign, Singapore, 1979-2001","_Historical_Events","Source","","Singapore Infopedia: National Courtesy Campaign (http://eresources.nlb.gov.sg/infopedia/articles/SIP_162_2004-12-30.html)",""
"18540161","National Courtesy Campaign, Singapore, 1979-2001","_Historical_Events","Locality","","Singapore Conference Hall",""
"18540161","National Courtesy Campaign, Singapore, 1979-2001","_Historical_Events","Year Started","","1979",""
"18540161","National Courtesy Campaign, Singapore, 1979-2001","_Historical_Events","Year End","","2001",""
"18540161","National Courtesy Campaign, Singapore, 1979-2001","_Historical_Events","Wikipedia URI","","http://en.wikipedia.org/wiki/National_Courtesy_Campaign_(Singapore)",""
"18540161","National Courtesy Campaign, Singapore, 1979-2001","_Historical_Events","DBpedia URI","","http://dbpedia.org/resource/National_Courtesy_Campaign_(Singapore)",""
"18540161","National Courtesy Campaign, Singapore, 1979-2001","_Historical_Events","Image Link","","http://www.nas.gov.sg/archivesonline/photographs/record-details/95edde40-1162-11e3-83d5-0050568939ad | http://www.nas.gov.sg/archivesonline/photographs/record-details/9609ecbe-1162-11e3-83d5-0050568939ad | http://www.nas.gov.sg/archivesonline/posters/record-details/319704ca-115c-11e3-83d5-0050568939ad | http://www.nas.gov.sg/archivesonline/posters/record-details/3184637d-115c-11e3-83d5-0050568939ad",""
"18540161","National Courtesy Campaign, Singapore, 1979-2001","_Historical_Events","UF","18549424","National Courtesy Campaign","_Historical_Events"
"18541994","National Day, Singapore, 1966-","_Historical_Events","Category","","National celebrations",""
"18541994","National Day, Singapore, 1966-","_Historical_Events","Topic","","National Day (Singapore) | Singapore--Anniversaries, etc.",""
"18541994","National Day, Singapore, 1966-","_Historical_Events","Description","","Singapore’s first National Day celebration since independence was held on 9 August 1966. The National Day parade, which is a major highlight, was held in Padang and had since held annually in other location, including the National Stadium and Marina Bay platform.",""
"18541994","National Day, Singapore, 1966-","_Historical_Events","Source","","Singapore Infopedia: First National Day (http://eresources.nlb.gov.sg/infopedia/articles/SIP_524_2004-12-29.html) | Your Singapore: National Day (http://www.yoursingapore.com/content/traveller/en/browse/whats-on/festivals-and-events/national-day.html)",""
"18541994","National Day, Singapore, 1966-","_Historical_Events","Locality","","Padang (Singapore)",""
"18541994","National Day, Singapore, 1966-","_Historical_Events","Year Started","","1966",""
"18541994","National Day, Singapore, 1966-","_Historical_Events","Wikipedia URI","","http://en.wikipedia.org/wiki/National_Day_Parade",""
"18541994","National Day, Singapore, 1966-","_Historical_Events","DBpedia URI","","http://dbpedia.org/resource/National_Day_Parade",""
"18541994","National Day, Singapore, 1966-","_Historical_Events","Image Link","","http://www.nas.gov.sg/archivesonline/photographs/record-details/c5f92d30-1161-11e3-83d5-0050568939ad | http://www.nas.gov.sg/archivesonline/photographs/record-details/c79c9864-1161-11e3-83d5-0050568939ad | http://www.nas.gov.sg/archivesonline/photographs/record-details/2eba173b-1162-11e3-83d5-0050568939ad | http://www.nas.gov.sg/archivesonline/photographs/record-details/c6caf658-1161-11e3-83d5-0050568939ad",""
"18549488","National Healthy Lifestyle Programme","_Historical_Events","Use","18545286","National Healthy Lifestyle Programme, Singapore, 1992-","_Historical_Events"
"18545286","National Healthy Lifestyle Programme, Singapore, 1992-","_Historical_Events","Category","","National campaigns | Singapore's first",""
"18545286","National Healthy Lifestyle Programme, Singapore, 1992-","_Historical_Events","Topic","","Health promotion--Singapore | Physical fitness--Singapore",""
"18545286","National Healthy Lifestyle Programme, Singapore, 1992-","_Historical_Events","Description","","In 1992, the Ministry of Health launched the National Healthy Lifestyle Programme, to help improve the lifestyle of Singaporeans. It is centered on the National Healthy Lifestyle Campaign, which is an annual, month-long campaign. The campaign aims to increase awareness of the importance of a healthy lifestyle among Singaporeans.",""
"18545286","National Healthy Lifestyle Programme, Singapore, 1992-","_Historical_Events","Source","","Infopedia: National Healthy Lifestyle Programme (http://eresources.nlb.gov.sg/infopedia/articles/SIP_339_2005-01-06.html)",""
"18545286","National Healthy Lifestyle Programme, Singapore, 1992-","_Historical_Events","Year Started","","1992",""
"18545286","National Healthy Lifestyle Programme, Singapore, 1992-","_Historical_Events","Wikidata URI","","http://www.wikidata.org/entity/Q111032593",""
"18545286","National Healthy Lifestyle Programme, Singapore, 1992-","_Historical_Events","Image Link","","http://www.nas.gov.sg/archivesonline/posters/record-details/5fd848b4-2da9-11e4-859c-0050568939ad | http://www.nas.gov.sg/archivesonline/posters/record-details/31f45153-115c-11e3-83d5-0050568939ad | http://www.nas.gov.sg/archivesonline/photographs/record-details/0bbca47f-1162-11e3-83d5-0050568939ad | http://www.nas.gov.sg/archivesonline/photographs/record-details/0bce4d3a-1162-11e3-83d5-0050568939ad",""
"18545286","National Healthy Lifestyle Programme, Singapore, 1992-","_Historical_Events","UF","18549488","National Healthy Lifestyle Programme","_Historical_Events"
"18549425","National School Savings Campaign","_Historical_Events","Use","18540160","National School Savings Campaign, Singapore, 1969-","_Historical_Events"
"18540160","National School Savings Campaign, Singapore, 1969-","_Historical_Events","Category","","National campaigns",""
"18540160","National School Savings Campaign, Singapore, 1969-","_Historical_Events","Topic","","Savings accounts--Singapore",""
"18540160","National School Savings Campaign, Singapore, 1969-","_Historical_Events","Description","","Campaign. National campaign started in 1969 in government and government-aided schools in Singapore. The aim of the campaign was to encourage students to be thrifty and to start saving money with the Postal Savings Bank (later known as POSB). The campaign was stopped in 1978. The campaign was launched again in 1983 without any competitions. In 1989, the students savings scheme was renamed as the Student Gift Account Scheme to encourage students to save from primary 1. In 1989, the First Account programme was introduced by POSB to encourage children below the age of five to start a savings account.",""
"18540160","National School Savings Campaign, Singapore, 1969-","_Historical_Events","Source","","Singapore Infopedia: The National School Savings Campaign (http://eresources.nlb.gov.sg/infopedia/articles/SIP_1227_2008-12-06.html)",""
"18540160","National School Savings Campaign, Singapore, 1969-","_Historical_Events","Year Started","","1969",""
"18540160","National School Savings Campaign, Singapore, 1969-","_Historical_Events","Wikidata URI","","http://www.wikidata.org/entity/Q111032595",""
"18540160","National School Savings Campaign, Singapore, 1969-","_Historical_Events","Image Link","","http://www.nas.gov.sg/archivesonline/photographs/record-details/0c494f92-1162-11e3-83d5-0050568939ad | http://www.nas.gov.sg/archivesonline/photographs/record-details/0c5fdb81-1162-11e3-83d5-0050568939ad | http://www.nas.gov.sg/archivesonline/photographs/record-details/0c5ff195-1162-11e3-83d5-0050568939ad | http://www.nas.gov.sg/archivesonline/photographs/record-details/0c6155fe-1162-11e3-83d5-0050568939ad",""
"18540160","National School Savings Campaign, Singapore, 1969-","_Historical_Events","UF","18549425","National School Savings Campaign","_Historical_Events"
"18549503","National Service","_Historical_Events","Use","18545338","National Service, Singapore, 1967-","_Historical_Events"
"18549426","National Service Riots of 1954","_Historical_Events","Use","18540152","National Service Riots, Singapore, 1954","_Historical_Events"
"18540152","National Service Riots, Singapore, 1954","_Historical_Events","Category","","Civil disorders",""
"18540152","National Service Riots, Singapore, 1954","_Historical_Events","Topic","","Riots--Singapore | National service--Singapore",""
"18540152","National Service Riots, Singapore, 1954","_Historical_Events","Description","","Riot. On 13 May 1954, riots erupted when about 500 Chinese students protested against the compulsory conscription under the National Service ordinance of the colonial government in Singapore. Twenty six people were injured and 45 students were arrested. The riots caused the colonial government to postpone its conscription plans.",""
"18540152","National Service Riots, Singapore, 1954","_Historical_Events","Source","","Singapore Infopedia: National Service Riots of 1954 (http://eresources.nlb.gov.sg/infopedia/articles/SIP_1202_2006-07-28.html)",""
"18540152","National Service Riots, Singapore, 1954","_Historical_Events","Locality","","Government House",""
"18540152","National Service Riots, Singapore, 1954","_Historical_Events","Year Started","","1954",""
"18540152","National Service Riots, Singapore, 1954","_Historical_Events","Year End","","1954",""
"18540152","National Service Riots, Singapore, 1954","_Historical_Events","Wikipedia URI","","http://en.wikipedia.org/wiki/1954_National_Service_Riots",""
"18540152","National Service Riots, Singapore, 1954","_Historical_Events","DBpedia URI","","http://dbpedia.org/resource/1954_National_Service_Riots",""
"18540152","National Service Riots, Singapore, 1954","_Historical_Events","UF","18549426","National Service Riots of 1954","_Historical_Events"
"18545338","National Service, Singapore, 1967-","_Historical_Events","Category","","Singapore's first",""
"18545338","National Service, Singapore, 1967-","_Historical_Events","Topic","","National service--Singapore | Singapore--Armed Forces",""
"18545338","National Service, Singapore, 1967-","_Historical_Events","Description","","In March 1967, full-time National Service was introduced in Singapore. After separation from Malaysia in 1965, Singapore needed urgently to build up its own defence. Conscription was considered as the best way to build up a reliable defence force without heavily burdening Singapore's manpower and financial resources.",""
"18545338","National Service, Singapore, 1967-","_Historical_Events","Source","","Infopedia: National Service: Early years (http://eresources.nlb.gov.sg/infopedia/articles/SIP_692_2005-02-01.html)",""
"18545338","National Service, Singapore, 1967-","_Historical_Events","Locality","","Kallang Planning Area | Katong | Serangoon | Bukit Panjang",""
"18545338","National Service, Singapore, 1967-","_Historical_Events","Year Started","","1967",""
"18545338","National Service, Singapore, 1967-","_Historical_Events","Wikipedia URI","","http://en.wikipedia.org/wiki/National_service_in_Singapore",""
"18545338","National Service, Singapore, 1967-","_Historical_Events","Image Link","","http://www.nas.gov.sg/archivesonline/photographs/record-details/2f65b4d1-1162-11e3-83d5-0050568939ad | http://www.nas.gov.sg/archivesonline/photographs/record-details/cb9a7245-1161-11e3-83d5-0050568939ad | http://www.nas.gov.sg/archivesonline/photographs/record-details/a0e05d60-1162-11e3-83d5-0050568939ad | http://www.nas.gov.sg/archivesonline/posters/record-details/308bd65d-115c-11e3-83d5-0050568939ad",""
"18545338","National Service, Singapore, 1967-","_Historical_Events","UF","18549503","National Service","_Historical_Events"
"18545338","National Service, Singapore, 1967-","_Historical_Events","UF","18549504","NS","_Historical_Events"
"18549486","National Smoking Control Programme","_Historical_Events","Use","18545273","National Smoking Control Programme, Singapore, 1986-","_Historical_Events"
"18545273","National Smoking Control Programme, Singapore, 1986-","_Historical_Events","Category","","National campaigns | Singapore's first",""
"18545273","National Smoking Control Programme, Singapore, 1986-","_Historical_Events","Topic","","Smoking cessation--Singapore | Tobacco use--Singapore",""
"18545273","National Smoking Control Programme, Singapore, 1986-","_Historical_Events","Description","","On 1 December 1986, Ministry of Health launched the National Smoking Control Programme. The drive was to make Singapore a nation of non-smokers. The National Smoking Control Campaign, which is part of the programme, was launched on the same day. The campaign is an on-going project, aiming to educate smokers and non-smokers on the dangers of smoking, as well as to help smokers to kick the habit by getting them to seek help.",""
"18545273","National Smoking Control Programme, Singapore, 1986-","_Historical_Events","Source","","Infopedia: National Smoking Control Programme (http://eresources.nlb.gov.sg/infopedia/articles/SIP_373_2004-12-23.html)",""
"18545273","National Smoking Control Programme, Singapore, 1986-","_Historical_Events","Locality","","Public Utilities Board Auditorium",""
"18545273","National Smoking Control Programme, Singapore, 1986-","_Historical_Events","Year Started","","1986",""
"18545273","National Smoking Control Programme, Singapore, 1986-","_Historical_Events","Image Link","","http://www.nas.gov.sg/archivesonline/photographs/record-details/4c61c553-1162-11e3-83d5-0050568939ad | http://www.nas.gov.sg/archivesonline/photographs/record-details/4c61441d-1162-11e3-83d5-0050568939ad | http://www.nas.gov.sg/archivesonline/photographs/record-details/0ec7f276-1162-11e3-83d5-0050568939ad | http://www.nas.gov.sg/archivesonline/photographs/record-details/1706e52d-1162-11e3-83d5-0050568939ad",""
"18545273","National Smoking Control Programme, Singapore, 1986-","_Historical_Events","UF","18549486","National Smoking Control Programme","_Historical_Events"
"18549385","Naval Battle of Changi","_Historical_Events","Use","18541513","Luso-Dutch Battle of Changi, 1603","_Historical_Events"
"18549427","Nicoll Highway Collapse","_Historical_Events","Use","18540173","Nicoll Highway Collapse, Singapore, 2004","_Historical_Events"
"18540173","Nicoll Highway Collapse, Singapore, 2004","_Historical_Events","Category","","Accidents",""
"18540173","Nicoll Highway Collapse, Singapore, 2004","_Historical_Events","Topic","","Nicoll Highway (Singapore) | Industrial accidents--Singapore",""
"18540173","Nicoll Highway Collapse, Singapore, 2004","_Historical_Events","Description","","Accident. A stretch of the Nicoll Highway collapsed on Tuesday 20 April 2004 at about 3.30 pm, after a temporary retaining wall of the tunnel at the Mass Rapid Transit Circle Line at Nicoll Highway gave way. A crisis management centre was immediately set up by the Land Transport Authority while all construction sites and buildings along the Circle Line were inspected by the Building and Construction Authority. The Singapore Civil Defence Force Disaster and Rescue Team carried out rescue operations which ended on 23 April. On 4 December 2004, Nicoll Highway was reopened to road users.",""
"18540173","Nicoll Highway Collapse, Singapore, 2004","_Historical_Events","Source","","Singapore Infopedia: Nicoll Highway collapse (http://eresources.nlb.gov.sg/infopedia/articles/SIP_430_2004-12-17.html)",""
"18540173","Nicoll Highway Collapse, Singapore, 2004","_Historical_Events","Locality","","Nicoll Highway",""
"18540173","Nicoll Highway Collapse, Singapore, 2004","_Historical_Events","Year Started","","2004",""
"18540173","Nicoll Highway Collapse, Singapore, 2004","_Historical_Events","Year End","","2004",""
"18540173","Nicoll Highway Collapse, Singapore, 2004","_Historical_Events","Wikipedia URI","","http://en.wikipedia.org/wiki/Nicoll_Highway_collapse",""
"18540173","Nicoll Highway Collapse, Singapore, 2004","_Historical_Events","DBpedia URI","","http://dbpedia.org/resource/Nicoll_Highway_collapse",""
"18540173","Nicoll Highway Collapse, Singapore, 2004","_Historical_Events","UF","18549427","Nicoll Highway Collapse","_Historical_Events"
"18549504","NS","_Historical_Events","Use","18545338","National Service, Singapore, 1967-","_Historical_Events"
"18549399","Operation Sook Ching","_Historical_Events","Use","18540283","Sook Ching Massacre, Singapore, 1942","_Historical_Events"
"20609059","Operation Spectrum","_Historical_Events","Use","20609058","Marxist Conspiracy, 1987","_Historical_Events"
"18549451","Orapin Global Oil Spill","_Historical_Events","Use","18540258","Orapin Global Oil Spill, Singapore, 1997","_Historical_Events"
"18540258","Orapin Global Oil Spill, Singapore, 1997","_Historical_Events","Category","","Accidents",""
"18540258","Orapin Global Oil Spill, Singapore, 1997","_Historical_Events","Topic","","Oil spills--Singapore | Oil pollution of the sea--Singapore",""
"18540258","Orapin Global Oil Spill, Singapore, 1997","_Historical_Events","Description","","Accident. On the night of 15 October 1997, Thai-registered crude-oil tanker Orapin Global collided with Cyprus-registered tanker Evoikos about 5 km south of the Singapore Port Limit, causing 28,463 tons of oil to be spilled from the Evoikos and seriously affecting the mangrove forests and coral reeves around the Raffles Lighthouse. Operations to contain the massive spill were conducted by the Maritime and Port Authority of Singapore with the help of the Singapore Armed Forces and a six-member Japan Disaster Relief Team sent by the Japanese government. In July 1998, the master of Orapin Global pleaded guilty to charges of negligence and speeding, while the master of Evoikos was found guilty of breach of duty and failure to take action to avoid a collision.",""
"18540258","Orapin Global Oil Spill, Singapore, 1997","_Historical_Events","Source","","Singapore Infopedia: Major oil spills in the Straits of Singapore (http://eresources.nlb.gov.sg/infopedia/articles/SIP_1101_2010-09-06.html)",""
"18540258","Orapin Global Oil Spill, Singapore, 1997","_Historical_Events","Locality","","Raffles Lighthouse | Pulau Bukom | Pulau Pawai | Pulau Sudong",""
"18540258","Orapin Global Oil Spill, Singapore, 1997","_Historical_Events","Year Started","","1997",""
"18540258","Orapin Global Oil Spill, Singapore, 1997","_Historical_Events","Year End","","1997",""
"18540258","Orapin Global Oil Spill, Singapore, 1997","_Historical_Events","UF","18549451","Orapin Global Oil Spill","_Historical_Events"
"18541518","Parliamentary general election of Singapore, 1968","_Historical_Events","Category","","Political events",""
"18541518","Parliamentary general election of Singapore, 1968","_Historical_Events","Topic","","Elections--Singapore",""
"18541518","Parliamentary general election of Singapore, 1968","_Historical_Events","Description","","Political Event. The parliamentary general election was held on 13 April 1968, after Singapore separated from Malaysia. Two main parties, the People's Action Party (PAP) and the Workers' Party and five independent candidates contesting the election. PAP won all 58 seats, forming a single-party Parliament.",""
"18541518","Parliamentary general election of Singapore, 1968","_Historical_Events","Source","","Singapore: the Encyclopedia (2006) (ISBN: 9814155632) | Singapore Infopedia: History of General Elections in Singapore (http://eresources.nlb.gov.sg/infopedia/articles/SIP_549_2004-12-28.html)",""
"18541518","Parliamentary general election of Singapore, 1968","_Historical_Events","Locality","","Singapore",""
"18541518","Parliamentary general election of Singapore, 1968","_Historical_Events","Year Started","","1968",""
"18541518","Parliamentary general election of Singapore, 1968","_Historical_Events","Year End","","1968",""
"18541518","Parliamentary general election of Singapore, 1968","_Historical_Events","Wikipedia URI","","http://en.wikipedia.org/wiki/Singaporean_general_election,_1968",""
"18541518","Parliamentary general election of Singapore, 1968","_Historical_Events","DBpedia URI","","http://dbpedia.org/resource/Singaporean_general_election,_1968",""
"18541518","Parliamentary general election of Singapore, 1968","_Historical_Events","Image Link","","http://www.nas.gov.sg/archivesonline/photographs/record-details/ccd31b45-1161-11e3-83d5-0050568939ad | http://www.nas.gov.sg/archivesonline/photographs/record-details/cd147856-1161-11e3-83d5-0050568939ad | http://www.nas.gov.sg/archivesonline/photographs/record-details/cd148c28-1161-11e3-83d5-0050568939ad | http://www.nas.gov.sg/archivesonline/photographs/record-details/cd18d66a-1161-11e3-83d5-0050568939ad",""
"18541520","Parliamentary general election of Singapore, 2011","_Historical_Events","Category","","Political events",""
"18541520","Parliamentary general election of Singapore, 2011","_Historical_Events","Topic","","Elections--Singapore",""
"18541520","Parliamentary general election of Singapore, 2011","_Historical_Events","Description","","Political Event. Singapore's 16th parliamentary general election was held on 7 May 2011. 82 of 87 seats were contested. People's action Party (PAP) came into power and claimed over two-thirds of parliamentary seats, winning 81 out of 87 seats. They lost Aljunied Group Representation Constituency (GRC) to the Workers' Party, the first time a GRC was won by an opposition party. The Workers' Party ended up with six seats in Parliament.",""
"18541520","Parliamentary general election of Singapore, 2011","_Historical_Events","Source","","Singapore Elections: Parliamentary general election 2011 (http://www.singapore-elections.com/parl-2011-ge/) | Election Department of Singapore: 2011 parliamentary election results (http://www.eld.gov.sg/elections_results2011.html)",""
"18541520","Parliamentary general election of Singapore, 2011","_Historical_Events","Locality","","Singapore",""
"18541520","Parliamentary general election of Singapore, 2011","_Historical_Events","Year Started","","2011",""
"18541520","Parliamentary general election of Singapore, 2011","_Historical_Events","Year End","","2011",""
"18541520","Parliamentary general election of Singapore, 2011","_Historical_Events","Wikipedia URI","","http://en.wikipedia.org/wiki/Singaporean_general_election,_2011",""
"18541520","Parliamentary general election of Singapore, 2011","_Historical_Events","DBpedia URI","","http://dbpedia.org/resource/Singaporean_general_election,_2011",""
"18540290","Port Workers’ Strike, Singapore, 1955","_Historical_Events","Category","","Civil disorders",""
"18540290","Port Workers’ Strike, Singapore, 1955","_Historical_Events","Topic","","Strikes and lockouts--Harbor personnel--Singapore",""
"18540290","Port Workers’ Strike, Singapore, 1955","_Historical_Events","Description","","Strike. Port workers belonging to the Singapore Harbour Board Staff Association (SHBSA) went on strike at midnight on 1 May 1955, after negotiations on wages and working conditions with Singapore Harbour Board (SHB) failed. Clerks, technicians, storekeepers and firemen were involved in the strike. Final meeting between the Harbour Board and the SHBSA on 5 July was arranged to end the dispute. Agreement was reached and the SHBSA strikers resumed work on 7 July.",""
"18540290","Port Workers’ Strike, Singapore, 1955","_Historical_Events","Source","","Singapore Infopedia: 67-day port workers' strike (1955) (http://eresources.nlb.gov.sg/infopedia/articles/SIP_1242_2012-04-30.html)",""
"18540290","Port Workers’ Strike, Singapore, 1955","_Historical_Events","Year Started","","1955",""
"18540290","Port Workers’ Strike, Singapore, 1955","_Historical_Events","Year End","","1955",""
"18540290","Port Workers’ Strike, Singapore, 1955","_Historical_Events","UF","18549458","67-day Port Workers' Strike","_Historical_Events"
"18549481","Pulau Senang Riot","_Historical_Events","Use","18545175","Pulau Senang Riot, Singapore, 1963","_Historical_Events"
"18545175","Pulau Senang Riot, Singapore, 1963","_Historical_Events","Category","","Civil disorders",""
"18545175","Pulau Senang Riot, Singapore, 1963","_Historical_Events","Topic","","Riots--Singapore",""
"18545175","Pulau Senang Riot, Singapore, 1963","_Historical_Events","Description","","Pulau Senang, island, was selected as the location of a penal reform experiment in 1960. Prison Officer Daniel Stanley Dutton was in-charge of the experiment. The prisoners assisted in building the penal rehabilitation settlement. On 12 July 1963, 316 detainees rioted and killed Prison Officer Dutton and three of his assistants.",""
"18545175","Pulau Senang Riot, Singapore, 1963","_Historical_Events","Source","","Infopedia: Pulau Senang (http://eresources.nlb.gov.sg/infopedia/articles/SIP_728_2005-01-19.html)",""
"18545175","Pulau Senang Riot, Singapore, 1963","_Historical_Events","Locality","","Pulau Senang",""
"18545175","Pulau Senang Riot, Singapore, 1963","_Historical_Events","Year Started","","1963",""
"18545175","Pulau Senang Riot, Singapore, 1963","_Historical_Events","Year End","","1963",""
"18545175","Pulau Senang Riot, Singapore, 1963","_Historical_Events","Image Link","","http://www.nas.gov.sg/archivesonline/photographs/record-details/60c05cc4-1162-11e3-83d5-0050568939ad | http://www.nas.gov.sg/archivesonline/photographs/record-details/62155407-1162-11e3-83d5-0050568939ad | http://www.nas.gov.sg/archivesonline/photographs/record-details/6215a1b7-1162-11e3-83d5-0050568939ad | http://www.nas.gov.sg/archivesonline/photographs/record-details/62157af1-1162-11e3-83d5-0050568939ad",""
"18545175","Pulau Senang Riot, Singapore, 1963","_Historical_Events","UF","18549481","Pulau Senang Riot","_Historical_Events"
"18542955","Race Riots, Singapore, 1964","_Historical_Events","Use","18540154","Racial Riots, Singapore, 1964","_Historical_Events"
"18540154","Racial Riots, Singapore, 1964","_Historical_Events","Category","","Civil disorders",""
"18540154","Racial Riots, Singapore, 1964","_Historical_Events","Topic","","Riots--Singapore",""
"18540154","Racial Riots, Singapore, 1964","_Historical_Events","Description","","Riot. Communal riots erupted between the Malays and Chinese in Singapore over two five day periods between 21 July to 2 September 1964. Malay unhappiness over the denial of special rights for them, instigations by the Chinese secret societies and provocative reports in the vernacular press of racial tensions fanned the violence which left 32 people dead and 563 injured.",""
"18540154","Racial Riots, Singapore, 1964","_Historical_Events","Source","","Singapore Infopedia: Communal riots of 1964 (http://eresources.nlb.gov.sg/infopedia/articles/SIP_45_2005-01-06.html)",""
"18540154","Racial Riots, Singapore, 1964","_Historical_Events","Locality","","Padang (Singapore)",""
"18540154","Racial Riots, Singapore, 1964","_Historical_Events","Year Started","","1964",""
"18540154","Racial Riots, Singapore, 1964","_Historical_Events","Year End","","1964",""
"18540154","Racial Riots, Singapore, 1964","_Historical_Events","Wikipedia URI","","http://en.wikipedia.org/wiki/1964_race_riots_in_Singapore",""
"18540154","Racial Riots, Singapore, 1964","_Historical_Events","DBpedia URI","","http://dbpedia.org/resource/1964_race_riots_in_Singapore",""
"18540154","Racial Riots, Singapore, 1964","_Historical_Events","Image Link","","http://www.nas.gov.sg/archivesonline/photographs/record-details/863b1d4b-1162-11e3-83d5-0050568939ad | http://www.nas.gov.sg/archivesonline/photographs/record-details/74e5dbae-1162-11e3-83d5-0050568939ad | http://www.nas.gov.sg/archivesonline/photographs/record-details/73c593f0-1162-11e3-83d5-0050568939ad | http://www.nas.gov.sg/archivesonline/photographs/record-details/6226a32a-1162-11e3-83d5-0050568939ad",""
"18540154","Racial Riots, Singapore, 1964","_Historical_Events","UF","18540155","Communal Riots, Singapore, 1964","_Historical_Events"
"18540154","Racial Riots, Singapore, 1964","_Historical_Events","UF","18542955","Race Riots, Singapore, 1964","_Historical_Events"
"18540156","SARS (Disease), Singapore, 2003","_Historical_Events","Category","","Epidemics and outbreaks",""
"18540156","SARS (Disease), Singapore, 2003","_Historical_Events","Topic","","SARS (Disease)--Singapore",""
"18540156","SARS (Disease), Singapore, 2003","_Historical_Events","Description","","Epidemic. Between February and May 2003, there was an outbreak of severe acute respiratory syndrome (SARS) in Singapore. Part of a global epidemic, the SARS virus infected 238 people in Singapore, mostly health-care workers and their family members, killing 33 of them. The infected were treated at Tan Tock Seng Hospital and the Communicable Diseases Centre. Government measures like the closure of schools, home quarantines and thorough screening of visitors to Singapore helped to contain the epidemic by May 2003.",""
"18540156","SARS (Disease), Singapore, 2003","_Historical_Events","Source","","Singapore Infopedia: Severe acute respiratory syndrome (SARS) outbreak, 2003(http://eresources.nlb.gov.sg/infopedia/articles/SIP_1529_2009-06-03.html)",""
"18540156","SARS (Disease), Singapore, 2003","_Historical_Events","Locality","","Tan Tock Seng Hospital",""
"18540156","SARS (Disease), Singapore, 2003","_Historical_Events","Year Started","","2003",""
"18540156","SARS (Disease), Singapore, 2003","_Historical_Events","Year End","","2003",""
"18540156","SARS (Disease), Singapore, 2003","_Historical_Events","Image Link","","http://www.nas.gov.sg/archivesonline/photographs/record-details/8cad874f-1162-11e3-83d5-0050568939ad | http://www.nas.gov.sg/archivesonline/photographs/record-details/8cad5e13-1162-11e3-83d5-0050568939ad | http://www.nas.gov.sg/archivesonline/photographs/record-details/8b9391c7-1162-11e3-83d5-0050568939ad | http://www.nas.gov.sg/archivesonline/photographs/record-details/8b93f44e-1162-11e3-83d5-0050568939ad",""
"18540156","SARS (Disease), Singapore, 2003","_Historical_Events","UF","18549459","Severe Acute Respiratory Syndrome (SARS) Outbreak","_Historical_Events"
"18549412","Sentosa Cable Car Tragedy","_Historical_Events","Use","18540256","Cable Car Accident, Singapore, 1983","_Historical_Events"
"18540260","Sepoy Mutiny, Singapore, 1915","_Historical_Events","Use","18540259","1915 Singapore Mutiny","_Historical_Events"
"18549459","Severe Acute Respiratory Syndrome (SARS) Outbreak","_Historical_Events","Use","18540156","SARS (Disease), Singapore, 2003","_Historical_Events"
"18540136","SilkAir Flight 185 Crash, Indonesia, 1997","_Historical_Events","Category","","Accidents",""
"18540136","SilkAir Flight 185 Crash, Indonesia, 1997","_Historical_Events","Topic","","Aircraft accidents--Singapore",""
"18540136","SilkAir Flight 185 Crash, Indonesia, 1997","_Historical_Events","Description","","Accident. SilkAir flight MI 185 (flying from Jakarta to Singapore) crashed into the Musi River near Palembang in South Sumatra, Indonesia on 19 December 1997 at about 4.13 pm local time, killing all 104 people on board. A search and rescue mission was conducted but soon became a search and recovery operation which ended in mid-January 1988 after most parts of the plane, including the black box, were recovered. Official investigations were led by the National Transportation Safety Committee of Indonesia and assisted by the National Transportation Safety Board of the United States, the Singapore Ministry of Communications and Information Technology and the Australian Bureau of Air Safety Investigation. The final report was released on 14 December 2000.",""
"18540136","SilkAir Flight 185 Crash, Indonesia, 1997","_Historical_Events","Source","","Singapore Infopedia: Crash of SilkAir Flight MI 185 (http://eresources.nlb.gov.sg/infopedia/articles/SIP_1576_2009-09-30.html)",""
"18540136","SilkAir Flight 185 Crash, Indonesia, 1997","_Historical_Events","Locality","","Musi River, Palembang, Indonesia",""
"18540136","SilkAir Flight 185 Crash, Indonesia, 1997","_Historical_Events","Year Started","","1997",""
"18540136","SilkAir Flight 185 Crash, Indonesia, 1997","_Historical_Events","Year End","","1997",""
"18540136","SilkAir Flight 185 Crash, Indonesia, 1997","_Historical_Events","Wikipedia URI","","http://en.wikipedia.org/wiki/SilkAir_Flight_185",""
"18540136","SilkAir Flight 185 Crash, Indonesia, 1997","_Historical_Events","DBpedia URI","","http://dbpedia.org/resource/SilkAir_Flight_185",""
"18540136","SilkAir Flight 185 Crash, Indonesia, 1997","_Historical_Events","UF","18549460","Crash of SilkAir Flight MI 185","_Historical_Events"
"20637314","Singapore 2010 Youth Olympic Games","_Historical_Events","Category","","Singapore's first",""
"20637314","Singapore 2010 Youth Olympic Games","_Historical_Events","Topic","","Youth Olympic Games (1st : 2010 : Singapore) | Youth Olympics | Sports--Singapore",""
"20637314","Singapore 2010 Youth Olympic Games","_Historical_Events","Description","","The inaugural Youth Olympic Games, hosted by Singapore from 14 to 26 August 2010, for 14–18-year-olds competing in 26 sports. The event drew an estimated 3,600 athletes from 205 countries, attracted about 370,000 spectators and involved some 20,000 local and international volunteers. Singapore competed against 11 other cities to host the Games, eventually trumping rival candidate Moscow by 53 to 44 votes to host it. Singapore finished the Games with six medals – two silver medals for swimming and table-tennis, two bronze medals for taekwondo, and one bronze medal each for archery, sailing and football.",""
"20637314","Singapore 2010 Youth Olympic Games","_Historical_Events","Source","","Singapore Infopedia: Singapore 2010 Youth Olympic Games (https://www.nlb.gov.sg/main/article-detail?cmsuuid=7e84d3c4-7917-4fa8-ba9f-03b3626204f5) Retrieved 4 Dec 2025. | International Olympic Committee: Singapore 2010 Youth Olympic Games (https://www.olympics.com/en/olympic-games/singapore-2010) Retrieved 4 Dec 2025.",""
"20637314","Singapore 2010 Youth Olympic Games","_Historical_Events","Year Started","","2010",""
"20637314","Singapore 2010 Youth Olympic Games","_Historical_Events","Year End","","2010",""
"20637314","Singapore 2010 Youth Olympic Games","_Historical_Events","Wikipedia URI","","https://en.wikipedia.org/wiki/2010_Summer_Youth_Olympics",""
"20637314","Singapore 2010 Youth Olympic Games","_Historical_Events","DBpedia URI","","http://dbpedia.org/resource/2010_Summer_Youth_Olympics",""
"20637314","Singapore 2010 Youth Olympic Games","_Historical_Events","Wikidata URI","","http://www.wikidata.org/entity/Q170422",""
"20637314","Singapore 2010 Youth Olympic Games","_Historical_Events","Image Link","","/https://www.nas.gov.sg/archivesonline/photographs/record-details/194f2809-6f99-11e4-859c-0050568939ad | https://www.nas.gov.sg/archivesonline/photographs/record-details/4a26582d-6f8e-11e4-859c-0050568939ad | https://www.nas.gov.sg/archivesonline/photographs/record-details/e7f43164-6f98-11e4-859c-0050568939ad",""
"20637314","Singapore 2010 Youth Olympic Games","_Historical_Events","UF","20637316","2010 Summer Youth Olympic Games","_Historical_Events"
"20637314","Singapore 2010 Youth Olympic Games","_Historical_Events","UF","20637315","2010 Summer Youth Olympics","_Historical_Events"
"18540171","Singapore Airlines Flight 006 Crash, Taipei, Taiwan, 2000","_Historical_Events","Category","","Accidents",""
"18540171","Singapore Airlines Flight 006 Crash, Taipei, Taiwan, 2000","_Historical_Events","Topic","","Aircraft accidents--Taiwan",""
"18540171","Singapore Airlines Flight 006 Crash, Taipei, Taiwan, 2000","_Historical_Events","Description","","Accident. Singapore Airlines Flight SQ006 (flying from Singapore to Los Angeles via Taiwan) crashed on a closed runway at Chiang Kai-shek Airport during takeoff on 31 October 2000 at 11.18 pm local time, destroying the Boeing 747-400 aircraft and killing 83 of the 179 people on board. Initial on-scene investigation was conducted by representatives from Singapore, the United States and Taiwan. Taiwan's Aviation Safety Council (ASC) released reports of the incident on 23 February 2001 and 26 April 2002, and Singapore's Ministry of Transport released its own report on 26 April 2002.",""
"18540171","Singapore Airlines Flight 006 Crash, Taipei, Taiwan, 2000","_Historical_Events","Source","","Singapore Infopedia: Crash of Singapore Airlines Flight SQ006 (http://eresources.nlb.gov.sg/infopedia/articles/SIP_1813_2011-07-13.html)",""
"18540171","Singapore Airlines Flight 006 Crash, Taipei, Taiwan, 2000","_Historical_Events","Locality","","Chiang Kai-shek Airport (now called Taiwan Taoyuan International Airport)",""
"18540171","Singapore Airlines Flight 006 Crash, Taipei, Taiwan, 2000","_Historical_Events","Year Started","","2000",""
"18540171","Singapore Airlines Flight 006 Crash, Taipei, Taiwan, 2000","_Historical_Events","Year End","","2000",""
"18540171","Singapore Airlines Flight 006 Crash, Taipei, Taiwan, 2000","_Historical_Events","Wikipedia URI","","http://en.wikipedia.org/wiki/Singapore_Airlines_Flight_006",""
"18540171","Singapore Airlines Flight 006 Crash, Taipei, Taiwan, 2000","_Historical_Events","DBpedia URI","","http://dbpedia.org/resource/Singapore_Airlines_Flight_006",""
"18540171","Singapore Airlines Flight 006 Crash, Taipei, Taiwan, 2000","_Historical_Events","UF","18549461","Crash of Singapore Airlines Flight SQ006","_Historical_Events"
"18540135","Singapore Airlines Flight 117 Hijacking Incident, 1991","_Historical_Events","Category","","Accidents",""
"18540135","Singapore Airlines Flight 117 Hijacking Incident, 1991","_Historical_Events","Topic","","Hijacking of aircraft--Singapore",""
"18540135","Singapore Airlines Flight 117 Hijacking Incident, 1991","_Historical_Events","Description","","Accident. Singapore Airlines Flight 117 (a shuttle service from Kuala Lumpur to Singapore) was hijacked on 26 March 1991 at 10.15 pm. Four passengers claiming to be members of the Pakistan People's Party took control of the plane and issued a list of demands, including the release of nine prisoners detained in Pakistan. The crisis ended on 27 March1991 at Changi International Airport when a team of Singapore Armed Forces commandos conducted a rescue operation that killed the hijackers.",""
"18540135","Singapore Airlines Flight 117 Hijacking Incident, 1991","_Historical_Events","Source","","Singapore Infopedia: Hijacking of Singapore Airlines Flight SQ 117(http://eresources.nlb.gov.sg/infopedia/articles/SIP_834_2004-12-30.html)",""
"18540135","Singapore Airlines Flight 117 Hijacking Incident, 1991","_Historical_Events","Locality","","Singapore Changi Airport",""
"18540135","Singapore Airlines Flight 117 Hijacking Incident, 1991","_Historical_Events","Year Started","","1991",""
"18540135","Singapore Airlines Flight 117 Hijacking Incident, 1991","_Historical_Events","Year End","","1991",""
"18540135","Singapore Airlines Flight 117 Hijacking Incident, 1991","_Historical_Events","Wikipedia URI","","http://en.wikipedia.org/wiki/Singapore_Airlines_Flight_117",""
"18540135","Singapore Airlines Flight 117 Hijacking Incident, 1991","_Historical_Events","DBpedia URI","","http://dbpedia.org/resource/Singapore_Airlines_Flight_117",""
"18540135","Singapore Airlines Flight 117 Hijacking Incident, 1991","_Historical_Events","Image Link","","http://www.nas.gov.sg/archivesonline/photographs/record-details/08ab8163-1162-11e3-83d5-0050568939ad",""
"18540135","Singapore Airlines Flight 117 Hijacking Incident, 1991","_Historical_Events","UF","18549462","Hijacking of Singapore Airlines Flight SQ 117","_Historical_Events"
"18545315","Singapore Census of 1947","_Historical_Events","Category","","Singapore's first",""
"18545315","Singapore Census of 1947","_Historical_Events","Topic","","Singapore--Census, 1947 | Singapore--Population",""
"18545315","Singapore Census of 1947","_Historical_Events","Description","","On 7 June 1947, the government set 23 August to 27 September 1947 as the dates for the first post-war pan-Malayan census to be taken. M. V. del Tufo was officially appointed Superintendent of Census, who faced a lot of challenges when conducting the 1947 census. There were fears that this census was similar to the Japanese Occupation household data collection, and others were afraid to supply personal information. Measures were taken to reassure the public in order for the census to collect accurate data from the population.",""
"18545315","Singapore Census of 1947","_Historical_Events","Source","","Infopedia: Singapore’s first post-war census (http://eresources.nlb.gov.sg/infopedia/articles/SIP_2014-06-16_150036.html)",""
"18545315","Singapore Census of 1947","_Historical_Events","Locality","","Singapore",""
"18545315","Singapore Census of 1947","_Historical_Events","Year Started","","1947",""
"18545315","Singapore Census of 1947","_Historical_Events","Year End","","1947",""
"18545315","Singapore Census of 1947","_Historical_Events","UF","18549501","Singapore’s First Post-War Census","_Historical_Events"
"18545339","Singapore Flood of 1978","_Historical_Events","Category","","Natural disasters",""
"18545339","Singapore Flood of 1978","_Historical_Events","Topic","","Floods--Singapore",""
"18545339","Singapore Flood of 1978","_Historical_Events","Description","","The 1978 flood was one of the disastrous floods in Singapore’s history. Monsoon rains brought on this disaster on 2 December 1978, causing seven deaths and more than a thousand to be evacuated from their home.",""
"18545339","Singapore Flood of 1978","_Historical_Events","Source","","Infopedia: Major floods in Singapore (https://www.nlb.gov.sg/main/article-detail?cmsuuid=51f13462-3584-4ae9-b2c6-ce72b0775c72) Retrieved 9 Jan 2024.",""
"18545339","Singapore Flood of 1978","_Historical_Events","Locality","","Singapore",""
"18545339","Singapore Flood of 1978","_Historical_Events","Year Started","","1978",""
"18545339","Singapore Flood of 1978","_Historical_Events","Year End","","1978",""
"18545339","Singapore Flood of 1978","_Historical_Events","Wikipedia URI","","http://en.wikipedia.org/wiki/1978_Singapore_flood",""
"18545339","Singapore Flood of 1978","_Historical_Events","DBpedia URI","","http://dbpedia.org/resource/1978_Singapore_flood",""
"18545339","Singapore Flood of 1978","_Historical_Events","Wikidata URI","","http://www.wikidata.org/entity/Q4578300",""
"18545339","Singapore Flood of 1978","_Historical_Events","Image Link","","http://www.nas.gov.sg/archivesonline/photographs/record-details/a81fa99f-1162-11e3-83d5-0050568939ad | http://www.nas.gov.sg/archivesonline/photographs/record-details/a7704197-1162-11e3-83d5-0050568939ad | http://www.nas.gov.sg/archivesonline/photographs/record-details/a81ed9e1-1162-11e3-83d5-0050568939ad | http://www.nas.gov.sg/archivesonline/photographs/record-details/a81fbe09-1162-11e3-83d5-0050568939ad",""
"18549479","Singapore Glass Factory Strike","_Historical_Events","Use","18545047","Singapore Glass Factory Strike, 1960","_Historical_Events"
"18545047","Singapore Glass Factory Strike, 1960","_Historical_Events","Category","","Civil disorders",""
"18545047","Singapore Glass Factory Strike, 1960","_Historical_Events","Topic","","Strikes and lockouts--Glass trade--Singapore",""
"18545047","Singapore Glass Factory Strike, 1960","_Historical_Events","Description","","The Singapore Glass Manufacturers Co. Ltd. (popularly known as the Singapore Glass Factory) was the only manufacturer of glass containers in Singapore. The factory, with more than 1,000 workers, provided much needed employment to the residents. However, relations between the Company and its employees had been strained due to several issues, this had resulted a strike on 28 August 1960. The strike lasted for 73 days before the dispute was resolved, and staff returned to work on 9 November.",""
"18545047","Singapore Glass Factory Strike, 1960","_Historical_Events","Source","","Infopedia: Singapore Glass Factory strike (http://eresources.nlb.gov.sg/infopedia/articles/SIP_1243_2008-11-30.html)",""
"18545047","Singapore Glass Factory Strike, 1960","_Historical_Events","Locality","","Henderson Road",""
"18545047","Singapore Glass Factory Strike, 1960","_Historical_Events","Year Started","","1960",""
"18545047","Singapore Glass Factory Strike, 1960","_Historical_Events","Year End","","1960",""
"18545047","Singapore Glass Factory Strike, 1960","_Historical_Events","Wikidata URI","","http://www.wikidata.org/entity/Q111032647",""
"18545047","Singapore Glass Factory Strike, 1960","_Historical_Events","Image Link","","http://www.nas.gov.sg/archivesonline/photographs/record-details/61aae6a9-1162-11e3-83d5-0050568939ad | http://www.nas.gov.sg/archivesonline/photographs/record-details/8987b1c5-1162-11e3-83d5-0050568939ad | http://www.nas.gov.sg/archivesonline/photographs/record-details/6481a666-1162-11e3-83d5-0050568939ad | http://www.nas.gov.sg/archivesonline/photographs/record-details/64812a6b-1162-11e3-83d5-0050568939ad",""
"18545047","Singapore Glass Factory Strike, 1960","_Historical_Events","UF","18549479","Singapore Glass Factory Strike","_Historical_Events"
"18549501","Singapore’s First Post-War Census","_Historical_Events","Use","18545315","Singapore Census of 1947","_Historical_Events"
"18549398","Singapore Treaty","_Historical_Events","Use","18541522","Singapore, Treaty of, 1819","_Historical_Events"
"18541522","Singapore, Treaty of, 1819","_Historical_Events","Category","","Treaties",""
"18541522","Singapore, Treaty of, 1819","_Historical_Events","Topic","","Singapore--History--1819-1867",""
"18541522","Singapore, Treaty of, 1819","_Historical_Events","Description","","Treaty. Signed between Sir Thomas Stamford Raffles, Sultan Hussein and the Temenggong on 6 February 1819 to establish a British factory on the island.",""
"18541522","Singapore, Treaty of, 1819","_Historical_Events","Source","","Singapore Infopedia: Raffles' landing in Singapore (http://eresources.nlb.gov.sg/infopedia/articles/SIP_131_2005-01-03.html) | Singapore Infopedia: Sir Stamford Raffles' career and contributions to Singapore (http://eresources.nlb.gov.sg/infopedia/articles/SIP_715_2004-12-15.html) | Singapore Infopedia: The 1819 Singapore Treaty (http://eresources.nlb.gov.sg/infopedia/articles/SIP_2014-05-16_133354.html) | HistorySG: Singapore Treaty is signed (http://eresources.nlb.gov.sg/history/events/72da3f9a-186a-4234-83d1-7dcaca27cfa9)",""
"18541522","Singapore, Treaty of, 1819","_Historical_Events","Locality","","Singapore",""
"18541522","Singapore, Treaty of, 1819","_Historical_Events","Year Started","","1819",""
"18541522","Singapore, Treaty of, 1819","_Historical_Events","Year End","","1819",""
"18541522","Singapore, Treaty of, 1819","_Historical_Events","Wikipedia URI","","http://en.wikipedia.org/wiki/Founding_of_modern_Singapore",""
"18541522","Singapore, Treaty of, 1819","_Historical_Events","Wikidata URI","","http://www.wikidata.org/entity/Q111032472",""
"18541522","Singapore, Treaty of, 1819","_Historical_Events","Image Link","","http://www.nas.gov.sg/archivesonline/photographs/record-details/153450a9-1162-11e3-83d5-0050568939ad | http://www.nas.gov.sg/archivesonline/photographs/record-details/14c1e8c3-1162-11e3-83d5-0050568939ad",""
"18541522","Singapore, Treaty of, 1819","_Historical_Events","UF","18549398","Singapore Treaty","_Historical_Events"
"18549400","Sook Ching","_Historical_Events","Use","18540283","Sook Ching Massacre, Singapore, 1942","_Historical_Events"
"18540283","Sook Ching Massacre, Singapore, 1942","_Historical_Events","Category","","Wars",""
"18540283","Sook Ching Massacre, Singapore, 1942","_Historical_Events","Topic","","Singapore--History--Japanese occupation, 1942-1945 | Massacres--Singapore",""
"18540283","Sook Ching Massacre, Singapore, 1942","_Historical_Events","Description","","Political event. A Japanese military operation named Sook Ching operation was carried out from 21 February to 4 March 1942. Chinese males between the ages of 18 and 50 were summoned to various mass screening centres and those suspected of being anti-Japanese were executed. Massacre sites include Changi, Punggol and Bedok. In 1947, seven Japanese officers were charged during a war crimes trial in Singapore for their participation in Operation Sook Ching.",""
"18540283","Sook Ching Massacre, Singapore, 1942","_Historical_Events","Source","","Singapore Infopedia: Operation Sook Ching (http://eresources.nlb.gov.sg/infopedia/articles/SIP_40_2005-01-24.html)",""
"18540283","Sook Ching Massacre, Singapore, 1942","_Historical_Events","Locality","","Punggol Beach Massacre Site | Changi Beach Massacre Site | Sentosa Beach Massacre Site | Chinatown (Singapore)",""
"18540283","Sook Ching Massacre, Singapore, 1942","_Historical_Events","Year Started","","1942",""
"18540283","Sook Ching Massacre, Singapore, 1942","_Historical_Events","Year End","","1942",""
"18540283","Sook Ching Massacre, Singapore, 1942","_Historical_Events","Wikipedia URI","","http://en.wikipedia.org/wiki/Sook_Ching",""
"18540283","Sook Ching Massacre, Singapore, 1942","_Historical_Events","DBpedia URI","","http://dbpedia.org/resource/Sook_Ching",""
"18540283","Sook Ching Massacre, Singapore, 1942","_Historical_Events","UF","18549399","Operation Sook Ching","_Historical_Events"
"18540283","Sook Ching Massacre, Singapore, 1942","_Historical_Events","UF","18549400","Sook Ching","_Historical_Events"
"18549463","Speak Good English Campaign","_Historical_Events","Use","18540163","Speak Good English Campaign, Singapore, 2000-","_Historical_Events"
"18540163","Speak Good English Campaign, Singapore, 2000-","_Historical_Events","Category","","National campaigns | Singapore's first",""
"18540163","Speak Good English Campaign, Singapore, 2000-","_Historical_Events","Topic","","English language--Singapore",""
"18540163","Speak Good English Campaign, Singapore, 2000-","_Historical_Events","Description","","Campaign. Annual campaign started in April 2000 by then Prime Minister Goh Chok Tong. The aim of the campaign was to encourage Singaporeans to speak good English and to discourage them from speaking in Singlish.",""
"18540163","Speak Good English Campaign, Singapore, 2000-","_Historical_Events","Source","","Singapore Infopedia: First Speak Good English Campaign (http://eresources.nlb.gov.sg/infopedia/articles/SIP_575_2004-12-23.html)",""
"18540163","Speak Good English Campaign, Singapore, 2000-","_Historical_Events","Year Started","","2000",""
"18540163","Speak Good English Campaign, Singapore, 2000-","_Historical_Events","Wikipedia URI","","http://en.wikipedia.org/wiki/Speak_Good_English_Movement",""
"18540163","Speak Good English Campaign, Singapore, 2000-","_Historical_Events","DBpedia URI","","http://dbpedia.org/resource/Speak_Good_English_Movement",""
"18540163","Speak Good English Campaign, Singapore, 2000-","_Historical_Events","Image Link","","http://www.nas.gov.sg/archivesonline/photographs/record-details/7ba06cd0-1162-11e3-83d5-0050568939ad | http://www.nas.gov.sg/archivesonline/photographs/record-details/7ba1563e-1162-11e3-83d5-0050568939ad | http://www.nas.gov.sg/archivesonline/posters/record-details/a86adbbd-2e6b-11e4-859c-0050568939ad | http://www.nas.gov.sg/archivesonline/posters/record-details/32893094-115c-11e3-83d5-0050568939ad",""
"18540163","Speak Good English Campaign, Singapore, 2000-","_Historical_Events","UF","18549463","Speak Good English Campaign","_Historical_Events"
"18549464","Speak Mandarin Campaign","_Historical_Events","Use","18540162","Speak Mandarin Campaign, Singapore, 1979-","_Historical_Events"
"18540162","Speak Mandarin Campaign, Singapore, 1979-","_Historical_Events","Category","","National campaigns",""
"18540162","Speak Mandarin Campaign, Singapore, 1979-","_Historical_Events","Topic","","Chinese language--Singapore | Language policy--Singapore",""
"18540162","Speak Mandarin Campaign, Singapore, 1979-","_Historical_Events","Description","","Campaign. Started on 7 September 1979 by then Prime Minister Lee Kuan Yew. The aim of the campaign was to encourage the speaking of Mandarin among Chinese Singaporeans of various dialect groups and also to support the government's bilingual policies. Activities include conducting Mandarin classes for Chinese civil servants and members of public. Mandarin lessons were also made available over the phone for members of public.",""
"18540162","Speak Mandarin Campaign, Singapore, 1979-","_Historical_Events","Source","","Singapore Infopedia: Speak Mandarin Campaign (http://eresources.nlb.gov.sg/infopedia/articles/SIP_2013-07-04_122007.html)",""
"18540162","Speak Mandarin Campaign, Singapore, 1979-","_Historical_Events","Locality","","Singapore Conference Hall",""
"18540162","Speak Mandarin Campaign, Singapore, 1979-","_Historical_Events","Year Started","","1979",""
"18540162","Speak Mandarin Campaign, Singapore, 1979-","_Historical_Events","Wikipedia URI","","http://en.wikipedia.org/wiki/Speak_Mandarin_Campaign",""
"18540162","Speak Mandarin Campaign, Singapore, 1979-","_Historical_Events","DBpedia URI","","http://dbpedia.org/resource/Speak_Mandarin_Campaign",""
"18540162","Speak Mandarin Campaign, Singapore, 1979-","_Historical_Events","Wikidata URI","","http://www.wikidata.org/entity/Q4968823",""
"18540162","Speak Mandarin Campaign, Singapore, 1979-","_Historical_Events","Image Link","","http://www.nas.gov.sg/archivesonline/photographs/record-details/f9d084a5-1161-11e3-83d5-0050568939ad | http://www.nas.gov.sg/archivesonline/photographs/record-details/f9d0dfb3-1161-11e3-83d5-0050568939ad | http://www.nas.gov.sg/archivesonline/posters/record-details/db82b06a-13e0-11e4-a330-0050568939ad | http://www.nas.gov.sg/archivesonline/posters/record-details/db874ce5-13e0-11e4-a330-0050568939ad",""
"18540162","Speak Mandarin Campaign, Singapore, 1979-","_Historical_Events","UF","18549464","Speak Mandarin Campaign","_Historical_Events"
"18549465","Spyros Accident","_Historical_Events","Use","18540254","Spyros Accident, Singapore, 1978","_Historical_Events"
"18540254","Spyros Accident, Singapore, 1978","_Historical_Events","Category","","Accidents",""
"18540254","Spyros Accident, Singapore, 1978","_Historical_Events","Topic","","Marine accidents--Singapore",""
"18540254","Spyros Accident, Singapore, 1978","_Historical_Events","Description","","Accident. Greek tanker, S. T. Spyros, owned by Ulysses Tanker Corporation of Liberia and operated by International Operations, S A, exploded in flames at Jurong Shipyard on 12 October 1978 at 2.15 pm. The vessel was undergoing repairs at the shipyard when sparks from a cutting torch started a fire which left 76 dead and 69 injured. A Committee of Inquiry led by Senior District Judge, Michael Khoo Kah Lip was set up to investigate the cause of the fire.",""
"18540254","Spyros Accident, Singapore, 1978","_Historical_Events","Source","","Singapore Infopedia: Spyros accident (http://eresources.nlb.gov.sg/infopedia/articles/SIP_806_2004-12-30.html)",""
"18540254","Spyros Accident, Singapore, 1978","_Historical_Events","Locality","","Jurong Shipyard",""
"18540254","Spyros Accident, Singapore, 1978","_Historical_Events","Year Started","","1978",""
"18540254","Spyros Accident, Singapore, 1978","_Historical_Events","Year End","","1978",""
"18540254","Spyros Accident, Singapore, 1978","_Historical_Events","Wikipedia URI","","http://en.wikipedia.org/wiki/Spyros_disaster",""
"18540254","Spyros Accident, Singapore, 1978","_Historical_Events","DBpedia URI","","http://dbpedia.org/resource/Spyros_disaster",""
"18540254","Spyros Accident, Singapore, 1978","_Historical_Events","Image Link","","http://www.nas.gov.sg/archivesonline/photographs/record-details/e4f53a3d-1161-11e3-83d5-0050568939ad | http://www.nas.gov.sg/archivesonline/photographs/record-details/e473a8d8-1161-11e3-83d5-0050568939ad | http://www.nas.gov.sg/archivesonline/photographs/record-details/e473ce80-1161-11e3-83d5-0050568939ad | http://www.nas.gov.sg/archivesonline/photographs/record-details/e47419a2-1161-11e3-83d5-0050568939ad",""
"18540254","Spyros Accident, Singapore, 1978","_Historical_Events","UF","18549465","Spyros Accident","_Historical_Events"
"18549466","Straits Times Strike","_Historical_Events","Use","18540289","Straits Times Strike, Singapore, 1954","_Historical_Events"
"18540289","Straits Times Strike, Singapore, 1954","_Historical_Events","Category","","Civil disorders",""
"18540289","Straits Times Strike, Singapore, 1954","_Historical_Events","Topic","","Strikes and lockouts--Newspapers--Singapore | Strikes and lockouts--Journalists--Singapore",""
"18540289","Straits Times Strike, Singapore, 1954","_Historical_Events","Description","","Strike. The strike arose from a dispute over the terms of reinstatement of a dismissed worker on 3 February 1954. The Straits Times management dismissed the workers who took part in the walkout. The workers realised that their action was illegal and reported for work on 8 February, but they were locked out of the premises. Singapore Printing Employees' Union negotiated with the management and the workers voted to end the dispute and return to work on 22 February.",""
"18540289","Straits Times Strike, Singapore, 1954","_Historical_Events","Source","","Singapore Infopedia: The Straits Times Strike (http://eresources.nlb.gov.sg/infopedia/articles/SIP_1240_2008-11-30.html)",""
"18540289","Straits Times Strike, Singapore, 1954","_Historical_Events","Year Started","","1954",""
"18540289","Straits Times Strike, Singapore, 1954","_Historical_Events","Year End","","1954",""
"18540289","Straits Times Strike, Singapore, 1954","_Historical_Events","Wikidata URI","","http://www.wikidata.org/entity/Q111032697",""
"18540289","Straits Times Strike, Singapore, 1954","_Historical_Events","UF","18549466","Straits Times Strike","_Historical_Events"
"18549508","Surrender of Japan","_Historical_Events","Use","18545337","Surrender of Japan, 1945","_Historical_Events"
"18545337","Surrender of Japan, 1945","_Historical_Events","Category","","Wars",""
"18545337","Surrender of Japan, 1945","_Historical_Events","Topic","","World War, 1939-1945--Japan | Singapore--History--Japanese occupation, 1942-1945",""
"18545337","Surrender of Japan, 1945","_Historical_Events","Description","","On 2 September 1945, the Japanese signed the Instrument of Surrender on board an American battleship, Missouri, in Tokyo Bay, officially ended the World War II. Another surrender ceremony was held at the Municipal Building of Singapore (now known as City Hall) on 12 September 1945, marked the ending of Japanese Occupation in Southeast Asia.",""
"18545337","Surrender of Japan, 1945","_Historical_Events","Source","","Infopedia: Japanese surrender (http://eresources.nlb.gov.sg/infopedia/articles/SIP_123_2005-02-03.html)",""
"18545337","Surrender of Japan, 1945","_Historical_Events","Locality","","Tokyo Bay | City Hall (Singapore)",""
"18545337","Surrender of Japan, 1945","_Historical_Events","Year Started","","1945",""
"18545337","Surrender of Japan, 1945","_Historical_Events","Year End","","1945",""
"18545337","Surrender of Japan, 1945","_Historical_Events","Wikipedia URI","","http://en.wikipedia.org/wiki/Surrender_of_Japan",""
"18545337","Surrender of Japan, 1945","_Historical_Events","DBpedia URI","","http://dbpedia.org/resource/Surrender_of_Japan",""
"18545337","Surrender of Japan, 1945","_Historical_Events","Image Link","","http://www.nas.gov.sg/archivesonline/photographs/record-details/956dfc92-1162-11e3-83d5-0050568939ad | http://www.nas.gov.sg/archivesonline/photographs/record-details/94bbd718-1162-11e3-83d5-0050568939ad | http://www.nas.gov.sg/archivesonline/photographs/record-details/956d17a5-1162-11e3-83d5-0050568939ad | http://www.nas.gov.sg/archivesonline/photographs/record-details/956d55e5-1162-11e3-83d5-0050568939ad",""
"18545337","Surrender of Japan, 1945","_Historical_Events","UF","18549502","Japanese Surrender","_Historical_Events"
"18545337","Surrender of Japan, 1945","_Historical_Events","UF","18549508","Surrender of Japan","_Historical_Events"
"18549478","Surrender of Singapore","_Historical_Events","Use","18545040","Surrender of Singapore, 1942","_Historical_Events"
"18545040","Surrender of Singapore, 1942","_Historical_Events","Category","","Wars",""
"18545040","Surrender of Singapore, 1942","_Historical_Events","Topic","","Singapore--History--Siege, 1942 | World War, 1939-1945--Campaigns--Singapore | Singapore--History--Japanese occupation, 1942-1945",""
"18545040","Surrender of Singapore, 1942","_Historical_Events","Description","","On 15 February 1942, Lieutenant-General Tomoyuki Yamashita, led his Japanese army and captured Bukit Timah. The British delegation, led by Lieutenant-General Arthur E. Percival, was ordered to be at Ford Factory. Yamashita demanded an unconditional surrender of Singapore. Percival on behalf of the British, signed the Singapore Surrender Document.",""
"18545040","Surrender of Singapore, 1942","_Historical_Events","Source","","Infopedia: The British surrender team of 1942 (http://eresources.nlb.gov.sg/infopedia/articles/SIP_525_2005-01-25.html)",""
"18545040","Surrender of Singapore, 1942","_Historical_Events","Locality","","Old Ford Factory",""
"18545040","Surrender of Singapore, 1942","_Historical_Events","Year Started","","1942",""
"18545040","Surrender of Singapore, 1942","_Historical_Events","Year End","","1942",""
"18545040","Surrender of Singapore, 1942","_Historical_Events","Image Link","","http://www.nas.gov.sg/archivesonline/photographs/record-details/96ff3e24-1162-11e3-83d5-0050568939ad | http://www.nas.gov.sg/archivesonline/photographs/record-details/660d22dd-1162-11e3-83d5-0050568939ad | http://www.nas.gov.sg/archivesonline/photographs/record-details/940ad646-1162-11e3-83d5-0050568939ad |",""
"18545040","Surrender of Singapore, 1942","_Historical_Events","UF","18549478","Surrender of Singapore","_Historical_Events"
"18545351","Swine Flu (H1N1), Singapore, 2009","_Historical_Events","Use","18545313","H1N1 Influenza Pandemic, Singapore, 2009","_Historical_Events"
"18545352","Swine Influenza (H1N1), Singapore, 2009","_Historical_Events","Use","18545313","H1N1 Influenza Pandemic, Singapore, 2009","_Historical_Events"
"18549410","Treaty of London","_Historical_Events","Use","18541523","Anglo-Dutch Treaty, 1824","_Historical_Events"
"18549467","Tree Planting Campaign","_Historical_Events","Use","18540158","Tree Planting Campaign, Singapore, 1963-","_Historical_Events"
"18540158","Tree Planting Campaign, Singapore, 1963-","_Historical_Events","Category","","National campaigns",""
"18540158","Tree Planting Campaign, Singapore, 1963-","_Historical_Events","Topic","","Tree planting--Singapore",""
"18540158","Tree Planting Campaign, Singapore, 1963-","_Historical_Events","Description","","Campaign. The Tree Planting campaign was started by then Prime Minister Lee Kuan Yew in 1963 to plant a minimum of 10,000 saplings a year throughout Singapore. The aim of the campaign was to transform Singapore into a garden city. In 1971, the annual tree planting day was started with the participation of ministers and members of parliament. In 1992, it was launched as part of the Clean and Green Week campaign.",""
"18540158","Tree Planting Campaign, Singapore, 1963-","_Historical_Events","Source","","Singapore Infopedia: Tree Planting Campaign (http://eresources.nlb.gov.sg/infopedia/articles/SIP_135_2005-02-02.html) | The Straits Times, 17 June 1963, page 7: Lee begins the tree campaign (http://eresources.nlb.gov.sg/newspapers/Digitised/Article/straitstimes19630617-1.2.40.aspx)",""
"18540158","Tree Planting Campaign, Singapore, 1963-","_Historical_Events","Locality","","Holland Circus (Singapore)",""
"18540158","Tree Planting Campaign, Singapore, 1963-","_Historical_Events","Year Started","","1963",""
"18540158","Tree Planting Campaign, Singapore, 1963-","_Historical_Events","Image Link","","http://www.nas.gov.sg/archivesonline/photographs/record-details/bc5f4412-1161-11e3-83d5-0050568939ad | http://www.nas.gov.sg/archivesonline/photographs/record-details/bcbd80d0-1161-11e3-83d5-0050568939ad | http://www.nas.gov.sg/archivesonline/photographs/record-details/bf9bb806-1161-11e3-83d5-0050568939ad | http://www.nas.gov.sg/archivesonline/photographs/record-details/bf9fe6f0-1161-11e3-83d5-0050568939ad",""
"18540158","Tree Planting Campaign, Singapore, 1963-","_Historical_Events","UF","18549467","Tree Planting Campaign","_Historical_Events"
"18549468","United States-Singapore Free Trade Agreement","_Historical_Events","Use","18541525","United States-Singapore Free Trade Agreement, 2003","_Historical_Events"
"18541525","United States-Singapore Free Trade Agreement, 2003","_Historical_Events","Category","","Economic events",""
"18541525","United States-Singapore Free Trade Agreement, 2003","_Historical_Events","Topic","","Free trade--Singapore",""
"18541525","United States-Singapore Free Trade Agreement, 2003","_Historical_Events","Description","","Economic event. The United States-Singapore Free Trade Agreement (USSFTA) was signed by Prime Minister Goh Chok Tong and President George W. Bush on 6 May 2003 in Washington DC. It was ratified by the US House of Representatives on 25 July 2003 and by the Senate on 1 August 2003. It was implemented on 1 January 2004. Besides the tariff concessions, the agreement also allowed easier movement of citizens from both countries.",""
"18541525","United States-Singapore Free Trade Agreement, 2003","_Historical_Events","Source","","Singapore: the Encyclopedia (2006) (ISBN: 9814155632) | Welcome to Singapore FTA network: Overview of United States (USSFTA) (http://www.fta.gov.sg/fta_ussfta.asp?hl=13)",""
"18541525","United States-Singapore Free Trade Agreement, 2003","_Historical_Events","Locality","","Washington DC",""
"18541525","United States-Singapore Free Trade Agreement, 2003","_Historical_Events","Year Started","","2003",""
"18541525","United States-Singapore Free Trade Agreement, 2003","_Historical_Events","Year End","","2003",""
"18541525","United States-Singapore Free Trade Agreement, 2003","_Historical_Events","Wikipedia URI","","http://en.wikipedia.org/wiki/Singapore%E2%80%93United_States_Free_Trade_Agreement",""
"18541525","United States-Singapore Free Trade Agreement, 2003","_Historical_Events","DBpedia URI","","http://dbpedia.org/resource/Singapore%E2%80%93United_States_Free_Trade_Agreement",""
"18541525","United States-Singapore Free Trade Agreement, 2003","_Historical_Events","UF","18549468","United States-Singapore Free Trade Agreement","_Historical_Events"
"18541525","United States-Singapore Free Trade Agreement, 2003","_Historical_Events","UF","18549469","US-Singapore Free Trade Agreement","_Historical_Events"
"18541525","United States-Singapore Free Trade Agreement, 2003","_Historical_Events","UF","18549470","USSFTA","_Historical_Events"
"18549469","US-Singapore Free Trade Agreement","_Historical_Events","Use","18541525","United States-Singapore Free Trade Agreement, 2003","_Historical_Events"
"18549470","USSFTA","_Historical_Events","Use","18541525","United States-Singapore Free Trade Agreement, 2003","_Historical_Events"
