"Key UID","Key Descriptor","Key Vocabulary","Relationship Type","Related UID","Related Descriptor","Related Vocabulary"
"18339543","Afghanistan","_Countries","Alpha-2 Code","","AF",""
"18339543","Afghanistan","_Countries","Source","","ISO 3166 Online Browsing Platform: Afghanistan (https://www.iso.org/obp/ui/#iso:code:3166:AF) Retrieved 19 Jul 2025",""
"18339543","Afghanistan","_Countries","UF","20614614","Islamic Republic of Afghanistan","_Countries"
"18339544","Åland Islands","_Countries","Alpha-2 Code","","AX",""
"18339544","Åland Islands","_Countries","Source","","ISO 3166 Online Browsing Platform: Åland Islands (https://www.iso.org/obp/ui/#iso:code:3166:AX) Retrieved 4 Jul 2025.",""
"18339545","Albania","_Countries","Alpha-2 Code","","AL",""
"18339545","Albania","_Countries","Source","","ISO 3166 Online Browsing Platform: Albania (https://www.iso.org/obp/ui/#iso:code:3166:AL) Retrieved 9 July 2025.",""
"18339545","Albania","_Countries","UF","20614615","Republic of Albania","_Countries"
"18339546","Algeria","_Countries","Alpha-2 Code","","DZ",""
"18339546","Algeria","_Countries","Source","","ISO 3166 Online Browsing Platform: Algeria (https://www.iso.org/obp/ui/#iso:code:3166:DZ) Retrieved 9 July 2025.",""
"18339546","Algeria","_Countries","UF","20614616","People's Democratic Republic of Algeria","_Countries"
"18339547","American Samoa","_Countries","Alpha-2 Code","","AS",""
"18339547","American Samoa","_Countries","Source","","ISO 3166 Online Browsing Platform: American Samoa (https://www.iso.org/obp/ui/#iso:code:3166:AS) Retrieved 9 July 2025.",""
"18339548","Andorra","_Countries","Alpha-2 Code","","AD",""
"18339548","Andorra","_Countries","Source","","ISO 3166 Online Browsing Platform: Andorra (https://www.iso.org/obp/ui/#iso:code:3166:AD) Retrieved 9 July 2025.",""
"18339548","Andorra","_Countries","UF","20614617","Principality of Andorra","_Countries"
"18339549","Angola","_Countries","Alpha-2 Code","","AO",""
"18339549","Angola","_Countries","Source","","ISO 3166 Online Browsing Platform: Angola (https://www.iso.org/obp/ui/#iso:code:3166:AO) Retrieved 9 July 2025.",""
"18339549","Angola","_Countries","UF","20614618","Republic of Angola","_Countries"
"18339550","Anguilla","_Countries","Alpha-2 Code","","AI",""
"18339550","Anguilla","_Countries","Source","","ISO 3166 Online Browsing Platform: Anguilla (https://www.iso.org/obp/ui/#iso:code:3166:AI) Retrieved 9 July 2025.",""
"18339551","Antarctica","_Countries","Alpha-2 Code","","AQ",""
"18339551","Antarctica","_Countries","Source","","ISO 3166 Online Browsing Platform: Antarctica (https://www.iso.org/obp/ui/#iso:code:3166:AQ) Retrieved 9 July 2025.",""
"18339552","Antigua and Barbuda","_Countries","Alpha-2 Code","","AG",""
"18339552","Antigua and Barbuda","_Countries","Source","","ISO 3166 Online Browsing Platform: Antigua and Barbuda (https://www.iso.org/obp/ui/#iso:code:3166:AG) Retrieved 9 July 2025.",""
"18339553","Argentina","_Countries","Alpha-2 Code","","AR",""
"18339553","Argentina","_Countries","Source","","ISO 3166 Online Browsing Platform: Argentina (https://www.iso.org/obp/ui/#iso:code:3166:AR) Retrieved 9 July 2025.",""
"18339553","Argentina","_Countries","UF","20614619","Argentine Republic","_Countries"
"20614619","Argentine Republic","_Countries","Use","18339553","Argentina","_Countries"
"18339554","Armenia","_Countries","Alpha-2 Code","","AM",""
"18339554","Armenia","_Countries","Source","","ISO 3166 Online Browsing Platform: Armenia (https://www.iso.org/obp/ui/#iso:code:3166:AM) Retrieved 9 July 2025.",""
"18339554","Armenia","_Countries","UF","20614620","Republic of Armenia","_Countries"
"18339555","Aruba","_Countries","Alpha-2 Code","","AW",""
"18339555","Aruba","_Countries","Source","","ISO 3166 Online Browsing Platform: Aruba (https://www.iso.org/obp/ui/#iso:code:3166:AW) Retrieved 9 July 2025.",""
"18339556","Australia","_Countries","Alpha-2 Code","","AU",""
"18339556","Australia","_Countries","Source","","ISO 3166 Online Browsing Platform: Australia (https://www.iso.org/obp/ui/#iso:code:3166:AU) Retrieved 9 July 2025.",""
"18339557","Austria","_Countries","Alpha-2 Code","","AT",""
"18339557","Austria","_Countries","Source","","ISO 3166 Online Browsing Platform: Austria (https://www.iso.org/obp/ui/#iso:code:3166:AT) Retrieved 9 July 2025.",""
"18339557","Austria","_Countries","UF","20614621","Republic of Austria","_Countries"
"18339558","Azerbaijan","_Countries","Alpha-2 Code","","AZ",""
"18339558","Azerbaijan","_Countries","Source","","ISO 3166 Online Browsing Platform: Azerbaijan (https://www.iso.org/obp/ui/#iso:code:3166:AZ) Retrieved 9 July 2025.",""
"18339558","Azerbaijan","_Countries","UF","20614622","Republic of Azerbaijan","_Countries"
"18339559","Bahamas","_Countries","Alpha-2 Code","","BS",""
"18339559","Bahamas","_Countries","Source","","ISO 3166 Online Browsing Platform: Bahamas (https://www.iso.org/obp/ui/#iso:code:3166:BS) Retrieved 9 July 2025.",""
"18339559","Bahamas","_Countries","UF","20614623","Commonwealth of the Bahamas","_Countries"
"18339560","Bahrain","_Countries","Alpha-2 Code","","BH",""
"18339560","Bahrain","_Countries","Source","","ISO 3166 Online Browsing Platform: Bahrain (https://www.iso.org/obp/ui/#iso:code:3166:BH) Retrieved 9 July 2025.",""
"18339560","Bahrain","_Countries","UF","20614624","Kingdom of Bahrain","_Countries"
"18339561","Bangladesh","_Countries","Alpha-2 Code","","BD",""
"18339561","Bangladesh","_Countries","Source","","ISO 3166 Online Browsing Platform: Bangladesh (https://www.iso.org/obp/ui/#iso:code:3166:BD) Retrieved 9 July 2025.",""
"18339561","Bangladesh","_Countries","UF","20614625","People's Republic of Bangladesh","_Countries"
"18339562","Barbados","_Countries","Alpha-2 Code","","BB",""
"18339562","Barbados","_Countries","Source","","ISO 3166 Online Browsing Platform: Barbados (https://www.iso.org/obp/ui/#iso:code:3166:BB) Retrieved 9 July 2025.",""
"18339563","Belarus","_Countries","Alpha-2 Code","","BY",""
"18339563","Belarus","_Countries","Source","","ISO 3166 Online Browsing Platform: Belarus (https://www.iso.org/obp/ui/#iso:code:3166:BY) Retrieved 9 July 2025.",""
"18339563","Belarus","_Countries","UF","20614858","Republic of Belarus","_Countries"
"18339564","Belgium","_Countries","Alpha-2 Code","","BE",""
"18339564","Belgium","_Countries","Source","","ISO 3166 Online Browsing Platform: Belgium (https://www.iso.org/obp/ui/#iso:code:3166:BE) Retrieved 9 July 2025.",""
"18339564","Belgium","_Countries","UF","20614859","Kingdom of Belgium","_Countries"
"18339565","Belize","_Countries","Alpha-2 Code","","BZ",""
"18339565","Belize","_Countries","Source","","ISO 3166 Online Browsing Platform: Belize (https://www.iso.org/obp/ui/#iso:code:3166:BZ) Retrieved 9 July 2025.",""
"18339566","Benin","_Countries","Alpha-2 Code","","BJ",""
"18339566","Benin","_Countries","Source","","ISO 3166 Online Browsing Platform: Benin (https://www.iso.org/obp/ui/#iso:code:3166:BJ) Retrieved 9 July 2025.",""
"18339566","Benin","_Countries","UF","20614862","the Republic of Benin","_Countries"
"18339567","Bermuda","_Countries","Alpha-2 Code","","BM",""
"18339567","Bermuda","_Countries","Source","","ISO 3166 Online Browsing Platform: Bermuda (https://www.iso.org/obp/ui/#iso:code:3166:BM) Retrieved 9 July 2025.",""
"18339568","Bhutan","_Countries","Alpha-2 Code","","BT",""
"18339568","Bhutan","_Countries","Source","","ISO 3166 Online Browsing Platform: Bhutan (https://www.iso.org/obp/ui/#iso:code:3166:BT) Retrieved 9 July 2025.",""
"18339568","Bhutan","_Countries","UF","20614863","the Kingdom of Bhutan","_Countries"
"20613645","The Bolivarian Republic of Venezuela","_Countries","Use","18339779","Venezuela, Bolivarian Republic of","_Countries"
"18339569","Bolivia","_Countries","Alpha-2 Code","","BO",""
"18339569","Bolivia","_Countries","Source","","ISO 3166 Online Browsing Platform (https://www.iso.org/obp/ui/#iso:code:3166:BO) Retrieved 26 Jul 2025",""
"19903693","Bonaire, Sint Eustatius and Saba","_Countries","Alpha-2 Code","","BQ",""
"19903693","Bonaire, Sint Eustatius and Saba","_Countries","Source","","ISO 3166 Online Browsing Platform: Bonaire, Sint Eustatius and Saba (https://www.iso.org/obp/ui/#iso:code:3166:BQ) Retrieved 9 July 2025.",""
"19903693","Bonaire, Sint Eustatius and Saba","_Countries","UF","19903694","Caribbean Netherlands","_Countries"
"18339570","Bosnia and Herzegovina","_Countries","Alpha-2 Code","","BA",""
"18339570","Bosnia and Herzegovina","_Countries","Source","","ISO 3166 Online Browsing Platform: Bosnia and Herzegovina (https://www.iso.org/obp/ui/#iso:code:3166:BA) Retrieved 9 July 2025.",""
"18339571","Botswana","_Countries","Alpha-2 Code","","BW",""
"18339571","Botswana","_Countries","Source","","ISO 3166 Online Browsing Platform: Botswana (https://www.iso.org/obp/ui/#iso:code:3166:BW) Retrieved 9 July 2025.",""
"18339571","Botswana","_Countries","UF","20614865","Republic of Botswana","_Countries"
"18339572","Bouvet Island","_Countries","Alpha-2 Code","","BV",""
"18339572","Bouvet Island","_Countries","Source","","ISO 3166 Online Browsing Platform: Bouvet Island (https://www.iso.org/obp/ui/#iso:code:3166:BV) Retrieved 9 July 2025.",""
"18339573","Brazil","_Countries","Alpha-2 Code","","BR",""
"18339573","Brazil","_Countries","Source","","ISO 3166 Online Browsing Platform: Brazil (https://www.iso.org/obp/ui/#iso:code:3166:BR) Retrieved 9 July 2025.",""
"18339574","British Indian Ocean Territory","_Countries","Alpha-2 Code","","IO",""
"18339574","British Indian Ocean Territory","_Countries","Source","","ISO 3166 Online Browsing Platform: British Indian Ocean Territory (https://www.iso.org/obp/ui/#iso:code:3166:IO) Retrieved 9 July 2025.",""
"20614716","British Virgin Islands","_Countries","Use","18339781","Virgin Islands (British)","_Countries"
"18339575","Brunei Darussalam","_Countries","Alpha-2 Code","","BN",""
"18339575","Brunei Darussalam","_Countries","Source","","ISO 3166 Online Browsing Platform: Brunei Darussalam (https://www.iso.org/obp/ui/#iso:code:3166:BN) Retrieved 9 July 2025.",""
"18339576","Bulgaria","_Countries","Alpha-2 Code","","BG",""
"18339576","Bulgaria","_Countries","Source","","ISO 3166 Online Browsing Platform: Bulgaria (https://www.iso.org/obp/ui/#iso:code:3166:BG) Retrieved 9 July 2025.",""
"18339577","Burkina Faso","_Countries","Alpha-2 Code","","BF",""
"18339577","Burkina Faso","_Countries","Source","","ISO 3166 Online Browsing Platform: Burkina Faso (https://www.iso.org/obp/ui/#iso:code:3166:BF) Retrieved 9 July 2025.",""
"18339802","Burma","_Countries","Use","18339693","Myanmar","_Countries"
"18339578","Burundi","_Countries","Alpha-2 Code","","BI",""
"18339578","Burundi","_Countries","Source","","ISO 3166 Online Browsing Platform: Burundi (https://www.iso.org/obp/ui/#iso:code:3166:BI) Retrieved 9 July 2025.",""
"18339582","Cabo Verde","_Countries","Alpha-2 Code","","CV",""
"18339582","Cabo Verde","_Countries","Source","","ISO 3166 Online Browsing Platform (https://www.iso.org/obp/ui/#iso:code:3166:CV) Retrieved 22 July 2025. | Britannica: Cabo Verde (https://www.britannica.com/place/Cabo-Verde) Retrieved 22 July 2025.",""
"18339582","Cabo Verde","_Countries","UF","20614709","Cape Verde","_Countries"
"18339579","Cambodia","_Countries","Alpha-2 Code","","KH",""
"18339579","Cambodia","_Countries","Source","","ISO 3166 Online Browsing Platform: Cambodia (https://www.iso.org/obp/ui/#iso:code:3166:KH) Retrieved 9 July 2025.",""
"18339580","Cameroon","_Countries","Alpha-2 Code","","CM",""
"18339580","Cameroon","_Countries","Source","","ISO 3166 Online Browsing Platform: Cameroon (https://www.iso.org/obp/ui/#iso:code:3166:CM) Retrieved 9 July 2025.",""
"18339581","Canada","_Countries","Alpha-2 Code","","CA",""
"18339581","Canada","_Countries","Source","","ISO 3166 Online Browsing Platform: Canada (https://www.iso.org/obp/ui/#iso:code:3166:CA) Retrieved 9 July 2025.",""
"20614709","Cape Verde","_Countries","Use","18339582","Cabo Verde","_Countries"
"19903694","Caribbean Netherlands","_Countries","Use","19903693","Bonaire, Sint Eustatius and Saba","_Countries"
"18339583","Cayman Islands","_Countries","Alpha-2 Code","","KY",""
"18339583","Cayman Islands","_Countries","Source","","ISO 3166 Online Browsing Platform: Cayman Islands (https://www.iso.org/obp/ui/#iso:code:3166:KY) Retrieved 9 July 2025.",""
"18339584","Central African Republic","_Countries","Alpha-2 Code","","CF",""
"18339584","Central African Republic","_Countries","Source","","ISO 3166 Online Browsing Platform: Central African Republic (https://www.iso.org/obp/ui/#iso:code:3166:CF) Retrieved 9 July 2025.",""
"18339585","Chad","_Countries","Alpha-2 Code","","TD",""
"18339585","Chad","_Countries","Source","","ISO 3166 Online Browsing Platform: Chad (https://www.iso.org/obp/ui/#iso:code:3166:TD) Retrieved 9 July 2025.",""
"18339586","Chile","_Countries","Alpha-2 Code","","CL",""
"18339586","Chile","_Countries","Source","","ISO 3166 Online Browsing Platform: Chile (https://www.iso.org/obp/ui/#iso:code:3166:CL) Retrieved 9 July 2025.",""
"18339587","China","_Countries","Alpha-2 Code","","CN",""
"18339587","China","_Countries","Source","","ISO 3166 Online Browsing Platform: China (https://www.iso.org/obp/ui/#iso:code:3166:CN) Retrieved 9 July 2025.",""
"18339588","Christmas Island","_Countries","Alpha-2 Code","","CX",""
"18339588","Christmas Island","_Countries","Source","","ISO 3166 Online Browsing Platform: Christmas Island (https://www.iso.org/obp/ui/#iso:code:3166:CX) Retrieved 9 July 2025.",""
"20614800","The Co-operative Republic of Guyana","_Countries","Use","18339635","Guyana","_Countries"
"18339589","Cocos (Keeling) Islands","_Countries","Alpha-2 Code","","CC",""
"18339589","Cocos (Keeling) Islands","_Countries","Source","","ISO 3166 Online Browsing Platform: Cocos (Keeling) Islands (https://www.iso.org/obp/ui/#iso:code:3166:CC) Retrieved 9 July 2025.",""
"18339590","Colombia","_Countries","Alpha-2 Code","","CO",""
"18339590","Colombia","_Countries","Source","","ISO 3166 Online Browsing Platform: Colombia (https://www.iso.org/obp/ui/#iso:code:3166:CO) Retrieved 9 July 2025.",""
"18339798","Commonwealth of Dominica","_Countries","Use","18339603","Dominica","_Countries"
"20614623","Commonwealth of the Bahamas","_Countries","Use","18339559","Bahamas","_Countries"
"20614644","The Commonwealth of the Northern Mariana Islands","_Countries","Use","18339706","Northern Mariana Islands","_Countries"
"18339591","Comoros","_Countries","Alpha-2 Code","","KM",""
"18339591","Comoros","_Countries","Source","","ISO 3166 Online Browsing Platform: Comoros (https://www.iso.org/obp/ui/#iso:code:3166:KM) Retrieved 9 July 2025.",""
"18339592","Congo","_Countries","Alpha-2 Code","","CG",""
"18339592","Congo","_Countries","Source","","ISO 3166 Online Browsing Platform: Congo (https://www.iso.org/obp/ui/#iso:code:3166:CG) Retrieved 9 July 2025.",""
"18339592","Congo","_Countries","UF","18339796","Republic of the Congo","_Countries"
"18339593","Congo, The Democratic Republic of the","_Countries","Alpha-2 Code","","CD",""
"18339593","Congo, The Democratic Republic of the","_Countries","Source","","ISO 3166 Online Browsing Platform: Congo, The Democratic Republic of the (https://www.iso.org/obp/ui/#iso:code:3166:CD) Retrieved 9 July 2025.",""
"18339593","Congo, The Democratic Republic of the","_Countries","UF","18339797","The Democratic Republic of the Congo","_Countries"
"18339593","Congo, The Democratic Republic of the","_Countries","UF","18339786","Zaire","_Countries"
"18339594","Cook Islands","_Countries","Alpha-2 Code","","CK",""
"18339594","Cook Islands","_Countries","Source","","ISO 3166 Online Browsing Platform: Cook Islands (https://www.iso.org/obp/ui/#iso:code:3166:CK) Retrieved 9 July 2025.",""
"18339595","Costa Rica","_Countries","Alpha-2 Code","","CR",""
"18339595","Costa Rica","_Countries","Source","","ISO 3166 Online Browsing Platform: Costa Rica (https://www.iso.org/obp/ui/#iso:code:3166:CR) Retrieved 9 July 2025.",""
"18339596","Côte d'Ivoire","_Countries","Alpha-2 Code","","CI",""
"18339596","Côte d'Ivoire","_Countries","Source","","ISO 3166 Online Browsing Platform (https://www.iso.org/obp/ui/#iso:code:3166:CI) Retrieved 22 July 2025.",""
"18339597","Croatia","_Countries","Alpha-2 Code","","HR",""
"18339597","Croatia","_Countries","Source","","ISO 3166 Online Browsing Platform: Croatia (https://www.iso.org/obp/ui/#iso:code:3166:HR) Retrieved 9 July 2025.",""
"18339598","Cuba","_Countries","Alpha-2 Code","","CU",""
"18339598","Cuba","_Countries","Source","","ISO 3166 Online Browsing Platform: Cuba (https://www.iso.org/obp/ui/#iso:code:3166:CU) Retrieved 9 July 2025.",""
"19903692","Curaçao","_Countries","Alpha-2 Code","","CW",""
"19903692","Curaçao","_Countries","Source","","ISO 3166 Online Browsing Platform (https://www.iso.org/obp/ui/#iso:code:3166:CW) Retrieved 23 July 2025.",""
"18339599","Cyprus","_Countries","Alpha-2 Code","","CY",""
"18339599","Cyprus","_Countries","Source","","ISO 3166 Online Browsing Platform: Cyprus (https://www.iso.org/obp/ui/#iso:code:3166:CY) Retrieved 9 July 2025.",""
"20614810","Czech Republic","_Countries","Use","18339600","Czechia","_Countries"
"18339600","Czechia","_Countries","Alpha-2 Code","","CZ",""
"18339600","Czechia","_Countries","Source","","ISO 3166 Online Browsing Platform (https://www.iso.org/obp/ui/#iso:code:3166:CZ) Retrieved 23 July 2025.",""
"18339600","Czechia","_Countries","UF","20614810","Czech Republic","_Countries"
"20614747","The Democratic People's Republic of Korea","_Countries","Use","18339658","Korea, Democratic People's Republic of","_Countries"
"20614678","The Democratic Republic of Sao Tome and Principe","_Countries","Use","18339733","Sao Tome and Principe","_Countries"
"18339797","The Democratic Republic of the Congo","_Countries","Use","18339593","Congo, The Democratic Republic of the","_Countries"
"20614701","The Democratic Republic of Timor-Leste","_Countries","Use","18339759","Timor-Leste","_Countries"
"20614693","The Democratic Socialist Republic of Sri Lanka","_Countries","Use","18339747","Sri Lanka","_Countries"
"18339601","Denmark","_Countries","Alpha-2 Code","","DK",""
"18339601","Denmark","_Countries","Source","","ISO 3166 Online Browsing Platform: Denmark (https://www.iso.org/obp/ui/#iso:code:3166:DK) Retrieved 9 July 2025.",""
"18339602","Djibouti","_Countries","Alpha-2 Code","","DJ",""
"18339602","Djibouti","_Countries","Source","","ISO 3166 Online Browsing Platform: Djibouti (https://www.iso.org/obp/ui/#iso:code:3166:DJ) Retrieved 9 July 2025.",""
"18339603","Dominica","_Countries","Alpha-2 Code","","DM",""
"18339603","Dominica","_Countries","Source","","ISO 3166 Online Browsing Platform: Dominica (https://www.iso.org/obp/ui/#iso:code:3166:DM) Retrieved 9 July 2025.",""
"18339603","Dominica","_Countries","UF","18339798","Commonwealth of Dominica","_Countries"
"18339604","Dominican Republic","_Countries","Alpha-2 Code","","DO",""
"18339604","Dominican Republic","_Countries","Source","","ISO 3166 Online Browsing Platform: Dominican Republic (https://www.iso.org/obp/ui/#iso:code:3166:DO) Retrieved 9 July 2025.",""
"20613151","East Timor","_Countries","Use","18339759","Timor-Leste","_Countries"
"20614712","The Eastern Republic of Uruguay","_Countries","Use","18339775","Uruguay","_Countries"
"18339605","Ecuador","_Countries","Alpha-2 Code","","EC",""
"18339605","Ecuador","_Countries","Source","","ISO 3166 Online Browsing Platform: Ecuador (https://www.iso.org/obp/ui/#iso:code:3166:EC) Retrieved 9 July 2025.",""
"18339606","Egypt","_Countries","Alpha-2 Code","","EG",""
"18339606","Egypt","_Countries","Source","","ISO 3166 Online Browsing Platform: Egypt (https://www.iso.org/obp/ui/#iso:code:3166:EG) Retrieved 9 July 2025.",""
"18339607","El Salvador","_Countries","Alpha-2 Code","","SV",""
"18339607","El Salvador","_Countries","Source","","ISO 3166 Online Browsing Platform: El Salvador (https://www.iso.org/obp/ui/#iso:code:3166:SV) Retrieved 9 July 2025.",""
"18339789","England","_Countries","BT","18339791","England and Wales","_Countries"
"18339791","England and Wales","_Countries","NT","18339789","England","_Countries"
"18339791","England and Wales","_Countries","NT","18339790","Wales","_Countries"
"18339791","England and Wales","_Countries","BT","18339792","Great Britain","_Countries"
"18339608","Equatorial Guinea","_Countries","Alpha-2 Code","","GQ",""
"18339608","Equatorial Guinea","_Countries","Source","","ISO 3166 Online Browsing Platform: Equatorial Guinea (https://www.iso.org/obp/ui/#iso:code:3166:GQ) Retrieved 9 July 2025.",""
"18339609","Eritrea","_Countries","Alpha-2 Code","","ER",""
"18339609","Eritrea","_Countries","Source","","ISO 3166 Online Browsing Platform: Eritrea (https://www.iso.org/obp/ui/#iso:code:3166:ER) Retrieved 9 July 2025.",""
"18339610","Estonia","_Countries","Alpha-2 Code","","EE",""
"18339610","Estonia","_Countries","Source","","ISO 3166 Online Browsing Platform: Estonia (https://www.iso.org/obp/ui/#iso:code:3166:EE) Retrieved 9 July 2025.",""
"18339751","Eswatini","_Countries","Alpha-2 Code","","SZ",""
"18339751","Eswatini","_Countries","Source","","ISO 3166 Online Browsing Platform: Eswatini (https://www.iso.org/obp/ui/#iso:code:3166:SZ) Retrieved 9 July 2025. | Wikipedia: Eswatini (https://en.wikipedia.org/wiki/Eswatini) Retrieved 28 July 2025.",""
"18339751","Eswatini","_Countries","UF","20614892","Swaziland","_Countries"
"18339611","Ethiopia","_Countries","Alpha-2 Code","","ET",""
"18339611","Ethiopia","_Countries","Source","","ISO 3166 Online Browsing Platform: Ethiopia (https://www.iso.org/obp/ui/#iso:code:3166:ET) Retrieved 9 July 2025.",""
"18339795","Europe","_Countries","","","",""
"18339612","Falkland Islands (Malvinas)","_Countries","Alpha-2 Code","","FK",""
"18339612","Falkland Islands (Malvinas)","_Countries","Source","","ISO 3166 Online Browsing Platform: Falkland Islands (Malvinas) (https://www.iso.org/obp/ui/#iso:code:3166:FK) Retrieved 9 July 2025.",""
"18339612","Falkland Islands (Malvinas)","_Countries","UF","18339799","Malvinas","_Countries"
"18339613","Faroe Islands","_Countries","Alpha-2 Code","","FO",""
"18339613","Faroe Islands","_Countries","Source","","ISO 3166 Online Browsing Platform: Faroe Islands (https://www.iso.org/obp/ui/#iso:code:3166:FO) Retrieved 9 July 2025.",""
"20614787","The Federal Republic of Germany","_Countries","Use","18339623","Germany","_Countries"
"20614642","The Federal Republic of Nigeria","_Countries","Use","18339703","Nigeria","_Countries"
"20614687","The Federal Republic of Somalia","_Countries","Use","18339743","Somalia","_Countries"
"20614769","The Federated States of Micronesia","_Countries","Use","18339685","Micronesia, Federated States of","_Countries"
"18339614","Fiji","_Countries","Alpha-2 Code","","FJ",""
"18339614","Fiji","_Countries","Source","","ISO 3166 Online Browsing Platform: Fiji (https://www.iso.org/obp/ui/#iso:code:3166:FJ) Retrieved 9 July 2025.",""
"18339615","Finland","_Countries","Alpha-2 Code","","FI",""
"18339615","Finland","_Countries","Source","","ISO 3166 Online Browsing Platform: Finland (https://www.iso.org/obp/ui/#iso:code:3166:FI) Retrieved 9 July 2025.",""
"20614643","The former Yugoslav Republic of Macedonia","_Countries","Use","18339672","North Macedonia","_Countries"
"18339616","France","_Countries","Alpha-2 Code","","FR",""
"18339616","France","_Countries","Source","","ISO 3166 Online Browsing Platform: France (https://www.iso.org/obp/ui/#iso:code:3166:FR) Retrieved 9 July 2025.",""
"18339617","French Guiana","_Countries","Alpha-2 Code","","GF",""
"18339617","French Guiana","_Countries","Source","","ISO 3166 Online Browsing Platform: French Guiana (https://www.iso.org/obp/ui/#iso:code:3166:GF) Retrieved 23 July 2025.",""
"18339618","French Polynesia","_Countries","Alpha-2 Code","","PF",""
"18339618","French Polynesia","_Countries","Source","","ISO 3166 Online Browsing Platform: French Polynesia (https://www.iso.org/obp/ui/#iso:code:3166:PF) Retrieved 23 July 2025.",""
"18339619","French Southern Territories","_Countries","Alpha-2 Code","","TF",""
"18339619","French Southern Territories","_Countries","Source","","ISO 3166 Online Browsing Platform: French Southern Territories (https://www.iso.org/obp/ui/#iso:code:3166:TF) Retrieved 23 July 2025.",""
"18339620","Gabon","_Countries","Alpha-2 Code","","GA",""
"18339620","Gabon","_Countries","Source","","ISO 3166 Online Browsing Platform: Gabon (https://www.iso.org/obp/ui/#iso:code:3166:GA) Retrieved 23 July 2025.",""
"18339620","Gabon","_Countries","UF","20614785","The Gabonese Republic","_Countries"
"20614785","The Gabonese Republic","_Countries","Use","18339620","Gabon","_Countries"
"18339621","Gambia","_Countries","Alpha-2 Code","","GM",""
"18339621","Gambia","_Countries","Source","","ISO 3166 Online Browsing Platform: Gambia (https://www.iso.org/obp/ui/#iso:code:3166:GM) Retrieved 23 July 2025.",""
"18339621","Gambia","_Countries","UF","20614786","The Republic of the Gambia","_Countries"
"18339622","Georgia","_Countries","Alpha-2 Code","","GE",""
"18339622","Georgia","_Countries","Source","","ISO 3166 Online Browsing Platform: Georgia (https://www.iso.org/obp/ui/#iso:code:3166:GE) Retrieved 23 July 2025.",""
"18339623","Germany","_Countries","Alpha-2 Code","","DE",""
"18339623","Germany","_Countries","Source","","ISO 3166 Online Browsing Platform: Germany (https://www.iso.org/obp/ui/#iso:code:3166:DE) Retrieved 23 July 2025.",""
"18339623","Germany","_Countries","UF","20614787","The Federal Republic of Germany","_Countries"
"18339624","Ghana","_Countries","Alpha-2 Code","","GH",""
"18339624","Ghana","_Countries","Source","","ISO 3166 Online Browsing Platform: Ghana (https://www.iso.org/obp/ui/#iso:code:3166:GH) Retrieved 23 July 2025.",""
"18339624","Ghana","_Countries","UF","20614788","The Republic of Ghana","_Countries"
"18339625","Gibraltar","_Countries","Alpha-2 Code","","GI",""
"18339625","Gibraltar","_Countries","Source","","ISO 3166 Online Browsing Platform: Gibraltar (https://www.iso.org/obp/ui/#iso:code:3166:GI) Retrieved 23 July 2025.",""
"20614758","The Grand Duchy of Luxembourg","_Countries","Use","18339670","Luxembourg","_Countries"
"18339792","Great Britain","_Countries","Source","","ISO 3166 Online Browsing Platform (https://www.iso.org/obp/ui/#iso:code:3166:GB) Retrieved 23 Jul 2025.",""
"18339792","Great Britain","_Countries","NT","18339791","England and Wales","_Countries"
"18339792","Great Britain","_Countries","BT","18339772","United Kingdom of Great Britain and Northern Ireland","_Countries"
"18339626","Greece","_Countries","Alpha-2 Code","","GR",""
"18339626","Greece","_Countries","Source","","ISO 3166 Online Browsing Platform: Greece (https://www.iso.org/obp/ui/#iso:code:3166:GR) Retrieved 23 July 2025.",""
"18339626","Greece","_Countries","UF","20614789","The Hellenic Republic","_Countries"
"18339627","Greenland","_Countries","Alpha-2 Code","","GL",""
"18339627","Greenland","_Countries","Source","","ISO 3166 Online Browsing Platform: Greenland (https://www.iso.org/obp/ui/#iso:code:3166:GL) Retrieved 23 July 2025.",""
"18339628","Grenada","_Countries","Alpha-2 Code","","GD",""
"18339628","Grenada","_Countries","Source","","ISO 3166 Online Browsing Platform: Grenada (https://www.iso.org/obp/ui/#iso:code:3166:GD) Retrieved 23 July 2025.",""
"18339629","Guadeloupe","_Countries","Alpha-2 Code","","GP",""
"18339629","Guadeloupe","_Countries","Source","","ISO 3166 Online Browsing Platform: Guadeloupe (https://www.iso.org/obp/ui/#iso:code:3166:GP) Retrieved 23 July 2025.",""
"18339630","Guam","_Countries","Alpha-2 Code","","GU",""
"18339630","Guam","_Countries","Source","","ISO 3166 Online Browsing Platform: Guam (https://www.iso.org/obp/ui/#iso:code:3166:GU) Retrieved 23 July 2025.",""
"18339631","Guatemala","_Countries","Alpha-2 Code","","GT",""
"18339631","Guatemala","_Countries","Source","","ISO 3166 Online Browsing Platform: Guatemala (https://www.iso.org/obp/ui/#iso:code:3166:GT) Retrieved 23 July 2025.",""
"18339631","Guatemala","_Countries","UF","20614797","The Republic of Guatemala","_Countries"
"18339632","Guernsey","_Countries","Alpha-2 Code","","GG",""
"18339632","Guernsey","_Countries","Source","","ISO 3166 Online Browsing Platform: Guernsey (https://www.iso.org/obp/ui/#iso:code:3166:GG) Retrieved 23 July 2025.",""
"18339633","Guinea","_Countries","Alpha-2 Code","","GN",""
"18339633","Guinea","_Countries","Source","","ISO 3166 Online Browsing Platform: Guinea (https://www.iso.org/obp/ui/#iso:code:3166:GN) Retrieved 23 July 2025.",""
"18339633","Guinea","_Countries","UF","20614798","The Republic of Guinea","_Countries"
"18339634","Guinea-Bissau","_Countries","Alpha-2 Code","","GW",""
"18339634","Guinea-Bissau","_Countries","Source","","ISO 3166 Online Browsing Platform: Guinea-Bissau (https://www.iso.org/obp/ui/#iso:code:3166:GW) Retrieved 23 July 2025.",""
"18339634","Guinea-Bissau","_Countries","UF","20614799","The Republic of Guinea-Bissau","_Countries"
"18339635","Guyana","_Countries","Alpha-2 Code","","GY",""
"18339635","Guyana","_Countries","Source","","ISO 3166 Online Browsing Platform: Guyana (https://www.iso.org/obp/ui/#iso:code:3166:GY) Retrieved 23 July 2025.",""
"18339635","Guyana","_Countries","UF","20614800","The Co-operative Republic of Guyana","_Countries"
"18339636","Haiti","_Countries","Alpha-2 Code","","HT",""
"18339636","Haiti","_Countries","Source","","ISO 3166 Online Browsing Platform: Haiti (https://www.iso.org/obp/ui/#iso:code:3166:HT) Retrieved 23 July 2025.",""
"18339636","Haiti","_Countries","UF","20614801","The Republic of Haiti","_Countries"
"20614743","The Hashemite Kingdom of Jordan","_Countries","Use","18339654","Jordan","_Countries"
"18339637","Heard Island and McDonald Islands","_Countries","Alpha-2 Code","","HM",""
"18339637","Heard Island and McDonald Islands","_Countries","Source","","ISO 3166 Online Browsing Platform: Heard Island and Mcdonald Islands (https://www.iso.org/obp/ui/#iso:code:3166:HM) Retrieved 23 July 2025.",""
"20614789","The Hellenic Republic","_Countries","Use","18339626","Greece","_Countries"
"18339804","Holland","_Countries","Use","18339697","Netherlands, Kingdom of the","_Countries"
"18339638","Holy See","_Countries","Alpha-2 Code","","VA",""
"18339638","Holy See","_Countries","Source","","ISO 3166 Online Browsing Platform: Holy See (Vatican City State) (https://www.iso.org/obp/ui/#iso:code:3166:VA) Retrieved 23 July 2025.",""
"18339638","Holy See","_Countries","UF","20614802","Holy See (Vatican City State)","_Countries"
"18339638","Holy See","_Countries","UF","18339778","Vatican City","_Countries"
"18339638","Holy See","_Countries","UF","20614803","Vatican City State (Holy See)","_Countries"
"20614802","Holy See (Vatican City State)","_Countries","Use","18339638","Holy See","_Countries"
"18339639","Honduras","_Countries","Alpha-2 Code","","HN",""
"18339639","Honduras","_Countries","Source","","ISO 3166 Online Browsing Platform: Honduras (https://www.iso.org/obp/ui/#iso:code:3166:HN) Retrieved 23 July 2025.",""
"18339639","Honduras","_Countries","UF","20614804","The Republic of Honduras","_Countries"
"18339640","Hong Kong","_Countries","Alpha-2 Code","","HK",""
"18339640","Hong Kong","_Countries","Source","","ISO 3166 Online Browsing Platform: Hong Kong (https://www.iso.org/obp/ui/#iso:code:3166:HK) Retrieved 23 July 2025.",""
"18339640","Hong Kong","_Countries","UF","20614805","The Hong Kong Special Administrative Region of China","_Countries"
"20614805","The Hong Kong Special Administrative Region of China","_Countries","Use","18339640","Hong Kong","_Countries"
"18339641","Hungary","_Countries","Alpha-2 Code","","HU",""
"18339641","Hungary","_Countries","Source","","ISO 3166 Online Browsing Platform: Hungary (https://www.iso.org/obp/ui/#iso:code:3166:HU) Retrieved 23 July 2025.",""
"18339642","Iceland","_Countries","Alpha-2 Code","","IS",""
"18339642","Iceland","_Countries","Source","","ISO 3166 Online Browsing Platform: Iceland (https://www.iso.org/obp/ui/#iso:code:3166:IS) Retrieved 23 July 2025.",""
"20614657","The Independent State of Papua New Guinea","_Countries","Use","18339713","Papua New Guinea","_Countries"
"20614676","The Independent State of Samoa","_Countries","Use","18339731","Samoa","_Countries"
"18339643","India","_Countries","Alpha-2 Code","","IN",""
"18339643","India","_Countries","Source","","ISO 3166 Online Browsing Platform: India (https://www.iso.org/obp/ui/#iso:code:3166:IN) Retrieved 23 July 2025.",""
"18339643","India","_Countries","UF","20614806","The Republic of India","_Countries"
"18339644","Indonesia","_Countries","Alpha-2 Code","","ID",""
"18339644","Indonesia","_Countries","Source","","ISO 3166 Online Browsing Platform: Indonesia (https://www.iso.org/obp/ui/#iso:code:3166:ID) Retrieved 23 July 2025.",""
"18339644","Indonesia","_Countries","UF","20614807","The Republic of Indonesia","_Countries"
"18339645","Iran, Islamic Republic of","_Countries","Alpha-2 Code","","IR",""
"18339645","Iran, Islamic Republic of","_Countries","Source","","ISO 3166 Online Browsing Platform: Iran, Islamic Republic of (https://www.iso.org/obp/ui/#iso:code:3166:IR) Retrieved 23 July 2025.",""
"18339645","Iran, Islamic Republic of","_Countries","UF","20614808","The Islamic Republic of Iran","_Countries"
"18339646","Iraq","_Countries","Alpha-2 Code","","IQ",""
"18339646","Iraq","_Countries","Source","","ISO 3166 Online Browsing Platform: Iraq (https://www.iso.org/obp/ui/#iso:code:3166:IQ) Retrieved 23 July 2025.",""
"18339646","Iraq","_Countries","UF","20614809","The Republic of Iraq","_Countries"
"18339647","Ireland","_Countries","Alpha-2 Code","","IE",""
"18339647","Ireland","_Countries","Source","","ISO 3166 Online Browsing Platform: Ireland (https://www.iso.org/obp/ui/#iso:code:3166:IE) Retrieved 23 July 2025.",""
"20614614","Islamic Republic of Afghanistan","_Countries","Use","18339543","Afghanistan","_Countries"
"20614808","The Islamic Republic of Iran","_Countries","Use","18339645","Iran, Islamic Republic of","_Countries"
"20614766","The Islamic Republic of Mauritania","_Countries","Use","18339681","Mauritania","_Countries"
"20614651","The Islamic Republic of Pakistan","_Countries","Use","18339709","Pakistan","_Countries"
"18339648","Isle of Man","_Countries","Alpha-2 Code","","IM",""
"18339648","Isle of Man","_Countries","Source","","ISO 3166 Online Browsing Platform: Isle of Man (https://www.iso.org/obp/ui/#iso:code:3166:IM) Retrieved 23 July 2025.",""
"18339649","Israel","_Countries","Alpha-2 Code","","IL",""
"18339649","Israel","_Countries","Source","","ISO 3166 Online Browsing Platform: Israel (https://www.iso.org/obp/ui/#iso:code:3166:IL) Retrieved 23 July 2025.",""
"18339649","Israel","_Countries","UF","20614741","The State of Israel","_Countries"
"18339650","Italy","_Countries","Alpha-2 Code","","IT",""
"18339650","Italy","_Countries","Source","","ISO 3166 Online Browsing Platform: Italy (https://www.iso.org/obp/ui/#iso:code:3166:IT) Retrieved 23 July 2025.",""
"18339650","Italy","_Countries","UF","20614742","The Republic of Italy","_Countries"
"18339651","Jamaica","_Countries","Alpha-2 Code","","JM",""
"18339651","Jamaica","_Countries","Source","","ISO 3166 Online Browsing Platform: Jamaica (https://www.iso.org/obp/ui/#iso:code:3166:JM) Retrieved 23 July 2025.",""
"18339652","Japan","_Countries","Alpha-2 Code","","JP",""
"18339652","Japan","_Countries","Source","","ISO 3166 Online Browsing Platform: Japan (https://www.iso.org/obp/ui/#iso:code:3166:JP) Retrieved 23 July 2025.",""
"18339653","Jersey","_Countries","Alpha-2 Code","","JE",""
"18339653","Jersey","_Countries","Source","","ISO 3166 Online Browsing Platform: Jersey (https://www.iso.org/obp/ui/#iso:code:3166:JE) Retrieved 23 July 2025.",""
"18339654","Jordan","_Countries","Alpha-2 Code","","JO",""
"18339654","Jordan","_Countries","Source","","ISO 3166 Online Browsing Platform: Jordan (https://www.iso.org/obp/ui/#iso:code:3166:JO) Retrieved 23 July 2025.",""
"18339654","Jordan","_Countries","UF","20614743","The Hashemite Kingdom of Jordan","_Countries"
"18339655","Kazakhstan","_Countries","Alpha-2 Code","","KZ",""
"18339655","Kazakhstan","_Countries","Source","","ISO 3166 Online Browsing Platform: Kazakhstan (https://www.iso.org/obp/ui/#iso:code:3166:KZ) Retrieved 23 July 2025.",""
"18339655","Kazakhstan","_Countries","UF","20614744","The Republic of Kazakhstan","_Countries"
"18339656","Kenya","_Countries","Alpha-2 Code","","KE",""
"18339656","Kenya","_Countries","Source","","ISO 3166 Online Browsing Platform: Kenya (https://www.iso.org/obp/ui/#iso:code:3166:KE) Retrieved 23 July 2025.",""
"18339656","Kenya","_Countries","UF","20614745","The Republic of Kenya","_Countries"
"20614624","Kingdom of Bahrain","_Countries","Use","18339560","Bahrain","_Countries"
"20614859","Kingdom of Belgium","_Countries","Use","18339564","Belgium","_Countries"
"20614863","the Kingdom of Bhutan","_Countries","Use","18339568","Bhutan","_Countries"
"20614753","The Kingdom of Lesotho","_Countries","Use","18339665","Lesotho","_Countries"
"20614771","The Kingdom of Morocco","_Countries","Use","18339691","Morocco","_Countries"
"20614645","The Kingdom of Norway","_Countries","Use","18339707","Norway","_Countries"
"20614679","The Kingdom of Saudi Arabia","_Countries","Use","18339734","Saudi Arabia","_Countries"
"20614697","The Kingdom of Sweden","_Countries","Use","18339752","Sweden","_Countries"
"20614700","The Kingdom of Thailand","_Countries","Use","18339758","Thailand","_Countries"
"20614779","The Kingdom of the Netherlands","_Countries","Use","18339697","Netherlands, Kingdom of the","_Countries"
"20614703","The Kingdom of Tonga","_Countries","Use","18339762","Tonga","_Countries"
"18339657","Kiribati","_Countries","Alpha-2 Code","","KI",""
"18339657","Kiribati","_Countries","Source","","ISO 3166 Online Browsing Platform: Kiribati (https://www.iso.org/obp/ui/#iso:code:3166:KI) Retrieved 23 July 2025.",""
"18339657","Kiribati","_Countries","UF","20614746","The Republic of Kiribati","_Countries"
"18339658","Korea, Democratic People's Republic of","_Countries","Alpha-2 Code","","KP",""
"18339658","Korea, Democratic People's Republic of","_Countries","Source","","ISO 3166 Online Browsing Platform: Korea, Democratic People's Republic of (https://www.iso.org/obp/ui/#iso:code:3166:KP) Retrieved 23 July 2025.",""
"18339658","Korea, Democratic People's Republic of","_Countries","UF","20614747","The Democratic People's Republic of Korea","_Countries"
"18339658","Korea, Democratic People's Republic of","_Countries","UF","18339814","North Korea","_Countries"
"18339659","Korea, Republic of","_Countries","Alpha-2 Code","","KR",""
"18339659","Korea, Republic of","_Countries","Source","","ISO 3166 Online Browsing Platform: Korea, Republic of (https://www.iso.org/obp/ui/#iso:code:3166:KR) Retrieved 23 July 2025.",""
"18339659","Korea, Republic of","_Countries","UF","20614748","The Republic of Korea","_Countries"
"18339659","Korea, Republic of","_Countries","UF","18339815","South Korea","_Countries"
"18339660","Kuwait","_Countries","Alpha-2 Code","","KW",""
"18339660","Kuwait","_Countries","Source","","ISO 3166 Online Browsing Platform: Kuwait (https://www.iso.org/obp/ui/#iso:code:3166:KW) Retrieved 23 July 2025.",""
"18339660","Kuwait","_Countries","UF","20614749","The State of Kuwait","_Countries"
"20614750","The Kyrgyz Republic","_Countries","Use","18339661","Kyrgyzstan","_Countries"
"18339661","Kyrgyzstan","_Countries","Alpha-2 Code","","KG",""
"18339661","Kyrgyzstan","_Countries","Source","","ISO 3166 Online Browsing Platform: Kyrgyzstan (https://www.iso.org/obp/ui/#iso:code:3166:KG) Retrieved 23 July 2025.",""
"18339661","Kyrgyzstan","_Countries","UF","20614750","The Kyrgyz Republic","_Countries"
"18339662","Lao People's Democratic Republic","_Countries","Alpha-2 Code","","LA",""
"18339662","Lao People's Democratic Republic","_Countries","Source","","ISO 3166 Online Browsing Platform: Lao People's Democratic Republic (https://www.iso.org/obp/ui/#iso:code:3166:LA) Retrieved 23 July 2025.",""
"18339662","Lao People's Democratic Republic","_Countries","UF","18339817","Laos","_Countries"
"18339817","Laos","_Countries","Use","18339662","Lao People's Democratic Republic","_Countries"
"18339663","Latvia","_Countries","Alpha-2 Code","","LV",""
"18339663","Latvia","_Countries","Source","","ISO 3166 Online Browsing Platform: Latvia (https://www.iso.org/obp/ui/#iso:code:3166:LV) Retrieved 23 July 2025.",""
"18339663","Latvia","_Countries","UF","20614751","The Republic of Latvia","_Countries"
"20614752","The Lebanese Republic","_Countries","Use","18339664","Lebanon","_Countries"
"18339664","Lebanon","_Countries","Alpha-2 Code","","LB",""
"18339664","Lebanon","_Countries","Source","","ISO 3166 Online Browsing Platform: Lebanon (https://www.iso.org/obp/ui/#iso:code:3166:LB) Retrieved 23 July 2025.",""
"18339664","Lebanon","_Countries","UF","20614752","The Lebanese Republic","_Countries"
"18339665","Lesotho","_Countries","Alpha-2 Code","","LS",""
"18339665","Lesotho","_Countries","Source","","ISO 3166 Online Browsing Platform: Lesotho (https://www.iso.org/obp/ui/#iso:code:3166:LS) Retrieved 23 July 2025.",""
"18339665","Lesotho","_Countries","UF","20614753","The Kingdom of Lesotho","_Countries"
"18339666","Liberia","_Countries","Alpha-2 Code","","LR",""
"18339666","Liberia","_Countries","Source","","ISO 3166 Online Browsing Platform: Liberia (https://www.iso.org/obp/ui/#iso:code:3166:LR) Retrieved 23 July 2025.",""
"18339666","Liberia","_Countries","UF","20614754","The Republic of Liberia","_Countries"
"18339667","Libya","_Countries","Alpha-2 Code","","LY",""
"18339667","Libya","_Countries","Source","","ISO 3166 Online Browsing Platform: Libya (https://www.iso.org/obp/ui/#iso:code:3166:LY) Retrieved 23 July 2025.",""
"18339667","Libya","_Countries","UF","18339818","Libyan Arab Jamahiriya","_Countries"
"18339667","Libya","_Countries","UF","20614755","The State of Libya","_Countries"
"18339818","Libyan Arab Jamahiriya","_Countries","Use","18339667","Libya","_Countries"
"18339668","Liechtenstein","_Countries","Alpha-2 Code","","LI",""
"18339668","Liechtenstein","_Countries","Source","","ISO 3166 Online Browsing Platform: Liechtenstein (https://www.iso.org/obp/ui/#iso:code:3166:LI) Retrieved 23 July 2025.",""
"18339668","Liechtenstein","_Countries","UF","20614756","The Principality of Liechtenstein","_Countries"
"18339821","Lion City","_Countries","Use","18339739","Singapore","_Countries"
"18339669","Lithuania","_Countries","Alpha-2 Code","","LT",""
"18339669","Lithuania","_Countries","Source","","ISO 3166 Online Browsing Platform: Lithuania (https://www.iso.org/obp/ui/#iso:code:3166:LT) Retrieved 23 July 2025.",""
"18339669","Lithuania","_Countries","UF","20614757","The Republic of Lithuania","_Countries"
"18339670","Luxembourg","_Countries","Alpha-2 Code","","LU",""
"18339670","Luxembourg","_Countries","Source","","ISO 3166 Online Browsing Platform: Luxembourg (https://www.iso.org/obp/ui/#iso:code:3166:LU) Retrieved 23 July 2025.",""
"18339670","Luxembourg","_Countries","UF","20614758","The Grand Duchy of Luxembourg","_Countries"
"18339671","Macao","_Countries","Alpha-2 Code","","MO",""
"18339671","Macao","_Countries","Source","","ISO 3166 Online Browsing Platform: Macao (https://www.iso.org/obp/ui/#iso:code:3166:MO) Retrieved 23 July 2025.",""
"18339671","Macao","_Countries","UF","20614759","Macao Special Administrative Region of China","_Countries"
"18339671","Macao","_Countries","UF","19903731","Macau","_Countries"
"20614759","Macao Special Administrative Region of China","_Countries","Use","18339671","Macao","_Countries"
"19903731","Macau","_Countries","Use","18339671","Macao","_Countries"
"18339673","Madagascar","_Countries","Alpha-2 Code","","MG",""
"18339673","Madagascar","_Countries","Source","","ISO 3166 Online Browsing Platform: Madagascar (https://www.iso.org/obp/ui/#iso:code:3166:MG) Retrieved 23 July 2025.",""
"18339673","Madagascar","_Countries","UF","20614760","The Republic of Madagascar","_Countries"
"18339674","Malawi","_Countries","Alpha-2 Code","","MW",""
"18339674","Malawi","_Countries","Source","","ISO 3166 Online Browsing Platform: Malawi (https://www.iso.org/obp/ui/#iso:code:3166:MW) Retrieved 23 July 2025.",""
"18339674","Malawi","_Countries","UF","20614761","The Republic of Malawi","_Countries"
"18339675","Malaysia","_Countries","Alpha-2 Code","","MY",""
"18339675","Malaysia","_Countries","Source","","ISO 3166 Online Browsing Platform: Malaysia (https://www.iso.org/obp/ui/#iso:code:3166:MY) Retrieved 23 July 2025.",""
"18339676","Maldives","_Countries","Alpha-2 Code","","MV",""
"18339676","Maldives","_Countries","Source","","ISO 3166 Online Browsing Platform: Maldives (https://www.iso.org/obp/ui/#iso:code:3166:MV) Retrieved 23 July 2025.",""
"18339676","Maldives","_Countries","UF","20614762","The Republic of Maldives","_Countries"
"18339677","Mali","_Countries","Alpha-2 Code","","ML",""
"18339677","Mali","_Countries","Source","","ISO 3166 Online Browsing Platform: Mali (https://www.iso.org/obp/ui/#iso:code:3166:ML) Retrieved 23 July 2025.",""
"18339677","Mali","_Countries","UF","20614763","The Republic of Mali","_Countries"
"18339678","Malta","_Countries","Alpha-2 Code","","MT",""
"18339678","Malta","_Countries","Source","","ISO 3166 Online Browsing Platform: Malta (https://www.iso.org/obp/ui/#iso:code:3166:MT) Retrieved 23 July 2025.",""
"18339678","Malta","_Countries","UF","20614764","The Republic of Malta","_Countries"
"18339799","Malvinas","_Countries","Use","18339612","Falkland Islands (Malvinas)","_Countries"
"18339679","Marshall Islands","_Countries","Alpha-2 Code","","MH",""
"18339679","Marshall Islands","_Countries","Source","","ISO 3166 Online Browsing Platform: Marshall Islands (https://www.iso.org/obp/ui/#iso:code:3166:MH) Retrieved 23 July 2025.",""
"18339679","Marshall Islands","_Countries","UF","20614765","The Republic of the Marshall Islands","_Countries"
"18339680","Martinique","_Countries","Alpha-2 Code","","MQ",""
"18339680","Martinique","_Countries","Source","","ISO 3166 Online Browsing Platform: Martinique (https://www.iso.org/obp/ui/#iso:code:3166:MQ) Retrieved 23 July 2025.",""
"18339681","Mauritania","_Countries","Alpha-2 Code","","MR",""
"18339681","Mauritania","_Countries","Source","","ISO 3166 Online Browsing Platform: Mauritania (https://www.iso.org/obp/ui/#iso:code:3166:MR) Retrieved 23 July 2025.",""
"18339681","Mauritania","_Countries","UF","20614766","The Islamic Republic of Mauritania","_Countries"
"18339682","Mauritius","_Countries","Alpha-2 Code","","MU",""
"18339682","Mauritius","_Countries","Source","","ISO 3166 Online Browsing Platform: Mauritius (https://www.iso.org/obp/ui/#iso:code:3166:MU) Retrieved 23 July 2025.",""
"18339682","Mauritius","_Countries","UF","20614767","The Republic of Mauritius","_Countries"
"18339683","Mayotte","_Countries","Alpha-2 Code","","YT",""
"18339683","Mayotte","_Countries","Source","","ISO 3166 Online Browsing Platform: Mayotte (https://www.iso.org/obp/ui/#iso:code:3166:YT) Retrieved 23 July 2025.",""
"18339684","Mexico","_Countries","Alpha-2 Code","","MX",""
"18339684","Mexico","_Countries","Source","","ISO 3166 Online Browsing Platform: Mexico (https://www.iso.org/obp/ui/#iso:code:3166:MX) Retrieved 23 July 2025.",""
"18339684","Mexico","_Countries","UF","20614768","The United Mexican States","_Countries"
"18339685","Micronesia, Federated States of","_Countries","Alpha-2 Code","","FM",""
"18339685","Micronesia, Federated States of","_Countries","Source","","ISO 3166 Online Browsing Platform: Micronesia, Federated States of (https://www.iso.org/obp/ui/#iso:code:3166:FM) Retrieved 23 July 2025.",""
"18339685","Micronesia, Federated States of","_Countries","UF","20614769","The Federated States of Micronesia","_Countries"
"18339801","Moldova","_Countries","Use","18339686","Moldova, Republic of","_Countries"
"18339686","Moldova, Republic of","_Countries","Alpha-2 Code","","MD",""
"18339686","Moldova, Republic of","_Countries","Source","","ISO 3166 Online Browsing Platform: Moldova, Republic of (https://www.iso.org/obp/ui/#iso:code:3166:MD) Retrieved 23 July 2025.",""
"18339686","Moldova, Republic of","_Countries","UF","18339801","Moldova","_Countries"
"18339686","Moldova, Republic of","_Countries","UF","18339800","The Republic of Moldova","_Countries"
"18339687","Monaco","_Countries","Alpha-2 Code","","MC",""
"18339687","Monaco","_Countries","Source","","ISO 3166 Online Browsing Platform: Monaco (https://www.iso.org/obp/ui/#iso:code:3166:MC) Retrieved 23 July 2025.",""
"18339687","Monaco","_Countries","UF","20614770","The Principality of Monaco","_Countries"
"18339688","Mongolia","_Countries","Alpha-2 Code","","MN",""
"18339688","Mongolia","_Countries","Source","","ISO 3166 Online Browsing Platform: Mongolia (https://www.iso.org/obp/ui/#iso:code:3166:MN) Retrieved 23 July 2025.",""
"18339689","Montenegro","_Countries","Alpha-2 Code","","ME",""
"18339689","Montenegro","_Countries","Source","","ISO 3166 Online Browsing Platform: Montenegro (https://www.iso.org/obp/ui/#iso:code:3166:ME) Retrieved 23 July 2025.",""
"18339690","Montserrat","_Countries","Alpha-2 Code","","MS",""
"18339690","Montserrat","_Countries","Source","","ISO 3166 Online Browsing Platform: Montserrat (https://www.iso.org/obp/ui/#iso:code:3166:MS) Retrieved 23 July 2025.",""
"18339691","Morocco","_Countries","Alpha-2 Code","","MA",""
"18339691","Morocco","_Countries","Source","","ISO 3166 Online Browsing Platform: Morocco (https://www.iso.org/obp/ui/#iso:code:3166:MA) Retrieved 23 July 2025.",""
"18339691","Morocco","_Countries","UF","20614771","The Kingdom of Morocco","_Countries"
"18339692","Mozambique","_Countries","Alpha-2 Code","","MZ",""
"18339692","Mozambique","_Countries","Source","","ISO 3166 Online Browsing Platform: Mozambique (https://www.iso.org/obp/ui/#iso:code:3166:MZ) Retrieved 23 July 2025.",""
"18339692","Mozambique","_Countries","UF","20614775","The Republic of Mozambique","_Countries"
"18339693","Myanmar","_Countries","Alpha-2 Code","","MM",""
"18339693","Myanmar","_Countries","Source","","ISO 3166 Online Browsing Platform: Myanmar (https://www.iso.org/obp/ui/#iso:code:3166:MM) Retrieved 23 July 2025.",""
"18339693","Myanmar","_Countries","UF","18339802","Burma","_Countries"
"18339693","Myanmar","_Countries","UF","20614776","The Republic of the Union of Myanmar","_Countries"
"18339694","Namibia","_Countries","Alpha-2 Code","","NA",""
"18339694","Namibia","_Countries","Source","","ISO 3166 Online Browsing Platform: Namibia (https://www.iso.org/obp/ui/#iso:code:3166:NA) Retrieved 23 July 2025.",""
"18339694","Namibia","_Countries","UF","20614777","The Republic of Namibia","_Countries"
"18339695","Nauru","_Countries","Alpha-2 Code","","NR",""
"18339695","Nauru","_Countries","Source","","ISO 3166 Online Browsing Platform: Nauru (https://www.iso.org/obp/ui/#iso:code:3166:NR) Retrieved 23 July 2025.",""
"18339695","Nauru","_Countries","UF","20614778","The Republic of Nauru","_Countries"
"18339696","Nepal","_Countries","Alpha-2 Code","","NP",""
"18339696","Nepal","_Countries","Source","","ISO 3166 Online Browsing Platform: Nepal (https://www.iso.org/obp/ui/#iso:code:3166:NP) Retrieved 23 July 2025.",""
"18339803","The Netherlands","_Countries","Use","18339697","Netherlands, Kingdom of the","_Countries"
"18339698","Netherlands Antilles","_Countries","Alpha-2 Code","","AN",""
"18339698","Netherlands Antilles","_Countries","Source","","ISO 3166 Online Browsing Platform (https://www.iso.org/obp/ui/#iso:code:3166:AN) Retrieved 21 Jul 2025.",""
"18339697","Netherlands, Kingdom of the","_Countries","Alpha-2 Code","","NL",""
"18339697","Netherlands, Kingdom of the","_Countries","Source","","ISO 3166 Online Browsing Platform: Netherlands (https://www.iso.org/obp/ui/#iso:code:3166:NL) Retrieved 23 July 2025.",""
"18339697","Netherlands, Kingdom of the","_Countries","UF","18339804","Holland","_Countries"
"18339697","Netherlands, Kingdom of the","_Countries","UF","20614779","The Kingdom of the Netherlands","_Countries"
"18339697","Netherlands, Kingdom of the","_Countries","UF","18339803","The Netherlands","_Countries"
"18339699","New Caledonia","_Countries","Alpha-2 Code","","NC",""
"18339699","New Caledonia","_Countries","Source","","ISO 3166 Online Browsing Platform: New Caledonia (https://www.iso.org/obp/ui/#iso:code:3166:NC) Retrieved 21 July 2025.",""
"18339700","New Zealand","_Countries","Alpha-2 Code","","NZ",""
"18339700","New Zealand","_Countries","Source","","ISO 3166 Online Browsing Platform: New Zealand (https://www.iso.org/obp/ui/#iso:code:3166:NZ) Retrieved 21 July 2025.",""
"18339701","Nicaragua","_Countries","Alpha-2 Code","","NI",""
"18339701","Nicaragua","_Countries","Source","","ISO 3166 Online Browsing Platform: Nicaragua (https://www.iso.org/obp/ui/#iso:code:3166:NI) Retrieved 21 July 2025.",""
"18339701","Nicaragua","_Countries","UF","20614640","The Republic of Nicaragua","_Countries"
"18339702","Niger","_Countries","Alpha-2 Code","","NE",""
"18339702","Niger","_Countries","Source","","ISO 3166 Online Browsing Platform: Niger (https://www.iso.org/obp/ui/#iso:code:3166:NE) Retrieved 21 July 2025.",""
"18339702","Niger","_Countries","UF","20614641","The Republic of the Niger","_Countries"
"18339703","Nigeria","_Countries","Alpha-2 Code","","NG",""
"18339703","Nigeria","_Countries","Source","","ISO 3166 Online Browsing Platform: Nigeria (https://www.iso.org/obp/ui/#iso:code:3166:NG) Retrieved 21 July 2025.",""
"18339703","Nigeria","_Countries","UF","20614642","The Federal Republic of Nigeria","_Countries"
"18339704","Niue","_Countries","Alpha-2 Code","","NU",""
"18339704","Niue","_Countries","Source","","ISO 3166 Online Browsing Platform: Niue (https://www.iso.org/obp/ui/#iso:code:3166:NU) Retrieved 21 July 2025.",""
"18339705","Norfolk Island","_Countries","Alpha-2 Code","","NF",""
"18339705","Norfolk Island","_Countries","Source","","ISO 3166 Online Browsing Platform: Norfolk Island (https://www.iso.org/obp/ui/#iso:code:3166:NF) Retrieved 21 July 2025.",""
"18339814","North Korea","_Countries","Use","18339658","Korea, Democratic People's Republic of","_Countries"
"18339672","North Macedonia","_Countries","Alpha-2 Code","","MK",""
"18339672","North Macedonia","_Countries","Source","","ISO 3166 Online Browsing Platform (https://www.iso.org/obp/ui/#iso:code:3166:MK) Retrieved 21 Jul 2025.",""
"18339672","North Macedonia","_Countries","UF","20614643","The former Yugoslav Republic of Macedonia","_Countries"
"18339672","North Macedonia","_Countries","UF","18339819","The Republic of North Macedonia","_Countries"
"18339794","Northern Ireland","_Countries","Source","","ISO 3166 Online Browsing Platform (https://www.iso.org/obp/ui/#iso:code:3166:GB) Retrieved 21 Jul 2025.",""
"18339706","Northern Mariana Islands","_Countries","Alpha-2 Code","","MP",""
"18339706","Northern Mariana Islands","_Countries","Source","","ISO 3166 Online Browsing Platform: Northern Mariana Islands (https://www.iso.org/obp/ui/#iso:code:3166:MP) Retrieved 21 July 2025.",""
"18339706","Northern Mariana Islands","_Countries","UF","20614644","The Commonwealth of the Northern Mariana Islands","_Countries"
"18339707","Norway","_Countries","Alpha-2 Code","","NO",""
"18339707","Norway","_Countries","Source","","ISO 3166 Online Browsing Platform: Norway (https://www.iso.org/obp/ui/#iso:code:3166:NO) Retrieved 21 July 2025.",""
"18339707","Norway","_Countries","UF","20614645","The Kingdom of Norway","_Countries"
"20614656","Occupied Palestinian Territory","_Countries","Use","18339711","Palestine, State of","_Countries"
"18339708","Oman","_Countries","Alpha-2 Code","","OM",""
"18339708","Oman","_Countries","Source","","ISO 3166 Online Browsing Platform: Oman (https://www.iso.org/obp/ui/#iso:code:3166:OM) Retrieved 21 July 2025.",""
"18339708","Oman","_Countries","UF","20614650","The Sultanate of Oman","_Countries"
"18339709","Pakistan","_Countries","Alpha-2 Code","","PK",""
"18339709","Pakistan","_Countries","Source","","ISO 3166 Online Browsing Platform: Pakistan (https://www.iso.org/obp/ui/#iso:code:3166:PK) Retrieved 21 July 2025.",""
"18339709","Pakistan","_Countries","UF","20614651","The Islamic Republic of Pakistan","_Countries"
"18339710","Palau","_Countries","Alpha-2 Code","","PW",""
"18339710","Palau","_Countries","Source","","ISO 3166 Online Browsing Platform: Palau (https://www.iso.org/obp/ui/#iso:code:3166:PW) Retrieved 21 July 2025.",""
"18339710","Palau","_Countries","UF","20614652","The Republic of Palau","_Countries"
"18339711","Palestine, State of","_Countries","Alpha-2 Code","","PS",""
"18339711","Palestine, State of","_Countries","Source","","ISO 3166 Online Browsing Platform: Palestine, State of (https://www.iso.org/obp/ui/#iso:code:3166:PS) Retrieved 21 July 2025.",""
"18339711","Palestine, State of","_Countries","UF","20614656","Occupied Palestinian Territory","_Countries"
"18339711","Palestine, State of","_Countries","UF","20614653","The State of Palestine","_Countries"
"18339712","Panama","_Countries","Alpha-2 Code","","PA",""
"18339712","Panama","_Countries","Source","","ISO 3166 Online Browsing Platform: Panama (https://www.iso.org/obp/ui/#iso:code:3166:PA) Retrieved 21 July 2025.",""
"18339712","Panama","_Countries","UF","20614655","The Republic of Panama","_Countries"
"18339713","Papua New Guinea","_Countries","Alpha-2 Code","","PG",""
"18339713","Papua New Guinea","_Countries","Source","","ISO 3166 Online Browsing Platform: Papua New Guinea (https://www.iso.org/obp/ui/#iso:code:3166:PG) Retrieved 21 July 2025.",""
"18339713","Papua New Guinea","_Countries","UF","20614657","The Independent State of Papua New Guinea","_Countries"
"18339714","Paraguay","_Countries","Alpha-2 Code","","PY",""
"18339714","Paraguay","_Countries","Source","","ISO 3166 Online Browsing Platform: Paraguay (https://www.iso.org/obp/ui/#iso:code:3166:PY) Retrieved 21 July 2025.",""
"18339714","Paraguay","_Countries","UF","20614658","The Republic of Paraguay","_Countries"
"20614616","People's Democratic Republic of Algeria","_Countries","Use","18339546","Algeria","_Countries"
"20614625","People's Republic of Bangladesh","_Countries","Use","18339561","Bangladesh","_Countries"
"18339715","Peru","_Countries","Alpha-2 Code","","PE",""
"18339715","Peru","_Countries","Source","","ISO 3166 Online Browsing Platform: Peru (https://www.iso.org/obp/ui/#iso:code:3166:PE) Retrieved 21 July 2025.",""
"18339715","Peru","_Countries","UF","20614659","The Republic of Peru","_Countries"
"18339716","Philippines","_Countries","Alpha-2 Code","","PH",""
"18339716","Philippines","_Countries","Source","","ISO 3166 Online Browsing Platform: Philippines (https://www.iso.org/obp/ui/#iso:code:3166:PH) Retrieved 21 July 2025.",""
"18339716","Philippines","_Countries","UF","20614661","The Republic of the Philippines","_Countries"
"18339717","Pitcairn","_Countries","Alpha-2 Code","","PN",""
"18339717","Pitcairn","_Countries","Source","","ISO 3166 Online Browsing Platform: Pitcairn (https://www.iso.org/obp/ui/#iso:code:3166:PN) Retrieved 21 July 2025.",""
"18339718","Poland","_Countries","Alpha-2 Code","","PL",""
"18339718","Poland","_Countries","Source","","ISO 3166 Online Browsing Platform: Poland (https://www.iso.org/obp/ui/#iso:code:3166:PL) Retrieved 21 July 2025.",""
"18339718","Poland","_Countries","UF","20614662","The Republic of Poland","_Countries"
"18339719","Portugal","_Countries","Alpha-2 Code","","PT",""
"18339719","Portugal","_Countries","Source","","ISO 3166 Online Browsing Platform: Portugal (https://www.iso.org/obp/ui/#iso:code:3166:PT) Retrieved 21 July 2025.",""
"18339719","Portugal","_Countries","UF","20614663","The Portuguese Republic","_Countries"
"20614663","The Portuguese Republic","_Countries","Use","18339719","Portugal","_Countries"
"20614617","Principality of Andorra","_Countries","Use","18339548","Andorra","_Countries"
"20614756","The Principality of Liechtenstein","_Countries","Use","18339668","Liechtenstein","_Countries"
"20614770","The Principality of Monaco","_Countries","Use","18339687","Monaco","_Countries"
"18339720","Puerto Rico","_Countries","Alpha-2 Code","","PR",""
"18339720","Puerto Rico","_Countries","Source","","ISO 3166 Online Browsing Platform: Puerto Rico (https://www.iso.org/obp/ui/#iso:code:3166:PR) Retrieved 21 July 2025.",""
"18339721","Qatar","_Countries","Alpha-2 Code","","QA",""
"18339721","Qatar","_Countries","Source","","ISO 3166 Online Browsing Platform: Qatar (https://www.iso.org/obp/ui/#iso:code:3166:QA) Retrieved 21 July 2025.",""
"18339721","Qatar","_Countries","UF","20614668","The State of Qatar","_Countries"
"20614615","Republic of Albania","_Countries","Use","18339545","Albania","_Countries"
"20614618","Republic of Angola","_Countries","Use","18339549","Angola","_Countries"
"20614620","Republic of Armenia","_Countries","Use","18339554","Armenia","_Countries"
"20614621","Republic of Austria","_Countries","Use","18339557","Austria","_Countries"
"20614622","Republic of Azerbaijan","_Countries","Use","18339558","Azerbaijan","_Countries"
"20614858","Republic of Belarus","_Countries","Use","18339563","Belarus","_Countries"
"20614862","the Republic of Benin","_Countries","Use","18339566","Benin","_Countries"
"20614865","Republic of Botswana","_Countries","Use","18339571","Botswana","_Countries"
"18339807","Republic of China","_Countries","Use","18339755","Taiwan, Province of China","_Countries"
"20614788","The Republic of Ghana","_Countries","Use","18339624","Ghana","_Countries"
"20614797","The Republic of Guatemala","_Countries","Use","18339631","Guatemala","_Countries"
"20614798","The Republic of Guinea","_Countries","Use","18339633","Guinea","_Countries"
"20614799","The Republic of Guinea-Bissau","_Countries","Use","18339634","Guinea-Bissau","_Countries"
"20614801","The Republic of Haiti","_Countries","Use","18339636","Haiti","_Countries"
"20614804","The Republic of Honduras","_Countries","Use","18339639","Honduras","_Countries"
"20614806","The Republic of India","_Countries","Use","18339643","India","_Countries"
"20614807","The Republic of Indonesia","_Countries","Use","18339644","Indonesia","_Countries"
"20614809","The Republic of Iraq","_Countries","Use","18339646","Iraq","_Countries"
"20614742","The Republic of Italy","_Countries","Use","18339650","Italy","_Countries"
"20614744","The Republic of Kazakhstan","_Countries","Use","18339655","Kazakhstan","_Countries"
"20614745","The Republic of Kenya","_Countries","Use","18339656","Kenya","_Countries"
"20614746","The Republic of Kiribati","_Countries","Use","18339657","Kiribati","_Countries"
"20614748","The Republic of Korea","_Countries","Use","18339659","Korea, Republic of","_Countries"
"20614751","The Republic of Latvia","_Countries","Use","18339663","Latvia","_Countries"
"20614754","The Republic of Liberia","_Countries","Use","18339666","Liberia","_Countries"
"20614757","The Republic of Lithuania","_Countries","Use","18339669","Lithuania","_Countries"
"20614760","The Republic of Madagascar","_Countries","Use","18339673","Madagascar","_Countries"
"20614761","The Republic of Malawi","_Countries","Use","18339674","Malawi","_Countries"
"20614762","The Republic of Maldives","_Countries","Use","18339676","Maldives","_Countries"
"20614763","The Republic of Mali","_Countries","Use","18339677","Mali","_Countries"
"20614764","The Republic of Malta","_Countries","Use","18339678","Malta","_Countries"
"20614767","The Republic of Mauritius","_Countries","Use","18339682","Mauritius","_Countries"
"18339800","The Republic of Moldova","_Countries","Use","18339686","Moldova, Republic of","_Countries"
"20614775","The Republic of Mozambique","_Countries","Use","18339692","Mozambique","_Countries"
"20614777","The Republic of Namibia","_Countries","Use","18339694","Namibia","_Countries"
"20614778","The Republic of Nauru","_Countries","Use","18339695","Nauru","_Countries"
"20614640","The Republic of Nicaragua","_Countries","Use","18339701","Nicaragua","_Countries"
"18339819","The Republic of North Macedonia","_Countries","Use","18339672","North Macedonia","_Countries"
"20614652","The Republic of Palau","_Countries","Use","18339710","Palau","_Countries"
"20614655","The Republic of Panama","_Countries","Use","18339712","Panama","_Countries"
"20614658","The Republic of Paraguay","_Countries","Use","18339714","Paraguay","_Countries"
"20614659","The Republic of Peru","_Countries","Use","18339715","Peru","_Countries"
"20614662","The Republic of Poland","_Countries","Use","18339718","Poland","_Countries"
"20614670","The Republic of Rwanda","_Countries","Use","18339725","Rwanda","_Countries"
"20614677","The Republic of San Marino","_Countries","Use","18339732","San Marino","_Countries"
"20614680","The Republic of Senegal","_Countries","Use","18339735","Senegal","_Countries"
"20614681","The Republic of Serbia","_Countries","Use","18339736","Serbia","_Countries"
"20614682","The Republic of Seychelles","_Countries","Use","18339737","Seychelles","_Countries"
"20614683","The Republic of Sierra Leone","_Countries","Use","18339738","Sierra Leone","_Countries"
"20614684","The Republic of Singapore","_Countries","Use","18339739","Singapore","_Countries"
"20614686","The Republic of Slovenia","_Countries","Use","18339741","Slovenia","_Countries"
"20614688","The Republic of South Africa","_Countries","Use","18339744","South Africa","_Countries"
"20614695","The Republic of South Sudan","_Countries","Use","19903700","South Sudan","_Countries"
"20614696","The Republic of Suriname","_Countries","Use","18339749","Suriname","_Countries"
"20614699","The Republic of Tajikistan","_Countries","Use","18339756","Tajikistan","_Countries"
"18339796","Republic of the Congo","_Countries","Use","18339592","Congo","_Countries"
"20614786","The Republic of the Gambia","_Countries","Use","18339621","Gambia","_Countries"
"20614765","The Republic of the Marshall Islands","_Countries","Use","18339679","Marshall Islands","_Countries"
"20614641","The Republic of the Niger","_Countries","Use","18339702","Niger","_Countries"
"20614661","The Republic of the Philippines","_Countries","Use","18339716","Philippines","_Countries"
"20614694","The Republic of the Sudan","_Countries","Use","18339748","Sudan","_Countries"
"20614776","The Republic of the Union of Myanmar","_Countries","Use","18339693","Myanmar","_Countries"
"20614705","The Republic of Trinidad and Tobago","_Countries","Use","18339763","Trinidad and Tobago","_Countries"
"20614706","The Republic of Tunisia","_Countries","Use","18339764","Tunisia","_Countries"
"20614707","The Republic of Turkiye","_Countries","Use","18339765","Türkiye","_Countries"
"20614710","The Republic of Uganda","_Countries","Use","18339769","Uganda","_Countries"
"20614713","The Republic of Uzbekistan","_Countries","Use","18339776","Uzbekistan","_Countries"
"20614714","The Republic of Vanuatu","_Countries","Use","18339777","Vanuatu","_Countries"
"20614719","The Republic of Yemen","_Countries","Use","18339785","Yemen","_Countries"
"20614720","The Republic of Zambia","_Countries","Use","18339787","Zambia","_Countries"
"20614721","The Republic of Zimbabwe","_Countries","Use","18339788","Zimbabwe","_Countries"
"18339722","Réunion","_Countries","Alpha-2 Code","","RE",""
"18339722","Réunion","_Countries","Source","","ISO 3166 Online Browsing Platform: Reunion (https://www.iso.org/obp/ui/#iso:code:3166:RE) Retrieved 21 Jul 2025.",""
"18339723","Romania","_Countries","Alpha-2 Code","","RO",""
"18339723","Romania","_Countries","Source","","ISO 3166 Online Browsing Platform: Romania (https://www.iso.org/obp/ui/#iso:code:3166:RO) Retrieved 21 July 2025.",""
"18339723","Romania","_Countries","UF","18339805","Rumania","_Countries"
"18339805","Rumania","_Countries","Use","18339723","Romania","_Countries"
"20614669","Russia","_Countries","Use","18339724","Russian Federation","_Countries"
"18339724","Russian Federation","_Countries","Alpha-2 Code","","RU",""
"18339724","Russian Federation","_Countries","Source","","ISO 3166 Online Browsing Platform: Russian Federation (https://www.iso.org/obp/ui/#iso:code:3166:RU) Retrieved 21 July 2025.",""
"18339724","Russian Federation","_Countries","UF","20614669","Russia","_Countries"
"18339725","Rwanda","_Countries","Alpha-2 Code","","RW",""
"18339725","Rwanda","_Countries","Source","","ISO 3166 Online Browsing Platform: Rwanda (https://www.iso.org/obp/ui/#iso:code:3166:RW) Retrieved 21 July 2025.",""
"18339725","Rwanda","_Countries","UF","20614670","The Republic of Rwanda","_Countries"
"19903695","Saint Barthélemy","_Countries","Alpha-2 Code","","BL",""
"19903695","Saint Barthélemy","_Countries","Source","","ISO 3166 Online Browsing Platform: Saint Barthelemy (https://www.iso.org/obp/ui/#iso:code:3166:BL) Retrieved 22 February 2025.",""
"19903695","Saint Barthélemy","_Countries","UF","19903696","Saint Barts","_Countries"
"19903696","Saint Barts","_Countries","Use","19903695","Saint Barthélemy","_Countries"
"18339726","Saint Helena, Ascension and Tristan da Cunha","_Countries","Alpha-2 Code","","SH",""
"18339726","Saint Helena, Ascension and Tristan da Cunha","_Countries","Source","","ISO 3166 Online Browsing Platform: Saint Helena, Ascension and Tristan da Cunha (https://www.iso.org/obp/ui/#iso:code:3166:SH) Retrieved 22 Jul 2025.",""
"18339726","Saint Helena, Ascension and Tristan da Cunha","_Countries","UF","20613644","Saint Helena, Ascension Island and Tristan da Cunha","_Countries"
"20613644","Saint Helena, Ascension Island and Tristan da Cunha","_Countries","Use","18339726","Saint Helena, Ascension and Tristan da Cunha","_Countries"
"18339727","Saint Kitts and Nevis","_Countries","Alpha-2 Code","","KN",""
"18339727","Saint Kitts and Nevis","_Countries","Source","","ISO 3166 Online Browsing Platform: Saint Kitts and Nevis (https://www.iso.org/obp/ui/#iso:code:3166:KN) Retrieved 22 July 2025.",""
"18339728","Saint Lucia","_Countries","Alpha-2 Code","","LC",""
"18339728","Saint Lucia","_Countries","Source","","ISO 3166 Online Browsing Platform: Saint Lucia (https://www.iso.org/obp/ui/#iso:code:3166:LC) Retrieved 22 July 2025.",""
"19903697","Saint Martin (French part)","_Countries","Alpha-2 Code","","MF",""
"19903697","Saint Martin (French part)","_Countries","Source","","ISO 3166 Online Browsing Platform: Saint Martin (French part) (https://www.iso.org/obp/ui/#iso:code:3166:MF) Retrieved 9 July 2025.",""
"18339729","Saint Pierre and Miquelon","_Countries","Alpha-2 Code","","PM",""
"18339729","Saint Pierre and Miquelon","_Countries","Source","","ISO 3166 Online Browsing Platform: Saint Pierre and Miquelon (https://www.iso.org/obp/ui/#iso:code:3166:PM) Retrieved 22 July 2025.",""
"18339730","Saint Vincent and The Grenadines","_Countries","Alpha-2 Code","","VC",""
"18339730","Saint Vincent and The Grenadines","_Countries","Source","","ISO 3166 Online Browsing Platform: Saint Vincent and The Grenadines (https://www.iso.org/obp/ui/#iso:code:3166:VC) Retrieved 22 July 2025.",""
"18339731","Samoa","_Countries","Alpha-2 Code","","WS",""
"18339731","Samoa","_Countries","Source","","ISO 3166 Online Browsing Platform: Samoa (https://www.iso.org/obp/ui/#iso:code:3166:WS) Retrieved 22 July 2025.",""
"18339731","Samoa","_Countries","UF","20614676","The Independent State of Samoa","_Countries"
"18339732","San Marino","_Countries","Alpha-2 Code","","SM",""
"18339732","San Marino","_Countries","Source","","ISO 3166 Online Browsing Platform: San Marino (https://www.iso.org/obp/ui/#iso:code:3166:SM) Retrieved 22 July 2025.",""
"18339732","San Marino","_Countries","UF","20614677","The Republic of San Marino","_Countries"
"18339733","Sao Tome and Principe","_Countries","Alpha-2 Code","","ST",""
"18339733","Sao Tome and Principe","_Countries","Source","","ISO 3166 Online Browsing Platform: Sao Tome and Principe (https://www.iso.org/obp/ui/#iso:code:3166:ST) Retrieved 22 July 2025.",""
"18339733","Sao Tome and Principe","_Countries","UF","20614678","The Democratic Republic of Sao Tome and Principe","_Countries"
"18339734","Saudi Arabia","_Countries","Alpha-2 Code","","SA",""
"18339734","Saudi Arabia","_Countries","Source","","ISO 3166 Online Browsing Platform: Saudi Arabia (https://www.iso.org/obp/ui/#iso:code:3166:SA) Retrieved 22 July 2025.",""
"18339734","Saudi Arabia","_Countries","UF","20614679","The Kingdom of Saudi Arabia","_Countries"
"18339793","Scotland","_Countries","Source","","ISO 3166 Online Browsing Platform (https://www.iso.org/obp/ui/#search) Retrieved 5 February 2025.",""
"18339735","Senegal","_Countries","Alpha-2 Code","","SN",""
"18339735","Senegal","_Countries","Source","","ISO 3166 Online Browsing Platform: Senegal (https://www.iso.org/obp/ui/#iso:code:3166:SN) Retrieved 22 July 2025.",""
"18339735","Senegal","_Countries","UF","20614680","The Republic of Senegal","_Countries"
"18339736","Serbia","_Countries","Alpha-2 Code","","RS",""
"18339736","Serbia","_Countries","Source","","ISO 3166 Online Browsing Platform: Serbia (https://www.iso.org/obp/ui/#iso:code:3166:RS) Retrieved 22 July 2025.",""
"18339736","Serbia","_Countries","UF","20614681","The Republic of Serbia","_Countries"
"18339737","Seychelles","_Countries","Alpha-2 Code","","SC",""
"18339737","Seychelles","_Countries","Source","","ISO 3166 Online Browsing Platform: Seychelles (https://www.iso.org/obp/ui/#iso:code:3166:SC) Retrieved 22 July 2025.",""
"18339737","Seychelles","_Countries","UF","20614682","The Republic of Seychelles","_Countries"
"18339738","Sierra Leone","_Countries","Alpha-2 Code","","SL",""
"18339738","Sierra Leone","_Countries","Source","","ISO 3166 Online Browsing Platform: Sierra Leone (https://www.iso.org/obp/ui/#iso:code:3166:SL) Retrieved 22 July 2025.",""
"18339738","Sierra Leone","_Countries","UF","20614683","The Republic of Sierra Leone","_Countries"
"18339739","Singapore","_Countries","Alpha-2 Code","","SG",""
"18339739","Singapore","_Countries","Source","","ISO 3166 Online Browsing Platform: Singapore (https://www.iso.org/obp/ui/#iso:code:3166:SG) Retrieved 22 July 2025.",""
"18339739","Singapore","_Countries","UF","18339821","Lion City","_Countries"
"18339739","Singapore","_Countries","UF","20614684","The Republic of Singapore","_Countries"
"18339739","Singapore","_Countries","NT","18343070","Central Region","_Geographics"
"18339739","Singapore","_Countries","NT","18343072","East Region","_Geographics"
"18339739","Singapore","_Countries","NT","18343069","North East Region","_Geographics"
"18339739","Singapore","_Countries","NT","18343073","North Region","_Geographics"
"18339739","Singapore","_Countries","NT","18343071","West Region","_Geographics"
"18339739","Singapore","_Countries","TwoEQ","18337136","Abortion counselling","_SingHeritage"
"18339739","Singapore","_Countries","TwoEQ","18337140","Academic libraries","_SingHeritage"
"18339739","Singapore","_Countries","TwoEQ","18337478","Acrylic painting","_SingHeritage"
"18339739","Singapore","_Countries","TwoEQ","18337250","Activists","_SingHeritage"
"18339739","Singapore","_Countries","TwoEQ","18337180","Actors","_SingHeritage"
"18339739","Singapore","_Countries","TwoEQ","18337059","Adult psychiatric services","_SingHeritage"
"18339739","Singapore","_Countries","TwoEQ","18336957","Advance directives (Medicine)","_SingHeritage"
"18339739","Singapore","_Countries","TwoEQ","18337243","Adventurers","_SingHeritage"
"18339739","Singapore","_Countries","TwoEQ","18336799","Aerospace services","_SingHeritage"
"18339739","Singapore","_Countries","TwoEQ","18337252","AIDS activists","_SingHeritage"
"18339739","Singapore","_Countries","TwoEQ","18336542","Air freight services","_SingHeritage"
"18339739","Singapore","_Countries","TwoEQ","18336479","Air pollution control","_SingHeritage"
"18339739","Singapore","_Countries","TwoEQ","18338142","Airlines","_SingHeritage"
"18339739","Singapore","_Countries","TwoEQ","18336543","Airport cargo services","_SingHeritage"
"18339739","Singapore","_Countries","TwoEQ","18336788","Airport management (Organisations)","_SingHeritage"
"18339739","Singapore","_Countries","TwoEQ","18336786","Airports","_SingHeritage"
"18339739","Singapore","_Countries","TwoEQ","18336862","Alcohol-powered vehicles","_SingHeritage"
"18339739","Singapore","_Countries","TwoEQ","18337137","Alcoholism counselling","_SingHeritage"
"18339739","Singapore","_Countries","TwoEQ","18336770","Alternate fuel vehicles (Industry)","_SingHeritage"
"18339739","Singapore","_Countries","TwoEQ","18337730","Ambassadors","_SingHeritage"
"18339739","Singapore","_Countries","TwoEQ","18337253","Animal rights activists","_SingHeritage"
"18339739","Singapore","_Countries","TwoEQ","18337928","Animated television programmes","_SingHeritage"
"18339739","Singapore","_Countries","TwoEQ","18337425","Anthems","_SingHeritage"
"18339739","Singapore","_Countries","TwoEQ","18337612","Antiterrorism measures","_SingHeritage"
"18339739","Singapore","_Countries","TwoEQ","18337068","Anxiety disorders clinic services","_SingHeritage"
"18339739","Singapore","_Countries","TwoEQ","18338238","Archers","_SingHeritage"
"18339739","Singapore","_Countries","TwoEQ","18338237","Archery","_SingHeritage"
"18339739","Singapore","_Countries","TwoEQ","18337708","Architects","_SingHeritage"
"18339739","Singapore","_Countries","TwoEQ","18337329","Architectural history","_SingHeritage"
"18339739","Singapore","_Countries","TwoEQ","18338122","Architectural partnership","_SingHeritage"
"18339739","Singapore","_Countries","TwoEQ","18337490","Architectural photography","_SingHeritage"
"18339739","Singapore","_Countries","TwoEQ","18336173","Architecture","_SingHeritage"
"18339739","Singapore","_Countries","TwoEQ","18338032","Architecture schools","_SingHeritage"
"18339739","Singapore","_Countries","TwoEQ","18337176","Art critics","_SingHeritage"
"18339739","Singapore","_Countries","TwoEQ","18337319","Art exhibitions","_SingHeritage"
"18339739","Singapore","_Countries","TwoEQ","18337193","Art patrons","_SingHeritage"
"18339739","Singapore","_Countries","TwoEQ","18338011","Art teachers","_SingHeritage"
"18339739","Singapore","_Countries","TwoEQ","18337177","Artistic directors","_SingHeritage"
"18339739","Singapore","_Countries","TwoEQ","18337495","Artistic photography","_SingHeritage"
"18339739","Singapore","_Countries","TwoEQ","18336115","Artists","_SingHeritage"
"18339739","Singapore","_Countries","TwoEQ","18337760","Artists' studios","_SingHeritage"
"18339739","Singapore","_Countries","TwoEQ","18336109","Arts","_SingHeritage"
"18339739","Singapore","_Countries","TwoEQ","18337315","Arts centres","_SingHeritage"
"18339739","Singapore","_Countries","TwoEQ","18337880","Arts contests","_SingHeritage"
"18339739","Singapore","_Countries","TwoEQ","18337314","Arts education","_SingHeritage"
"18339739","Singapore","_Countries","TwoEQ","18337316","Arts organisations","_SingHeritage"
"18339739","Singapore","_Countries","TwoEQ","18337039","Arts personalities","_SingHeritage"
"18339739","Singapore","_Countries","TwoEQ","18337745","Arts venues","_SingHeritage"
"18339739","Singapore","_Countries","TwoEQ","18337242","Athletes","_SingHeritage"
"18339739","Singapore","_Countries","TwoEQ","18337951","Athletic coaches","_SingHeritage"
"18339739","Singapore","_Countries","TwoEQ","18337953","Athletic directors","_SingHeritage"
"18339739","Singapore","_Countries","TwoEQ","18337331","Auditoriums","_SingHeritage"
"18339739","Singapore","_Countries","TwoEQ","18338187","Auto racing","_SingHeritage"
"18339739","Singapore","_Countries","TwoEQ","18336774","Automobile insurance","_SingHeritage"
"18339739","Singapore","_Countries","TwoEQ","18337015","Avian Influenza surveillance","_SingHeritage"
"18339739","Singapore","_Countries","TwoEQ","18336795","Aviation associations","_SingHeritage"
"18339739","Singapore","_Countries","TwoEQ","18336525","Aviation organisations","_SingHeritage"
"18339739","Singapore","_Countries","TwoEQ","18336818","Aviation policy","_SingHeritage"
"18339739","Singapore","_Countries","TwoEQ","18338202","Badminton","_SingHeritage"
"18339739","Singapore","_Countries","TwoEQ","18337873","Badminton players","_SingHeritage"
"18339739","Singapore","_Countries","TwoEQ","18338261","Badminton tournaments","_SingHeritage"
"18339739","Singapore","_Countries","TwoEQ","18336382","Baha'i Faith","_SingHeritage"
"18339739","Singapore","_Countries","TwoEQ","18337412","Ballet","_SingHeritage"
"18339739","Singapore","_Countries","TwoEQ","18337762","Ballet companies","_SingHeritage"
"18339739","Singapore","_Countries","TwoEQ","18337512","Bands","_SingHeritage"
"18339739","Singapore","_Countries","TwoEQ","18337784","Bangsawan companies","_SingHeritage"
"18339739","Singapore","_Countries","TwoEQ","18337570","Bangsawan (Music)","_SingHeritage"
"18339739","Singapore","_Countries","TwoEQ","18337592","Bankers","_SingHeritage"
"18339739","Singapore","_Countries","TwoEQ","18338254","Baseball","_SingHeritage"
"18339739","Singapore","_Countries","TwoEQ","18338200","Basketball","_SingHeritage"
"18339739","Singapore","_Countries","TwoEQ","18337263","Basketball players","_SingHeritage"
"18339739","Singapore","_Countries","TwoEQ","18337481","Batik","_SingHeritage"
"18339739","Singapore","_Countries","TwoEQ","18337769","Beijing opera companies","_SingHeritage"
"18339739","Singapore","_Countries","TwoEQ","18336838","Berth facilities","_SingHeritage"
"18339739","Singapore","_Countries","TwoEQ","18338236","Billiards","_SingHeritage"
"18339739","Singapore","_Countries","TwoEQ","18337550","Biographers","_SingHeritage"
"18339739","Singapore","_Countries","TwoEQ","18338146","Biotechnology industries","_SingHeritage"
"18339739","Singapore","_Countries","TwoEQ","18337675","Biotechnology research organisations","_SingHeritage"
"18339739","Singapore","_Countries","TwoEQ","18336861","Birth certificates","_SingHeritage"
"18339739","Singapore","_Countries","TwoEQ","18336402","Birth customs","_SingHeritage"
"18339739","Singapore","_Countries","TwoEQ","18338251","Boating","_SingHeritage"
"18339739","Singapore","_Countries","TwoEQ","18337264","Bodybuilders","_SingHeritage"
"18339739","Singapore","_Countries","TwoEQ","18338203","Bodybuilding","_SingHeritage"
"18339739","Singapore","_Countries","TwoEQ","18338008","Book editors","_SingHeritage"
"18339739","Singapore","_Countries","TwoEQ","18337613","Border security","_SingHeritage"
"18339739","Singapore","_Countries","TwoEQ","18337842","Botanists","_SingHeritage"
"18339739","Singapore","_Countries","TwoEQ","18337265","Bowlers","_SingHeritage"
"18339739","Singapore","_Countries","TwoEQ","18338201","Bowling","_SingHeritage"
"18339739","Singapore","_Countries","TwoEQ","18337266","Boxers (Athletes)","_SingHeritage"
"18339739","Singapore","_Countries","TwoEQ","18338204","Boxing","_SingHeritage"
"18339739","Singapore","_Countries","TwoEQ","18336764","Bridges","_SingHeritage"
"18339739","Singapore","_Countries","TwoEQ","18336306","Buddhism","_SingHeritage"
"18339739","Singapore","_Countries","TwoEQ","18336112","Buildings","_SingHeritage"
"18339739","Singapore","_Countries","TwoEQ","18337738","Burglary protection","_SingHeritage"
"18339739","Singapore","_Countries","TwoEQ","18336589","Bus terminals","_SingHeritage"
"18339739","Singapore","_Countries","TwoEQ","18336565","Buses","_SingHeritage"
"18339739","Singapore","_Countries","TwoEQ","18338062","Business enterprises","_SingHeritage"
"18339739","Singapore","_Countries","TwoEQ","18337957","Business magazines","_SingHeritage"
"18339739","Singapore","_Countries","TwoEQ","18337296","Business owners","_SingHeritage"
"18339739","Singapore","_Countries","TwoEQ","18338176","Business taxation","_SingHeritage"
"18339739","Singapore","_Countries","TwoEQ","18337293","Businesspeople","_SingHeritage"
"18339739","Singapore","_Countries","TwoEQ","18337946","Businesswomen","_SingHeritage"
"18339739","Singapore","_Countries","TwoEQ","18337588","Cabinet officials","_SingHeritage"
"18339739","Singapore","_Countries","TwoEQ","18338153","Cable cars (Aerial tramways)","_SingHeritage"
"18339739","Singapore","_Countries","TwoEQ","18337194","Calligraphers","_SingHeritage"
"18339739","Singapore","_Countries","TwoEQ","18337881","Calligraphy","_SingHeritage"
"18339739","Singapore","_Countries","TwoEQ","18336495","Canals","_SingHeritage"
"18339739","Singapore","_Countries","TwoEQ","18338244","Canoeing","_SingHeritage"
"18339739","Singapore","_Countries","TwoEQ","18337770","Cantonese opera companies","_SingHeritage"
"18339739","Singapore","_Countries","TwoEQ","18338039","Capteh","_SingHeritage"
"18339739","Singapore","_Countries","TwoEQ","18336923","Caregivers support services","_SingHeritage"
"18339739","Singapore","_Countries","TwoEQ","18337195","Cartoonists and animators","_SingHeritage"
"18339739","Singapore","_Countries","TwoEQ","18338197","Casinos","_SingHeritage"
"18339739","Singapore","_Countries","TwoEQ","18336860","Cemeteries","_SingHeritage"
"18339739","Singapore","_Countries","TwoEQ","18336919","Centre-based medical care","_SingHeritage"
"18339739","Singapore","_Countries","TwoEQ","18337341","Ceramics","_SingHeritage"
"18339739","Singapore","_Countries","TwoEQ","18336447","Chamber frames","_SingHeritage"
"18339739","Singapore","_Countries","TwoEQ","18337514","Chamber orchestras","_SingHeritage"
"18339739","Singapore","_Countries","TwoEQ","18336546","Charter boat services","_SingHeritage"
"18339739","Singapore","_Countries","TwoEQ","18336552","Charter bus services","_SingHeritage"
"18339739","Singapore","_Countries","TwoEQ","18336362","Cherki","_SingHeritage"
"18339739","Singapore","_Countries","TwoEQ","18337503","Child actors","_SingHeritage"
"18339739","Singapore","_Countries","TwoEQ","18337196","Child artists","_SingHeritage"
"18339739","Singapore","_Countries","TwoEQ","18337058","Child psychiatric services","_SingHeritage"
"18339739","Singapore","_Countries","TwoEQ","18337422","Children's music","_SingHeritage"
"18339739","Singapore","_Countries","TwoEQ","18337451","Children's songs","_SingHeritage"
"18339739","Singapore","_Countries","TwoEQ","18337929","Children's television programmes","_SingHeritage"
"18339739","Singapore","_Countries","TwoEQ","18337551","Children's writers","_SingHeritage"
"18339739","Singapore","_Countries","TwoEQ","18337197","Chinese artists","_SingHeritage"
"18339739","Singapore","_Countries","TwoEQ","18337462","Chinese children's songs","_SingHeritage"
"18339739","Singapore","_Countries","TwoEQ","18336519","Chinese clans and associations","_SingHeritage"
"18339739","Singapore","_Countries","TwoEQ","18336351","Chinese costumes","_SingHeritage"
"18339739","Singapore","_Countries","TwoEQ","18337433","Chinese dance","_SingHeritage"
"18339739","Singapore","_Countries","TwoEQ","18337763","Chinese dance companies","_SingHeritage"
"18339739","Singapore","_Countries","TwoEQ","18337474","Chinese decorative arts","_SingHeritage"
"18339739","Singapore","_Countries","TwoEQ","18337463","Chinese folk songs","_SingHeritage"
"18339739","Singapore","_Countries","TwoEQ","18336338","Chinese food","_SingHeritage"
"18339739","Singapore","_Countries","TwoEQ","18337472","Chinese ink painting","_SingHeritage"
"18339739","Singapore","_Countries","TwoEQ","18337471","Chinese landscape painting","_SingHeritage"
"18339739","Singapore","_Countries","TwoEQ","18336346","Chinese languages and dialects","_SingHeritage"
"18339739","Singapore","_Countries","TwoEQ","18337454","Chinese music","_SingHeritage"
"18339739","Singapore","_Countries","TwoEQ","18337484","Chinese music history","_SingHeritage"
"18339739","Singapore","_Countries","TwoEQ","18337768","Chinese opera companies","_SingHeritage"
"18339739","Singapore","_Countries","TwoEQ","18337571","Chinese operas (Music)","_SingHeritage"
"18339739","Singapore","_Countries","TwoEQ","18337457","Chinese songs","_SingHeritage"
"18339739","Singapore","_Countries","TwoEQ","18337442","Chinese theatre (Art)","_SingHeritage"
"18339739","Singapore","_Countries","TwoEQ","18337793","Chinese theatre companies","_SingHeritage"
"18339739","Singapore","_Countries","TwoEQ","18337544","Chinese writers","_SingHeritage"
"18339739","Singapore","_Countries","TwoEQ","18337515","Choirs","_SingHeritage"
"18339739","Singapore","_Countries","TwoEQ","18337531","Choral societies","_SingHeritage"
"18339739","Singapore","_Countries","TwoEQ","18337173","Choreographers","_SingHeritage"
"18339739","Singapore","_Countries","TwoEQ","18336370","Christianity","_SingHeritage"
"18339739","Singapore","_Countries","TwoEQ","18337110","Churches","_SingHeritage"
"18339739","Singapore","_Countries","TwoEQ","18337865","Civil aviation (Technology)","_SingHeritage"
"18339739","Singapore","_Countries","TwoEQ","18337254","Civil rights activists","_SingHeritage"
"18339739","Singapore","_Countries","TwoEQ","18336518","Clans and associations","_SingHeritage"
"18339739","Singapore","_Countries","TwoEQ","18337733","College administrators","_SingHeritage"
"18339739","Singapore","_Countries","TwoEQ","18336119","Colonial administrators","_SingHeritage"
"18339739","Singapore","_Countries","TwoEQ","18337297","Colonial architecture","_SingHeritage"
"18339739","Singapore","_Countries","TwoEQ","18337181","Comedians","_SingHeritage"
"18339739","Singapore","_Countries","TwoEQ","18336159","Commercial buildings","_SingHeritage"
"18339739","Singapore","_Countries","TwoEQ","18338168","Communicable disease control","_SingHeritage"
"18339739","Singapore","_Countries","TwoEQ","18337255","Community activists","_SingHeritage"
"18339739","Singapore","_Countries","TwoEQ","18336776","Company cars (Industry)","_SingHeritage"
"18339739","Singapore","_Countries","TwoEQ","18337217","Complementary medicines (Industry)","_SingHeritage"
"18339739","Singapore","_Countries","TwoEQ","18337175","Composers","_SingHeritage"
"18339739","Singapore","_Countries","TwoEQ","18337992","Conductors (Music)","_SingHeritage"
"18339739","Singapore","_Countries","TwoEQ","18336308","Confucianism","_SingHeritage"
"18339739","Singapore","_Countries","TwoEQ","18336361","Congkak","_SingHeritage"
"18339739","Singapore","_Countries","TwoEQ","18336239","Constant flow regulators","_SingHeritage"
"18339739","Singapore","_Countries","TwoEQ","18337301","Contemporary architecture","_SingHeritage"
"18339739","Singapore","_Countries","TwoEQ","18337930","Cooking television programmes","_SingHeritage"
"18339739","Singapore","_Countries","TwoEQ","18338101","Corporations","_SingHeritage"
"18339739","Singapore","_Countries","TwoEQ","18337219","Cosmetic products (Industry)","_SingHeritage"
"18339739","Singapore","_Countries","TwoEQ","18336886","Cost shifting (Medical care)","_SingHeritage"
"18339739","Singapore","_Countries","TwoEQ","18337016","Coxsackievirus infections control","_SingHeritage"
"18339739","Singapore","_Countries","TwoEQ","18338205","Cricket","_SingHeritage"
"18339739","Singapore","_Countries","TwoEQ","18337267","Cricket players","_SingHeritage"
"18339739","Singapore","_Countries","TwoEQ","18337735","Crime prevention","_SingHeritage"
"18339739","Singapore","_Countries","TwoEQ","18338000","Critics (Arts)","_SingHeritage"
"18339739","Singapore","_Countries","TwoEQ","18336547","Cruise lines","_SingHeritage"
"18339739","Singapore","_Countries","TwoEQ","18336131","Customs","_SingHeritage"
"18339739","Singapore","_Countries","TwoEQ","18338206","Cycling","_SingHeritage"
"18339739","Singapore","_Countries","TwoEQ","18337268","Cyclists","_SingHeritage"
"18339739","Singapore","_Countries","TwoEQ","18337945","Daily newspapers","_SingHeritage"
"18339739","Singapore","_Countries","TwoEQ","18336169","Dance","_SingHeritage"
"18339739","Singapore","_Countries","TwoEQ","18337447","Dance criticism","_SingHeritage"
"18339739","Singapore","_Countries","TwoEQ","18338001","Dance critics","_SingHeritage"
"18339739","Singapore","_Countries","TwoEQ","18337323","Dance festivals","_SingHeritage"
"18339739","Singapore","_Countries","TwoEQ","18337335","Dance halls","_SingHeritage"
"18339739","Singapore","_Countries","TwoEQ","18337487","Dance history","_SingHeritage"
"18339739","Singapore","_Countries","TwoEQ","18337806","Dance organisations","_SingHeritage"
"18339739","Singapore","_Countries","TwoEQ","18338033","Dance schools","_SingHeritage"
"18339739","Singapore","_Countries","TwoEQ","18338012","Dance teachers","_SingHeritage"
"18339739","Singapore","_Countries","TwoEQ","18337172","Dancers","_SingHeritage"
"18339739","Singapore","_Countries","TwoEQ","18336471","Dating customs","_SingHeritage"
"18339739","Singapore","_Countries","TwoEQ","18336859","Death certificates","_SingHeritage"
"18339739","Singapore","_Countries","TwoEQ","18336404","Death customs","_SingHeritage"
"18339739","Singapore","_Countries","TwoEQ","18336175","Decorative arts","_SingHeritage"
"18339739","Singapore","_Countries","TwoEQ","18336913","Dental care services","_SingHeritage"
"18339739","Singapore","_Countries","TwoEQ","18337307","Design","_SingHeritage"
"18339739","Singapore","_Countries","TwoEQ","18338029","Design schools","_SingHeritage"
"18339739","Singapore","_Countries","TwoEQ","18337538","Designers","_SingHeritage"
"18339739","Singapore","_Countries","TwoEQ","18338278","Dikir barat","_SingHeritage"
"18339739","Singapore","_Countries","TwoEQ","18337269","Disabled athletes","_SingHeritage"
"18339739","Singapore","_Countries","TwoEQ","18336186","Domestic policy (Water resource management)","_SingHeritage"
"18339739","Singapore","_Countries","TwoEQ","18338279","Dondang sayang","_SingHeritage"
"18339739","Singapore","_Countries","TwoEQ","18336274","Drainage management (Flood control)","_SingHeritage"
"18339739","Singapore","_Countries","TwoEQ","18337324","Drama festivals","_SingHeritage"
"18339739","Singapore","_Countries","TwoEQ","18338015","Drama teachers","_SingHeritage"
"18339739","Singapore","_Countries","TwoEQ","18337500","Drawing","_SingHeritage"
"18339739","Singapore","_Countries","TwoEQ","18336389","Drinking water contamination","_SingHeritage"
"18339739","Singapore","_Countries","TwoEQ","18337160","Drug abuse counselling","_SingHeritage"
"18339739","Singapore","_Countries","TwoEQ","18336790","Duty free shops","_SingHeritage"
"18339739","Singapore","_Countries","TwoEQ","18337872","E-government services","_SingHeritage"
"18339739","Singapore","_Countries","TwoEQ","18336265","Earth control measures","_SingHeritage"
"18339739","Singapore","_Countries","TwoEQ","18338007","Editors","_SingHeritage"
"18339739","Singapore","_Countries","TwoEQ","18337980","Education journals","_SingHeritage"
"18339739","Singapore","_Countries","TwoEQ","18338064","Educational organisations","_SingHeritage"
"18339739","Singapore","_Countries","TwoEQ","18337291","Educators","_SingHeritage"
"18339739","Singapore","_Countries","TwoEQ","18337681","Electronics industry","_SingHeritage"
"18339739","Singapore","_Countries","TwoEQ","18337690","Energy industries","_SingHeritage"
"18339739","Singapore","_Countries","TwoEQ","18337179","Entertainers","_SingHeritage"
"18339739","Singapore","_Countries","TwoEQ","18337294","Entrepreneurs","_SingHeritage"
"18339739","Singapore","_Countries","TwoEQ","18337256","Environmental activists","_SingHeritage"
"18339739","Singapore","_Countries","TwoEQ","18336198","Environmental associations","_SingHeritage"
"18339739","Singapore","_Countries","TwoEQ","18336481","Environmental auditing","_SingHeritage"
"18339739","Singapore","_Countries","TwoEQ","18336483","Environmental economics","_SingHeritage"
"18339739","Singapore","_Countries","TwoEQ","18337005","Environmental education","_SingHeritage"
"18339739","Singapore","_Countries","TwoEQ","18336484","Environmental effects","_SingHeritage"
"18339739","Singapore","_Countries","TwoEQ","18336486","Environmental law","_SingHeritage"
"18339739","Singapore","_Countries","TwoEQ","18336474","Environmental management","_SingHeritage"
"18339739","Singapore","_Countries","TwoEQ","18336487","Environmental permits","_SingHeritage"
"18339739","Singapore","_Countries","TwoEQ","18336488","Environmental policy","_SingHeritage"
"18339739","Singapore","_Countries","TwoEQ","18336489","Environmental protection","_SingHeritage"
"18339739","Singapore","_Countries","TwoEQ","18336290","Environmental research","_SingHeritage"
"18339739","Singapore","_Countries","TwoEQ","18336513","Environmental sustainability","_SingHeritage"
"18339739","Singapore","_Countries","TwoEQ","18336516","Environmental technology","_SingHeritage"
"18339739","Singapore","_Countries","TwoEQ","18336266","Erosion control","_SingHeritage"
"18339739","Singapore","_Countries","TwoEQ","18337553","Essayists","_SingHeritage"
"18339739","Singapore","_Countries","TwoEQ","18336304","Ethnic costumes","_SingHeritage"
"18339739","Singapore","_Countries","TwoEQ","18338049","Ethnic festivals","_SingHeritage"
"18339739","Singapore","_Countries","TwoEQ","18336133","Ethnic foods","_SingHeritage"
"18339739","Singapore","_Countries","TwoEQ","18336522","Eurasian clans and associations","_SingHeritage"
"18339739","Singapore","_Countries","TwoEQ","18336354","Eurasian costumes","_SingHeritage"
"18339739","Singapore","_Countries","TwoEQ","18336341","Eurasian food","_SingHeritage"
"18339739","Singapore","_Countries","TwoEQ","18337759","Exhibition halls","_SingHeritage"
"18339739","Singapore","_Countries","TwoEQ","18338102","Exporters","_SingHeritage"
"18339739","Singapore","_Countries","TwoEQ","18338246","Extreme sports","_SingHeritage"
"18339739","Singapore","_Countries","TwoEQ","18337075","Family counselling","_SingHeritage"
"18339739","Singapore","_Countries","TwoEQ","18336998","Family health","_SingHeritage"
"18339739","Singapore","_Countries","TwoEQ","18336850","Family history","_SingHeritage"
"18339739","Singapore","_Countries","TwoEQ","18338103","Family-owned businesses","_SingHeritage"
"18339739","Singapore","_Countries","TwoEQ","18337344","Fashion design","_SingHeritage"
"18339739","Singapore","_Countries","TwoEQ","18337539","Fashion designers","_SingHeritage"
"18339739","Singapore","_Countries","TwoEQ","18338009","Fashion editors","_SingHeritage"
"18339739","Singapore","_Countries","TwoEQ","18337984","Fashion magazines","_SingHeritage"
"18339739","Singapore","_Countries","TwoEQ","18338025","Fashion models","_SingHeritage"
"18339739","Singapore","_Countries","TwoEQ","18337491","Fashion photography","_SingHeritage"
"18339739","Singapore","_Countries","TwoEQ","18337257","Feminists","_SingHeritage"
"18339739","Singapore","_Countries","TwoEQ","18337270","Fencers","_SingHeritage"
"18339739","Singapore","_Countries","TwoEQ","18338207","Fencing (Sports)","_SingHeritage"
"18339739","Singapore","_Countries","TwoEQ","18336837","Ferry operators","_SingHeritage"
"18339739","Singapore","_Countries","TwoEQ","18336836","Ferry terminals","_SingHeritage"
"18339739","Singapore","_Countries","TwoEQ","18337552","Fiction writers","_SingHeritage"
"18339739","Singapore","_Countries","TwoEQ","18337817","Film and video production companies","_SingHeritage"
"18339739","Singapore","_Countries","TwoEQ","18337325","Film festivals","_SingHeritage"
"18339739","Singapore","_Countries","TwoEQ","18338028","Film schools","_SingHeritage"
"18339739","Singapore","_Countries","TwoEQ","18336256","Flood control","_SingHeritage"
"18339739","Singapore","_Countries","TwoEQ","18338245","Floorball","_SingHeritage"
"18339739","Singapore","_Countries","TwoEQ","18337413","Folk dancing","_SingHeritage"
"18339739","Singapore","_Countries","TwoEQ","18337098","Food pyramid","_SingHeritage"
"18339739","Singapore","_Countries","TwoEQ","18337554","Food writers","_SingHeritage"
"18339739","Singapore","_Countries","TwoEQ","18338221","Football","_SingHeritage"
"18339739","Singapore","_Countries","TwoEQ","18337271","Football players","_SingHeritage"
"18339739","Singapore","_Countries","TwoEQ","18338222","Football teams","_SingHeritage"
"18339739","Singapore","_Countries","TwoEQ","18338223","Football tournaments","_SingHeritage"
"18339739","Singapore","_Countries","TwoEQ","18336771","Foreign-registered vehicles (Industry)","_SingHeritage"
"18339739","Singapore","_Countries","TwoEQ","18337973","Forensic pathologists","_SingHeritage"
"18339739","Singapore","_Countries","TwoEQ","18338104","Franchises","_SingHeritage"
"18339739","Singapore","_Countries","TwoEQ","18337956","Free newspapers","_SingHeritage"
"18339739","Singapore","_Countries","TwoEQ","18336863","Fuel cell vehicles","_SingHeritage"
"18339739","Singapore","_Countries","TwoEQ","18337345","Furniture design","_SingHeritage"
"18339739","Singapore","_Countries","TwoEQ","18337931","Game shows","_SingHeritage"
"18339739","Singapore","_Countries","TwoEQ","18336332","Games","_SingHeritage"
"18339739","Singapore","_Countries","TwoEQ","18336864","Gas powered vehicles","_SingHeritage"
"18339739","Singapore","_Countries","TwoEQ","18337260","Gay rights activists","_SingHeritage"
"18339739","Singapore","_Countries","TwoEQ","18336113","Genealogy","_SingHeritage"
"18339739","Singapore","_Countries","TwoEQ","18337964","General practitioners","_SingHeritage"
"18339739","Singapore","_Countries","TwoEQ","18337161","Genetic counselling","_SingHeritage"
"18339739","Singapore","_Countries","TwoEQ","18337965","Geriatricians","_SingHeritage"
"18339739","Singapore","_Countries","TwoEQ","18337099","Glycemic index","_SingHeritage"
"18339739","Singapore","_Countries","TwoEQ","18338208","Golf","_SingHeritage"
"18339739","Singapore","_Countries","TwoEQ","18338259","Golf tournaments","_SingHeritage"
"18339739","Singapore","_Countries","TwoEQ","18337272","Golfers","_SingHeritage"
"18339739","Singapore","_Countries","TwoEQ","18338179","Goods and services tax","_SingHeritage"
"18339739","Singapore","_Countries","TwoEQ","18336584","Goods vehicles (Industry)","_SingHeritage"
"18339739","Singapore","_Countries","TwoEQ","18337985","Gourmet magazines","_SingHeritage"
"18339739","Singapore","_Countries","TwoEQ","18336197","Government agencies","_SingHeritage"
"18339739","Singapore","_Countries","TwoEQ","18337734","Government executives","_SingHeritage"
"18339739","Singapore","_Countries","TwoEQ","18337245","Government officials","_SingHeritage"
"18339739","Singapore","_Countries","TwoEQ","18337498","Graffiti","_SingHeritage"
"18339739","Singapore","_Countries","TwoEQ","18338188","Grand Prix racing","_SingHeritage"
"18339739","Singapore","_Countries","TwoEQ","18337198","Graphic artists","_SingHeritage"
"18339739","Singapore","_Countries","TwoEQ","18337346","Graphic design","_SingHeritage"
"18339739","Singapore","_Countries","TwoEQ","18337542","Graphic designers","_SingHeritage"
"18339739","Singapore","_Countries","TwoEQ","18337273","Gymnasts","_SingHeritage"
"18339739","Singapore","_Countries","TwoEQ","18337966","Gynaecologists","_SingHeritage"
"18339739","Singapore","_Countries","TwoEQ","18337774","Hainanese opera companies","_SingHeritage"
"18339739","Singapore","_Countries","TwoEQ","18336843","Harbours","_SingHeritage"
"18339739","Singapore","_Countries","TwoEQ","18337862","Hazardous substances transportation (Technology)","_SingHeritage"
"18339739","Singapore","_Countries","TwoEQ","18336887","Health care costs","_SingHeritage"
"18339739","Singapore","_Countries","TwoEQ","18338147","Health care organisations","_SingHeritage"
"18339739","Singapore","_Countries","TwoEQ","18337215","Health care products (Industry)","_SingHeritage"
"18339739","Singapore","_Countries","TwoEQ","18337216","Health care products regulation","_SingHeritage"
"18339739","Singapore","_Countries","TwoEQ","18336954","Health care programmes","_SingHeritage"
"18339739","Singapore","_Countries","TwoEQ","18337530","Health clubs","_SingHeritage"
"18339739","Singapore","_Countries","TwoEQ","18336902","Health facilities","_SingHeritage"
"18339739","Singapore","_Countries","TwoEQ","18336889","Health insurance (Industry)","_SingHeritage"
"18339739","Singapore","_Countries","TwoEQ","18338159","Health resorts","_SingHeritage"
"18339739","Singapore","_Countries","TwoEQ","18337241","Healthy lifestyle","_SingHeritage"
"18339739","Singapore","_Countries","TwoEQ","18337466","Hindi songs","_SingHeritage"
"18339739","Singapore","_Countries","TwoEQ","18336365","Hinduism","_SingHeritage"
"18339739","Singapore","_Countries","TwoEQ","18336506","Historic bridges","_SingHeritage"
"18339739","Singapore","_Countries","TwoEQ","18336510","Historic buildings","_SingHeritage"
"18339739","Singapore","_Countries","TwoEQ","18336507","Historic sites","_SingHeritage"
"18339739","Singapore","_Countries","TwoEQ","18336104","History","_SingHeritage"
"18339739","Singapore","_Countries","TwoEQ","18337017","HIV tests","_SingHeritage"
"18339739","Singapore","_Countries","TwoEQ","18336156","Hobbies","_SingHeritage"
"18339739","Singapore","_Countries","TwoEQ","18337986","Hobby magazines","_SingHeritage"
"18339739","Singapore","_Countries","TwoEQ","18338210","Hockey","_SingHeritage"
"18339739","Singapore","_Countries","TwoEQ","18337274","Hockey players","_SingHeritage"
"18339739","Singapore","_Countries","TwoEQ","18337778","Hokkien opera companies","_SingHeritage"
"18339739","Singapore","_Countries","TwoEQ","18338105","Home based businesses","_SingHeritage"
"18339739","Singapore","_Countries","TwoEQ","18336918","Home-based medical care","_SingHeritage"
"18339739","Singapore","_Countries","TwoEQ","18337298","Home design","_SingHeritage"
"18339739","Singapore","_Countries","TwoEQ","18338213","Horse racing (Events)","_SingHeritage"
"18339739","Singapore","_Countries","TwoEQ","18338239","Horse sports","_SingHeritage"
"18339739","Singapore","_Countries","TwoEQ","18337596","Horticulturists","_SingHeritage"
"18339739","Singapore","_Countries","TwoEQ","18336917","Hospice care","_SingHeritage"
"18339739","Singapore","_Countries","TwoEQ","18336912","Hospital services","_SingHeritage"
"18339739","Singapore","_Countries","TwoEQ","18336906","Hospitals","_SingHeritage"
"18339739","Singapore","_Countries","TwoEQ","18336920","Hotlines (Counselling)","_SingHeritage"
"18339739","Singapore","_Countries","TwoEQ","18337555","Humorists","_SingHeritage"
"18339739","Singapore","_Countries","TwoEQ","18336865","Hybrid vehicles","_SingHeritage"
"18339739","Singapore","_Countries","TwoEQ","18338247","Ice skating","_SingHeritage"
"18339739","Singapore","_Countries","TwoEQ","18337199","Illustrators","_SingHeritage"
"18339739","Singapore","_Countries","TwoEQ","18338106","Importers","_SingHeritage"
"18339739","Singapore","_Countries","TwoEQ","18338177","Income tax","_SingHeritage"
"18339739","Singapore","_Countries","TwoEQ","18337467","Indian children's songs","_SingHeritage"
"18339739","Singapore","_Countries","TwoEQ","18336521","Indian clans and associations","_SingHeritage"
"18339739","Singapore","_Countries","TwoEQ","18336353","Indian costumes","_SingHeritage"
"18339739","Singapore","_Countries","TwoEQ","18337434","Indian dance","_SingHeritage"
"18339739","Singapore","_Countries","TwoEQ","18337764","Indian dance companies","_SingHeritage"
"18339739","Singapore","_Countries","TwoEQ","18337482","Indian decorative arts","_SingHeritage"
"18339739","Singapore","_Countries","TwoEQ","18337464","Indian folk songs","_SingHeritage"
"18339739","Singapore","_Countries","TwoEQ","18336340","Indian food","_SingHeritage"
"18339739","Singapore","_Countries","TwoEQ","18336348","Indian languages and dialects","_SingHeritage"
"18339739","Singapore","_Countries","TwoEQ","18337455","Indian music","_SingHeritage"
"18339739","Singapore","_Countries","TwoEQ","18337485","Indian music history","_SingHeritage"
"18339739","Singapore","_Countries","TwoEQ","18337475","Indian painting","_SingHeritage"
"18339739","Singapore","_Countries","TwoEQ","18338276","Indian sculpture","_SingHeritage"
"18339739","Singapore","_Countries","TwoEQ","18337458","Indian songs","_SingHeritage"
"18339739","Singapore","_Countries","TwoEQ","18337443","Indian theatre (Art)","_SingHeritage"
"18339739","Singapore","_Countries","TwoEQ","18337545","Indian writers","_SingHeritage"
"18339739","Singapore","_Countries","TwoEQ","18337347","Industrial and product design","_SingHeritage"
"18339739","Singapore","_Countries","TwoEQ","18337299","Industrial architecture","_SingHeritage"
"18339739","Singapore","_Countries","TwoEQ","18337541","Industrial designers","_SingHeritage"
"18339739","Singapore","_Countries","TwoEQ","18336386","Industrial water pollution","_SingHeritage"
"18339739","Singapore","_Countries","TwoEQ","18336392","Inland water pollution","_SingHeritage"
"18339739","Singapore","_Countries","TwoEQ","18337499","Installation art","_SingHeritage"
"18339739","Singapore","_Countries","TwoEQ","18337300","Interior architecture","_SingHeritage"
"18339739","Singapore","_Countries","TwoEQ","18337348","Interior design","_SingHeritage"
"18339739","Singapore","_Countries","TwoEQ","18337540","Interior designers","_SingHeritage"
"18339739","Singapore","_Countries","TwoEQ","18337615","Internal security","_SingHeritage"
"18339739","Singapore","_Countries","TwoEQ","18336500","International schools","_SingHeritage"
"18339739","Singapore","_Countries","TwoEQ","18336364","Islam","_SingHeritage"
"18339739","Singapore","_Countries","TwoEQ","18336158","Islands","_SingHeritage"
"18339739","Singapore","_Countries","TwoEQ","18336334","Jainism","_SingHeritage"
"18339739","Singapore","_Countries","TwoEQ","18337424","Jazz","_SingHeritage"
"18339739","Singapore","_Countries","TwoEQ","18337339","Jewellery","_SingHeritage"
"18339739","Singapore","_Countries","TwoEQ","18337275","Jockeys","_SingHeritage"
"18339739","Singapore","_Countries","TwoEQ","18338107","Joint ventures","_SingHeritage"
"18339739","Singapore","_Countries","TwoEQ","18337371","Journalism","_SingHeritage"
"18339739","Singapore","_Countries","TwoEQ","18337556","Journalists","_SingHeritage"
"18339739","Singapore","_Countries","TwoEQ","18336371","Judaism","_SingHeritage"
"18339739","Singapore","_Countries","TwoEQ","18337249","Judges","_SingHeritage"
"18339739","Singapore","_Countries","TwoEQ","18337670","Justices of the Peace","_SingHeritage"
"18339739","Singapore","_Countries","TwoEQ","18337258","Labour activists","_SingHeritage"
"18339739","Singapore","_Countries","TwoEQ","18336496","Lakes","_SingHeritage"
"18339739","Singapore","_Countries","TwoEQ","18337494","Landscape photography","_SingHeritage"
"18339739","Singapore","_Countries","TwoEQ","18336177","Language schools","_SingHeritage"
"18339739","Singapore","_Countries","TwoEQ","18336331","Languages","_SingHeritage"
"18339739","Singapore","_Countries","TwoEQ","18337248","Lawyers","_SingHeritage"
"18339739","Singapore","_Countries","TwoEQ","18337995","Lecturers","_SingHeritage"
"18339739","Singapore","_Countries","TwoEQ","18338124","Legal services","_SingHeritage"
"18339739","Singapore","_Countries","TwoEQ","18336390","Liability for water pollution damages","_SingHeritage"
"18339739","Singapore","_Countries","TwoEQ","18336167","Libraries","_SingHeritage"
"18339739","Singapore","_Countries","TwoEQ","18338108","Limited liability companies","_SingHeritage"
"18339739","Singapore","_Countries","TwoEQ","18337801","Literary associations","_SingHeritage"
"18339739","Singapore","_Countries","TwoEQ","18338002","Literary critics","_SingHeritage"
"18339739","Singapore","_Countries","TwoEQ","18337327","Literary festivals","_SingHeritage"
"18339739","Singapore","_Countries","TwoEQ","18336116","Literature","_SingHeritage"
"18339739","Singapore","_Countries","TwoEQ","18338212","Lotteries","_SingHeritage"
"18339739","Singapore","_Countries","TwoEQ","18336238","Low capacity flushing cisterns","_SingHeritage"
"18339739","Singapore","_Countries","TwoEQ","18337182","Magicians","_SingHeritage"
"18339739","Singapore","_Countries","TwoEQ","18337200","Makeup artists","_SingHeritage"
"18339739","Singapore","_Countries","TwoEQ","18337460","Malay children's songs","_SingHeritage"
"18339739","Singapore","_Countries","TwoEQ","18336520","Malay clans and associations","_SingHeritage"
"18339739","Singapore","_Countries","TwoEQ","18336352","Malay costumes","_SingHeritage"
"18339739","Singapore","_Countries","TwoEQ","18337436","Malay dance","_SingHeritage"
"18339739","Singapore","_Countries","TwoEQ","18337765","Malay dance companies","_SingHeritage"
"18339739","Singapore","_Countries","TwoEQ","18337461","Malay folk songs","_SingHeritage"
"18339739","Singapore","_Countries","TwoEQ","18336339","Malay food","_SingHeritage"
"18339739","Singapore","_Countries","TwoEQ","18336347","Malay languages and dialects","_SingHeritage"
"18339739","Singapore","_Countries","TwoEQ","18337456","Malay music","_SingHeritage"
"18339739","Singapore","_Countries","TwoEQ","18337459","Malay songs","_SingHeritage"
"18339739","Singapore","_Countries","TwoEQ","18338035","Malay theatre companies","_SingHeritage"
"18339739","Singapore","_Countries","TwoEQ","18337546","Malay writers","_SingHeritage"
"18339739","Singapore","_Countries","TwoEQ","18337785","Malayalam opera companies","_SingHeritage"
"18339739","Singapore","_Countries","TwoEQ","18336446","Manholes","_SingHeritage"
"18339739","Singapore","_Countries","TwoEQ","18337859","Manufacturing","_SingHeritage"
"18339739","Singapore","_Countries","TwoEQ","18336841","Marinas","_SingHeritage"
"18339739","Singapore","_Countries","TwoEQ","18336403","Marriage customs","_SingHeritage"
"18339739","Singapore","_Countries","TwoEQ","18337276","Martial artists","_SingHeritage"
"18339739","Singapore","_Countries","TwoEQ","18338214","Martial arts","_SingHeritage"
"18339739","Singapore","_Countries","TwoEQ","18337183","Masters of ceremonies","_SingHeritage"
"18339739","Singapore","_Countries","TwoEQ","18338152","Materials research organisations","_SingHeritage"
"18339739","Singapore","_Countries","TwoEQ","18337996","Mayors","_SingHeritage"
"18339739","Singapore","_Countries","TwoEQ","18336888","Means testing","_SingHeritage"
"18339739","Singapore","_Countries","TwoEQ","18336896","Medical assistance","_SingHeritage"
"18339739","Singapore","_Countries","TwoEQ","18336895","Medical care","_SingHeritage"
"18339739","Singapore","_Countries","TwoEQ","18338148","Medical corporations","_SingHeritage"
"18339739","Singapore","_Countries","TwoEQ","18336885","Medical economics","_SingHeritage"
"18339739","Singapore","_Countries","TwoEQ","18337218","Medical equipment (Industry)","_SingHeritage"
"18339739","Singapore","_Countries","TwoEQ","18337981","Medical journals","_SingHeritage"
"18339739","Singapore","_Countries","TwoEQ","18336955","Medical legislation","_SingHeritage"
"18339739","Singapore","_Countries","TwoEQ","18338123","Medical partnership","_SingHeritage"
"18339739","Singapore","_Countries","TwoEQ","18336893","Medical savings accounts","_SingHeritage"
"18339739","Singapore","_Countries","TwoEQ","18337968","Medical scientists","_SingHeritage"
"18339739","Singapore","_Countries","TwoEQ","18337921","Members of Parliament","_SingHeritage"
"18339739","Singapore","_Countries","TwoEQ","18337977","Men's magazines","_SingHeritage"
"18339739","Singapore","_Countries","TwoEQ","18337061","Mental health counselling","_SingHeritage"
"18339739","Singapore","_Countries","TwoEQ","18337065","Mental health patient education","_SingHeritage"
"18339739","Singapore","_Countries","TwoEQ","18336995","Mental health services","_SingHeritage"
"18339739","Singapore","_Countries","TwoEQ","18337585","Merchants","_SingHeritage"
"18339739","Singapore","_Countries","TwoEQ","18337259","Migrant workers' rights activists","_SingHeritage"
"18339739","Singapore","_Countries","TwoEQ","18337251","Military leaders","_SingHeritage"
"18339739","Singapore","_Countries","TwoEQ","18337864","Military transportation","_SingHeritage"
"18339739","Singapore","_Countries","TwoEQ","18337184","Mimes","_SingHeritage"
"18339739","Singapore","_Countries","TwoEQ","18337201","Mixed media artists","_SingHeritage"
"18339739","Singapore","_Countries","TwoEQ","18337766","Modern dance companies","_SingHeritage"
"18339739","Singapore","_Countries","TwoEQ","18337069","Mood disorders clinic services","_SingHeritage"
"18339739","Singapore","_Countries","TwoEQ","18337112","Mosques","_SingHeritage"
"18339739","Singapore","_Countries","TwoEQ","18337887","Motivational speakers","_SingHeritage"
"18339739","Singapore","_Countries","TwoEQ","18336576","Motor vehicles (Industry)","_SingHeritage"
"18339739","Singapore","_Countries","TwoEQ","18336585","Motorcycles (Industry)","_SingHeritage"
"18339739","Singapore","_Countries","TwoEQ","18338249","Mountaineering","_SingHeritage"
"18339739","Singapore","_Countries","TwoEQ","18337504","Movie actors","_SingHeritage"
"18339739","Singapore","_Countries","TwoEQ","18338003","Movie critics","_SingHeritage"
"18339739","Singapore","_Countries","TwoEQ","18337192","Movie directors","_SingHeritage"
"18339739","Singapore","_Countries","TwoEQ","18337818","Movie distributors","_SingHeritage"
"18339739","Singapore","_Countries","TwoEQ","18337334","Movie theatres","_SingHeritage"
"18339739","Singapore","_Countries","TwoEQ","18337340","Mural painting","_SingHeritage"
"18339739","Singapore","_Countries","TwoEQ","18336168","Museums","_SingHeritage"
"18339739","Singapore","_Countries","TwoEQ","18336170","Music","_SingHeritage"
"18339739","Singapore","_Countries","TwoEQ","18338034","Music conservatories","_SingHeritage"
"18339739","Singapore","_Countries","TwoEQ","18337450","Music criticism","_SingHeritage"
"18339739","Singapore","_Countries","TwoEQ","18338004","Music critics","_SingHeritage"
"18339739","Singapore","_Countries","TwoEQ","18338024","Music directors","_SingHeritage"
"18339739","Singapore","_Countries","TwoEQ","18337330","Music facilities","_SingHeritage"
"18339739","Singapore","_Countries","TwoEQ","18337326","Music festivals","_SingHeritage"
"18339739","Singapore","_Countries","TwoEQ","18337483","Music history","_SingHeritage"
"18339739","Singapore","_Countries","TwoEQ","18337809","Music organisations","_SingHeritage"
"18339739","Singapore","_Countries","TwoEQ","18337821","Music production companies","_SingHeritage"
"18339739","Singapore","_Countries","TwoEQ","18337822","Music stores","_SingHeritage"
"18339739","Singapore","_Countries","TwoEQ","18338014","Music teachers","_SingHeritage"
"18339739","Singapore","_Countries","TwoEQ","18337501","Musical groups","_SingHeritage"
"18339739","Singapore","_Countries","TwoEQ","18337440","Musical theatre (Art)","_SingHeritage"
"18339739","Singapore","_Countries","TwoEQ","18337174","Musicians","_SingHeritage"
"18339739","Singapore","_Countries","TwoEQ","18337875","National anthem","_SingHeritage"
"18339739","Singapore","_Countries","TwoEQ","18338181","National campaigns","_SingHeritage"
"18339739","Singapore","_Countries","TwoEQ","18337874","National coat of arms","_SingHeritage"
"18339739","Singapore","_Countries","TwoEQ","18337608","National defence","_SingHeritage"
"18339739","Singapore","_Countries","TwoEQ","18337871","National flag","_SingHeritage"
"18339739","Singapore","_Countries","TwoEQ","18338052","National flower","_SingHeritage"
"18339739","Singapore","_Countries","TwoEQ","18338184","National holidays","_SingHeritage"
"18339739","Singapore","_Countries","TwoEQ","18336501","National monuments","_SingHeritage"
"18339739","Singapore","_Countries","TwoEQ","18336135","National security","_SingHeritage"
"18339739","Singapore","_Countries","TwoEQ","18337453","National songs","_SingHeritage"
"18339739","Singapore","_Countries","TwoEQ","18336136","National symbols","_SingHeritage"
"18339739","Singapore","_Countries","TwoEQ","18336476","Nature conservation","_SingHeritage"
"18339739","Singapore","_Countries","TwoEQ","18337932","Nature television programmes","_SingHeritage"
"18339739","Singapore","_Countries","TwoEQ","18338234","Netball","_SingHeritage"
"18339739","Singapore","_Countries","TwoEQ","18337967","Neurologists","_SingHeritage"
"18339739","Singapore","_Countries","TwoEQ","18337071","Neuropsychiatric disorders treatment","_SingHeritage"
"18339739","Singapore","_Countries","TwoEQ","18337978","News magazines","_SingHeritage"
"18339739","Singapore","_Countries","TwoEQ","18337979","Newsletters","_SingHeritage"
"18339739","Singapore","_Countries","TwoEQ","18337923","Newspapers","_SingHeritage"
"18339739","Singapore","_Countries","TwoEQ","18336910","Nursing homes","_SingHeritage"
"18339739","Singapore","_Countries","TwoEQ","18336141","Nutrition","_SingHeritage"
"18339739","Singapore","_Countries","TwoEQ","18337084","Nutrition programmes","_SingHeritage"
"18339739","Singapore","_Countries","TwoEQ","18337100","Nutritional needs","_SingHeritage"
"18339739","Singapore","_Countries","TwoEQ","18337672","Obstetricians","_SingHeritage"
"18339739","Singapore","_Countries","TwoEQ","18336999","Occupational safety and health","_SingHeritage"
"18339739","Singapore","_Countries","TwoEQ","18337038","Occupational safety and health programmes","_SingHeritage"
"18339739","Singapore","_Countries","TwoEQ","18337060","Occupational therapy services","_SingHeritage"
"18339739","Singapore","_Countries","TwoEQ","18337479","Oil painting","_SingHeritage"
"18339739","Singapore","_Countries","TwoEQ","18337277","Olympic athletes","_SingHeritage"
"18339739","Singapore","_Countries","TwoEQ","18338109","Online businesses","_SingHeritage"
"18339739","Singapore","_Countries","TwoEQ","18337569","Opera","_SingHeritage"
"18339739","Singapore","_Countries","TwoEQ","18337767","Opera companies","_SingHeritage"
"18339739","Singapore","_Countries","TwoEQ","18337969","Ophthalmologists","_SingHeritage"
"18339739","Singapore","_Countries","TwoEQ","18337971","Paediatricians","_SingHeritage"
"18339739","Singapore","_Countries","TwoEQ","18337202","Painters (Art)","_SingHeritage"
"18339739","Singapore","_Countries","TwoEQ","18337308","Painting","_SingHeritage"
"18339739","Singapore","_Countries","TwoEQ","18336508","Parks and gardens","_SingHeritage"
"18339739","Singapore","_Countries","TwoEQ","18337884","Parliamentary Secretaries","_SingHeritage"
"18339739","Singapore","_Countries","TwoEQ","18338110","Partnerships","_SingHeritage"
"18339739","Singapore","_Countries","TwoEQ","18336523","Peranakan clans and associations","_SingHeritage"
"18339739","Singapore","_Countries","TwoEQ","18336355","Peranakan costumes","_SingHeritage"
"18339739","Singapore","_Countries","TwoEQ","18336342","Peranakan food","_SingHeritage"
"18339739","Singapore","_Countries","TwoEQ","18336350","Peranakan languages and dialects","_SingHeritage"
"18339739","Singapore","_Countries","TwoEQ","18336117","Performing arts","_SingHeritage"
"18339739","Singapore","_Countries","TwoEQ","18338026","Performing arts schools","_SingHeritage"
"18339739","Singapore","_Countries","TwoEQ","18337924","Periodicals","_SingHeritage"
"18339739","Singapore","_Countries","TwoEQ","18336114","Personalities","_SingHeritage"
"18339739","Singapore","_Countries","TwoEQ","18337863","Petroleum transportation (Technology)","_SingHeritage"
"18339739","Singapore","_Countries","TwoEQ","18337595","Philanthropists","_SingHeritage"
"18339739","Singapore","_Countries","TwoEQ","18337171","Photographers","_SingHeritage"
"18339739","Singapore","_Countries","TwoEQ","18337306","Photography","_SingHeritage"
"18339739","Singapore","_Countries","TwoEQ","18337203","Physically disabled artists","_SingHeritage"
"18339739","Singapore","_Countries","TwoEQ","18337671","Physicians","_SingHeritage"
"18339739","Singapore","_Countries","TwoEQ","18337998","Pianists","_SingHeritage"
"18339739","Singapore","_Countries","TwoEQ","18336121","Pioneers","_SingHeritage"
"18339739","Singapore","_Countries","TwoEQ","18336144","Plants","_SingHeritage"
"18339739","Singapore","_Countries","TwoEQ","18337557","Playwrights","_SingHeritage"
"18339739","Singapore","_Countries","TwoEQ","18336297","Plumbers","_SingHeritage"
"18339739","Singapore","_Countries","TwoEQ","18337352","Poetry","_SingHeritage"
"18339739","Singapore","_Countries","TwoEQ","18337558","Poets","_SingHeritage"
"18339739","Singapore","_Countries","TwoEQ","18337244","Politicians","_SingHeritage"
"18339739","Singapore","_Countries","TwoEQ","18338243","Polo players","_SingHeritage"
"18339739","Singapore","_Countries","TwoEQ","18337532","Pop groups","_SingHeritage"
"18339739","Singapore","_Countries","TwoEQ","18337427","Popular music","_SingHeritage"
"18339739","Singapore","_Countries","TwoEQ","18337486","Popular music history","_SingHeritage"
"18339739","Singapore","_Countries","TwoEQ","18336882","Port development","_SingHeritage"
"18339739","Singapore","_Countries","TwoEQ","18337492","Portrait photography","_SingHeritage"
"18339739","Singapore","_Countries","TwoEQ","18338143","Ports","_SingHeritage"
"18339739","Singapore","_Countries","TwoEQ","18337204","Potters","_SingHeritage"
"18339739","Singapore","_Countries","TwoEQ","18337586","Presidents (Government)","_SingHeritage"
"18339739","Singapore","_Countries","TwoEQ","18336766","Prevailing Quota Premium","_SingHeritage"
"18339739","Singapore","_Countries","TwoEQ","18336502","Primary schools","_SingHeritage"
"18339739","Singapore","_Countries","TwoEQ","18337205","Printmakers","_SingHeritage"
"18339739","Singapore","_Countries","TwoEQ","18338111","Private companies","_SingHeritage"
"18339739","Singapore","_Countries","TwoEQ","18336908","Private hospitals","_SingHeritage"
"18339739","Singapore","_Countries","TwoEQ","18338112","Professional services","_SingHeritage"
"18339739","Singapore","_Countries","TwoEQ","18338178","Property taxes","_SingHeritage"
"18339739","Singapore","_Countries","TwoEQ","18337220","Proprietary drugs (Industry)","_SingHeritage"
"18339739","Singapore","_Countries","TwoEQ","18337974","Psychiatrists","_SingHeritage"
"18339739","Singapore","_Countries","TwoEQ","18338020","Psychologists","_SingHeritage"
"18339739","Singapore","_Countries","TwoEQ","18337302","Public architecture","_SingHeritage"
"18339739","Singapore","_Countries","TwoEQ","18336161","Public buildings","_SingHeritage"
"18339739","Singapore","_Countries","TwoEQ","18338113","Public enterprises","_SingHeritage"
"18339739","Singapore","_Countries","TwoEQ","18486679","Public health","_SingHeritage"
"18339739","Singapore","_Countries","TwoEQ","18338150","Public health advisory groups","_SingHeritage"
"18339739","Singapore","_Countries","TwoEQ","18336907","Public hospitals","_SingHeritage"
"18339739","Singapore","_Countries","TwoEQ","18337138","Public libraries","_SingHeritage"
"18339739","Singapore","_Countries","TwoEQ","18337933","Public service television programmes","_SingHeritage"
"18339739","Singapore","_Countries","TwoEQ","18336554","Public transportation","_SingHeritage"
"18339739","Singapore","_Countries","TwoEQ","18338021","Publishers (Persons)","_SingHeritage"
"18339739","Singapore","_Countries","TwoEQ","18337410","Puppet theatre (Art)","_SingHeritage"
"18339739","Singapore","_Countries","TwoEQ","18337185","Puppeteers","_SingHeritage"
"18339739","Singapore","_Countries","TwoEQ","18337278","Race car drivers","_SingHeritage"
"18339739","Singapore","_Countries","TwoEQ","18337925","Radio (programmes)","_SingHeritage"
"18339739","Singapore","_Countries","TwoEQ","18486739","Rail transport (Stations)","_SingHeritage"
"18339739","Singapore","_Countries","TwoEQ","18337533","Rap groups","_SingHeritage"
"18339739","Singapore","_Countries","TwoEQ","18337934","Reality television programmes","_SingHeritage"
"18339739","Singapore","_Countries","TwoEQ","18338196","Recreation clubs","_SingHeritage"
"18339739","Singapore","_Countries","TwoEQ","18337952","Referees","_SingHeritage"
"18339739","Singapore","_Countries","TwoEQ","18337139","Reference libraries","_SingHeritage"
"18339739","Singapore","_Countries","TwoEQ","18337141","Regional libraries","_SingHeritage"
"18339739","Singapore","_Countries","TwoEQ","18337129","Religious associations","_SingHeritage"
"18339739","Singapore","_Countries","TwoEQ","18337109","Religious buildings","_SingHeritage"
"18339739","Singapore","_Countries","TwoEQ","18338050","Religious festivals","_SingHeritage"
"18339739","Singapore","_Countries","TwoEQ","18337107","Religious life and practices","_SingHeritage"
"18339739","Singapore","_Countries","TwoEQ","18337128","Religious organisations","_SingHeritage"
"18339739","Singapore","_Countries","TwoEQ","18337982","Religious periodicals","_SingHeritage"
"18339739","Singapore","_Countries","TwoEQ","18336503","Religious schools (Buildings)","_SingHeritage"
"18339739","Singapore","_Countries","TwoEQ","18337130","Religious tolerance","_SingHeritage"
"18339739","Singapore","_Countries","TwoEQ","18336778","Rental cars (Industry)","_SingHeritage"
"18339739","Singapore","_Countries","TwoEQ","18337019","Reproductive health","_SingHeritage"
"18339739","Singapore","_Countries","TwoEQ","18336497","Reservoirs","_SingHeritage"
"18339739","Singapore","_Countries","TwoEQ","18338198","Resorts","_SingHeritage"
"18339739","Singapore","_Countries","TwoEQ","18337380","Rest","_SingHeritage"
"18339739","Singapore","_Countries","TwoEQ","18338019","Restaurant critics","_SingHeritage"
"18339739","Singapore","_Countries","TwoEQ","18336509","Rivers","_SingHeritage"
"18339739","Singapore","_Countries","TwoEQ","18338190","Road races (Running)","_SingHeritage"
"18339739","Singapore","_Countries","TwoEQ","18336763","Road tax","_SingHeritage"
"18339739","Singapore","_Countries","TwoEQ","18338155","Road traffic management","_SingHeritage"
"18339739","Singapore","_Countries","TwoEQ","18337535","Rock groups (Music)","_SingHeritage"
"18339739","Singapore","_Countries","TwoEQ","18337430","Rock music","_SingHeritage"
"18339739","Singapore","_Countries","TwoEQ","18337279","Rowers","_SingHeritage"
"18339739","Singapore","_Countries","TwoEQ","18338216","Rowing","_SingHeritage"
"18339739","Singapore","_Countries","TwoEQ","18338217","Rugby","_SingHeritage"
"18339739","Singapore","_Countries","TwoEQ","18337281","Runners (Athletes)","_SingHeritage"
"18339739","Singapore","_Countries","TwoEQ","18338219","Sailing","_SingHeritage"
"18339739","Singapore","_Countries","TwoEQ","18337867","Sailors (Athletes)","_SingHeritage"
"18339739","Singapore","_Countries","TwoEQ","18336448","Sanitary engineering","_SingHeritage"
"18339739","Singapore","_Countries","TwoEQ","18336449","Sanitary supply industry (Waste disposal)","_SingHeritage"
"18339739","Singapore","_Countries","TwoEQ","18337013","SARS preventive measures","_SingHeritage"
"18339739","Singapore","_Countries","TwoEQ","18337994","Scholars","_SingHeritage"
"18339739","Singapore","_Countries","TwoEQ","18337732","School administrators","_SingHeritage"
"18339739","Singapore","_Countries","TwoEQ","18337292","School principals","_SingHeritage"
"18339739","Singapore","_Countries","TwoEQ","18336108","Schools (Buildings)","_SingHeritage"
"18339739","Singapore","_Countries","TwoEQ","18337983","Science journals","_SingHeritage"
"18339739","Singapore","_Countries","TwoEQ","18337237","Scientists","_SingHeritage"
"18339739","Singapore","_Countries","TwoEQ","18337559","Screenwriters","_SingHeritage"
"18339739","Singapore","_Countries","TwoEQ","18337206","Sculptors","_SingHeritage"
"18339739","Singapore","_Countries","TwoEQ","18337309","Sculpture","_SingHeritage"
"18339739","Singapore","_Countries","TwoEQ","18336504","Secondary schools","_SingHeritage"
"18339739","Singapore","_Countries","TwoEQ","18336267","Sediment control","_SingHeritage"
"18339739","Singapore","_Countries","TwoEQ","18336242","Self-closing delayed action taps","_SingHeritage"
"18339739","Singapore","_Countries","TwoEQ","18338252","Sepak takraw","_SingHeritage"
"18339739","Singapore","_Countries","TwoEQ","18337063","Services for persons with mental disabilities","_SingHeritage"
"18339739","Singapore","_Countries","TwoEQ","18336473","Sewer system construction","_SingHeritage"
"18339739","Singapore","_Countries","TwoEQ","18336257","Sewer systems","_SingHeritage"
"18339739","Singapore","_Countries","TwoEQ","18337164","Sex counselling","_SingHeritage"
"18339739","Singapore","_Countries","TwoEQ","18337024","Sex education","_SingHeritage"
"18339739","Singapore","_Countries","TwoEQ","18337026","Sex therapy","_SingHeritage"
"18339739","Singapore","_Countries","TwoEQ","18337025","Sexual abstinence","_SingHeritage"
"18339739","Singapore","_Countries","TwoEQ","18337027","Sexual disorders","_SingHeritage"
"18339739","Singapore","_Countries","TwoEQ","18337072","Sexual dysfunction treatment","_SingHeritage"
"18339739","Singapore","_Countries","TwoEQ","18337022","Sexual hygiene","_SingHeritage"
"18339739","Singapore","_Countries","TwoEQ","18337023","Sexually transmitted disease prevention","_SingHeritage"
"18339739","Singapore","_Countries","TwoEQ","18337868","Sharpshooters","_SingHeritage"
"18339739","Singapore","_Countries","TwoEQ","18338220","Sharpshooting","_SingHeritage"
"18339739","Singapore","_Countries","TwoEQ","18338199","Shopping centres","_SingHeritage"
"18339739","Singapore","_Countries","TwoEQ","18337560","Short story writers","_SingHeritage"
"18339739","Singapore","_Countries","TwoEQ","18337114","Sikhism","_SingHeritage"
"18339739","Singapore","_Countries","TwoEQ","18337186","Singers","_SingHeritage"
"18339739","Singapore","_Countries","TwoEQ","18337381","Sleep","_SingHeritage"
"18339739","Singapore","_Countries","TwoEQ","18337070","Sleep disorders treatment","_SingHeritage"
"18339739","Singapore","_Countries","TwoEQ","18338114","Small and medium sized companies","_SingHeritage"
"18339739","Singapore","_Countries","TwoEQ","18338115","Social enterprises","_SingHeritage"
"18339739","Singapore","_Countries","TwoEQ","18338255","Softball","_SingHeritage"
"18339739","Singapore","_Countries","TwoEQ","18338116","Software development companies","_SingHeritage"
"18339739","Singapore","_Countries","TwoEQ","18338117","Sole proprietorships","_SingHeritage"
"18339739","Singapore","_Countries","TwoEQ","18337502","Songwriters","_SingHeritage"
"18339739","Singapore","_Countries","TwoEQ","18336178","Special education schools","_SingHeritage"
"18339739","Singapore","_Countries","TwoEQ","18338185","Special events","_SingHeritage"
"18339739","Singapore","_Countries","TwoEQ","18337165","Speciality institutes (Health)","_SingHeritage"
"18339739","Singapore","_Countries","TwoEQ","18336157","Sports and games","_SingHeritage"
"18339739","Singapore","_Countries","TwoEQ","18338194","Sports facilities","_SingHeritage"
"18339739","Singapore","_Countries","TwoEQ","18337987","Sports magazines","_SingHeritage"
"18339739","Singapore","_Countries","TwoEQ","18337935","Sports television programmes","_SingHeritage"
"18339739","Singapore","_Countries","TwoEQ","18337954","Sportscasters","_SingHeritage"
"18339739","Singapore","_Countries","TwoEQ","18337563","Sportswriters","_SingHeritage"
"18339739","Singapore","_Countries","TwoEQ","18336241","Spring-loaded nozzles","_SingHeritage"
"18339739","Singapore","_Countries","TwoEQ","18338235","Squash (Sports)","_SingHeritage"
"18339739","Singapore","_Countries","TwoEQ","18338118","Startups","_SingHeritage"
"18339739","Singapore","_Countries","TwoEQ","18337187","Storytellers","_SingHeritage"
"18339739","Singapore","_Countries","TwoEQ","18338180","Straits","_SingHeritage"
"18339739","Singapore","_Countries","TwoEQ","18337382","Stress management","_SingHeritage"
"18339739","Singapore","_Countries","TwoEQ","18337958","Surgeons","_SingHeritage"
"18339739","Singapore","_Countries","TwoEQ","18337282","Swimmers","_SingHeritage"
"18339739","Singapore","_Countries","TwoEQ","18338224","Swimming","_SingHeritage"
"18339739","Singapore","_Countries","TwoEQ","18338096","Symphony orchestra societies","_SingHeritage"
"18339739","Singapore","_Countries","TwoEQ","18337536","Symphony orchestras","_SingHeritage"
"18339739","Singapore","_Countries","TwoEQ","18337113","Synagogues","_SingHeritage"
"18339739","Singapore","_Countries","TwoEQ","18338225","Table tennis","_SingHeritage"
"18339739","Singapore","_Countries","TwoEQ","18337283","Table tennis players","_SingHeritage"
"18339739","Singapore","_Countries","TwoEQ","18337955","Tabloid newspapers","_SingHeritage"
"18339739","Singapore","_Countries","TwoEQ","18337937","Tabloid television programmes","_SingHeritage"
"18339739","Singapore","_Countries","TwoEQ","18337189","Talk show hosts","_SingHeritage"
"18339739","Singapore","_Countries","TwoEQ","18337936","Talk shows","_SingHeritage"
"18339739","Singapore","_Countries","TwoEQ","18337465","Tamil songs","_SingHeritage"
"18339739","Singapore","_Countries","TwoEQ","18336307","Taoism","_SingHeritage"
"18339739","Singapore","_Countries","TwoEQ","18336240","Tap thimbles","_SingHeritage"
"18339739","Singapore","_Countries","TwoEQ","18337207","Tattoo artists","_SingHeritage"
"18339739","Singapore","_Countries","TwoEQ","18338175","Taxation","_SingHeritage"
"18339739","Singapore","_Countries","TwoEQ","18336568","Taxicabs","_SingHeritage"
"18339739","Singapore","_Countries","TwoEQ","18337247","Teachers","_SingHeritage"
"18339739","Singapore","_Countries","TwoEQ","18337989","Teen magazines","_SingHeritage"
"18339739","Singapore","_Countries","TwoEQ","18337505","Television actors","_SingHeritage"
"18339739","Singapore","_Countries","TwoEQ","18337938","Television comedies","_SingHeritage"
"18339739","Singapore","_Countries","TwoEQ","18338005","Television critics","_SingHeritage"
"18339739","Singapore","_Countries","TwoEQ","18337939","Television documentaries","_SingHeritage"
"18339739","Singapore","_Countries","TwoEQ","18337940","Television dramas","_SingHeritage"
"18339739","Singapore","_Countries","TwoEQ","18337941","Television fund raising","_SingHeritage"
"18339739","Singapore","_Countries","TwoEQ","18337507","Television journalists","_SingHeritage"
"18339739","Singapore","_Countries","TwoEQ","18337506","Television personalities","_SingHeritage"
"18339739","Singapore","_Countries","TwoEQ","18337990","Television programme guides","_SingHeritage"
"18339739","Singapore","_Countries","TwoEQ","18337927","Television (programmes)","_SingHeritage"
"18339739","Singapore","_Countries","TwoEQ","18337190","Television show hosts","_SingHeritage"
"18339739","Singapore","_Countries","TwoEQ","18337942","Television specials","_SingHeritage"
"18339739","Singapore","_Countries","TwoEQ","18337508","Television sportscasters","_SingHeritage"
"18339739","Singapore","_Countries","TwoEQ","18337561","Television writers","_SingHeritage"
"18339739","Singapore","_Countries","TwoEQ","18337111","Temples","_SingHeritage"
"18339739","Singapore","_Countries","TwoEQ","18338226","Tennis","_SingHeritage"
"18339739","Singapore","_Countries","TwoEQ","18337284","Tennis players","_SingHeritage"
"18339739","Singapore","_Countries","TwoEQ","18337780","Teochew opera companies","_SingHeritage"
"18339739","Singapore","_Countries","TwoEQ","18337480","Textile art and design","_SingHeritage"
"18339739","Singapore","_Countries","TwoEQ","18337208","Textile artists","_SingHeritage"
"18339739","Singapore","_Countries","TwoEQ","18337477","Textile painting","_SingHeritage"
"18339739","Singapore","_Countries","TwoEQ","18336171","Theatre","_SingHeritage"
"18339739","Singapore","_Countries","TwoEQ","18337441","Theatre companies","_SingHeritage"
"18339739","Singapore","_Countries","TwoEQ","18337446","Theatre criticism","_SingHeritage"
"18339739","Singapore","_Countries","TwoEQ","18338006","Theatre critics","_SingHeritage"
"18339739","Singapore","_Countries","TwoEQ","18337808","Theatre organisations","_SingHeritage"
"18339739","Singapore","_Countries","TwoEQ","18337444","Theatre programmes","_SingHeritage"
"18339739","Singapore","_Countries","TwoEQ","18337332","Theatres","_SingHeritage"
"18339739","Singapore","_Countries","TwoEQ","18337509","Theatrical actors","_SingHeritage"
"18339739","Singapore","_Countries","TwoEQ","18338016","Theatrical directors","_SingHeritage"
"18339739","Singapore","_Countries","TwoEQ","18337445","Theatrical posters","_SingHeritage"
"18339739","Singapore","_Countries","TwoEQ","18336756","Tour buses","_SingHeritage"
"18339739","Singapore","_Countries","TwoEQ","18337285","Track and field athletes","_SingHeritage"
"18339739","Singapore","_Countries","TwoEQ","18338119","Trading companies","_SingHeritage"
"18339739","Singapore","_Countries","TwoEQ","18336129","Transportation","_SingHeritage"
"18339739","Singapore","_Countries","TwoEQ","18336779","Transportation authorities","_SingHeritage"
"18339739","Singapore","_Countries","TwoEQ","18336582","Transportation law","_SingHeritage"
"18339739","Singapore","_Countries","TwoEQ","18336876","Transportation planning","_SingHeritage"
"18339739","Singapore","_Countries","TwoEQ","18336577","Transportation policy","_SingHeritage"
"18339739","Singapore","_Countries","TwoEQ","18336877","Transportation safety measures","_SingHeritage"
"18339739","Singapore","_Countries","TwoEQ","18336878","Transportation security measures","_SingHeritage"
"18339739","Singapore","_Countries","TwoEQ","18337869","Transportation technology","_SingHeritage"
"18339739","Singapore","_Countries","TwoEQ","18337493","Travel photography","_SingHeritage"
"18339739","Singapore","_Countries","TwoEQ","18338258","Triathlon","_SingHeritage"
"18339739","Singapore","_Countries","TwoEQ","18336451","Unaccounted-for water","_SingHeritage"
"18339739","Singapore","_Countries","TwoEQ","18336176","Universities and colleges","_SingHeritage"
"18339739","Singapore","_Countries","TwoEQ","18336138","Urban planning","_SingHeritage"
"18339739","Singapore","_Countries","TwoEQ","18337943","Variety television programmes","_SingHeritage"
"18339739","Singapore","_Countries","TwoEQ","18337000","Vector control","_SingHeritage"
"18339739","Singapore","_Countries","TwoEQ","18336762","Vehicle modification (Regulation)","_SingHeritage"
"18339739","Singapore","_Countries","TwoEQ","18336760","Vehicle ownership","_SingHeritage"
"18339739","Singapore","_Countries","TwoEQ","18337191","Ventriloquists","_SingHeritage"
"18339739","Singapore","_Countries","TwoEQ","18337035","Veterinary hospitals","_SingHeritage"
"18339739","Singapore","_Countries","TwoEQ","18336993","Veterinary services","_SingHeritage"
"18339739","Singapore","_Countries","TwoEQ","18337209","Video artists","_SingHeritage"
"18339739","Singapore","_Countries","TwoEQ","18337820","Video distributors","_SingHeritage"
"18339739","Singapore","_Countries","TwoEQ","18337999","Violinists","_SingHeritage"
"18339739","Singapore","_Countries","TwoEQ","18337428","Vocal music","_SingHeritage"
"18339739","Singapore","_Countries","TwoEQ","18338158","Vocational schools","_SingHeritage"
"18339739","Singapore","_Countries","TwoEQ","18338228","Volleyball","_SingHeritage"
"18339739","Singapore","_Countries","TwoEQ","18337286","Volleyball players","_SingHeritage"
"18339739","Singapore","_Countries","TwoEQ","18338270","Volleyball tournaments","_SingHeritage"
"18339739","Singapore","_Countries","TwoEQ","18338232","Wakeboarding","_SingHeritage"
"18339739","Singapore","_Countries","TwoEQ","18336478","Waste management","_SingHeritage"
"18339739","Singapore","_Countries","TwoEQ","18336232","Water audits","_SingHeritage"
"18339739","Singapore","_Countries","TwoEQ","18336258","Water catchment areas","_SingHeritage"
"18339739","Singapore","_Countries","TwoEQ","18336147","Water conservation","_SingHeritage"
"18339739","Singapore","_Countries","TwoEQ","18336222","Water conservation programmes","_SingHeritage"
"18339739","Singapore","_Countries","TwoEQ","18336253","Water distribution","_SingHeritage"
"18339739","Singapore","_Countries","TwoEQ","18336207","Water industry companies","_SingHeritage"
"18339739","Singapore","_Countries","TwoEQ","18336298","Water leak detection","_SingHeritage"
"18339739","Singapore","_Countries","TwoEQ","18336299","Water meters","_SingHeritage"
"18339739","Singapore","_Countries","TwoEQ","18336295","Water pipelines","_SingHeritage"
"18339739","Singapore","_Countries","TwoEQ","18336300","Water pipes","_SingHeritage"
"18339739","Singapore","_Countries","TwoEQ","18336255","Water pollution","_SingHeritage"
"18339739","Singapore","_Countries","TwoEQ","18338229","Water polo","_SingHeritage"
"18339739","Singapore","_Countries","TwoEQ","18337882","Water polo players","_SingHeritage"
"18339739","Singapore","_Countries","TwoEQ","18336453","Water pricing","_SingHeritage"
"18339739","Singapore","_Countries","TwoEQ","18336185","Water resource management","_SingHeritage"
"18339739","Singapore","_Countries","TwoEQ","18336181","Water rights","_SingHeritage"
"18339739","Singapore","_Countries","TwoEQ","18336223","Water saving devices","_SingHeritage"
"18339739","Singapore","_Countries","TwoEQ","18336452","Water saving methods","_SingHeritage"
"18339739","Singapore","_Countries","TwoEQ","18338230","Water skiing","_SingHeritage"
"18339739","Singapore","_Countries","TwoEQ","18336296","Water supply construction","_SingHeritage"
"18339739","Singapore","_Countries","TwoEQ","18336294","Water supply infrastructure","_SingHeritage"
"18339739","Singapore","_Countries","TwoEQ","18336450","Water use","_SingHeritage"
"18339739","Singapore","_Countries","TwoEQ","18337476","Watercolour painting","_SingHeritage"
"18339739","Singapore","_Countries","TwoEQ","18338023","Waterskiers","_SingHeritage"
"18339739","Singapore","_Countries","TwoEQ","18336494","Waterways","_SingHeritage"
"18339739","Singapore","_Countries","TwoEQ","18337287","Weight lifters","_SingHeritage"
"18339739","Singapore","_Countries","TwoEQ","18338231","Weight lifting","_SingHeritage"
"18339739","Singapore","_Countries","TwoEQ","18336845","Wharves","_SingHeritage"
"18339739","Singapore","_Countries","TwoEQ","18338233","Windsurfing","_SingHeritage"
"18339739","Singapore","_Countries","TwoEQ","18337210","Women artists","_SingHeritage"
"18339739","Singapore","_Countries","TwoEQ","18337288","Women athletes","_SingHeritage"
"18339739","Singapore","_Countries","TwoEQ","18337947","Women bankers","_SingHeritage"
"18339739","Singapore","_Countries","TwoEQ","18338120","Women-owned businesses","_SingHeritage"
"18339739","Singapore","_Countries","TwoEQ","18337975","Women physicians","_SingHeritage"
"18339739","Singapore","_Countries","TwoEQ","18337991","Women's magazines","_SingHeritage"
"18339739","Singapore","_Countries","TwoEQ","18337045","Workers' health surveillance","_SingHeritage"
"18339739","Singapore","_Countries","TwoEQ","18337048","Workplace accidents","_SingHeritage"
"18339739","Singapore","_Countries","TwoEQ","18337043","Workplace hazard management","_SingHeritage"
"18339739","Singapore","_Countries","TwoEQ","18337178","Writers","_SingHeritage"
"18339739","Singapore","_Countries","TwoEQ","18337537","Youth orchestras","_SingHeritage"
"18339739","Singapore","_Countries","TwoEQ","18338121","Youth-owned business enterprises","_SingHeritage"
"18339739","Singapore","_Countries","TwoEQ","18336335","Zoroastrianism","_SingHeritage"
"19903698","Sint Maarten (Dutch part)","_Countries","Alpha-2 Code","","SX",""
"19903698","Sint Maarten (Dutch part)","_Countries","Source","","ISO 3166 Online Browsing Platform: Sint Maarten (Dutch part) (https://www.iso.org/obp/ui/#iso:code:3166:SX) Retrieved 22 July 2025.",""
"20614685","The Slovak Republic","_Countries","Use","18339740","Slovakia","_Countries"
"18339740","Slovakia","_Countries","Alpha-2 Code","","SK",""
"18339740","Slovakia","_Countries","Source","","ISO 3166 Online Browsing Platform: Slovakia (https://www.iso.org/obp/ui/#iso:code:3166:SK) Retrieved 22 July 2025.",""
"18339740","Slovakia","_Countries","UF","20614685","The Slovak Republic","_Countries"
"18339741","Slovenia","_Countries","Alpha-2 Code","","SI",""
"18339741","Slovenia","_Countries","Source","","ISO 3166 Online Browsing Platform: Slovenia (https://www.iso.org/obp/ui/#iso:code:3166:SI) Retrieved 22 July 2025.",""
"18339741","Slovenia","_Countries","UF","20614686","The Republic of Slovenia","_Countries"
"20614715","The Socialist Republic of Viet Nam","_Countries","Use","18339780","Viet Nam","_Countries"
"18339742","Solomon Islands","_Countries","Alpha-2 Code","","SB",""
"18339742","Solomon Islands","_Countries","Source","","ISO 3166 Online Browsing Platform: Solomon Islands (https://www.iso.org/obp/ui/#iso:code:3166:SB) Retrieved 22 July 2025.",""
"18339743","Somalia","_Countries","Alpha-2 Code","","SO",""
"18339743","Somalia","_Countries","Source","","ISO 3166 Online Browsing Platform: Somalia (https://www.iso.org/obp/ui/#iso:code:3166:SO) Retrieved 22 July 2025.",""
"18339743","Somalia","_Countries","UF","20614687","The Federal Republic of Somalia","_Countries"
"18339744","South Africa","_Countries","Alpha-2 Code","","ZA",""
"18339744","South Africa","_Countries","Source","","ISO 3166 Online Browsing Platform: South Africa (https://www.iso.org/obp/ui/#iso:code:3166:ZA) Retrieved 22 July 2025.",""
"18339744","South Africa","_Countries","UF","20614688","The Republic of South Africa","_Countries"
"18339745","South Georgia and the South Sandwich Islands","_Countries","Alpha-2 Code","","GS",""
"18339745","South Georgia and the South Sandwich Islands","_Countries","Source","","ISO 3166 Online Browsing Platform: South Georgia and the South Sandwich Islands (https://www.iso.org/obp/ui/#iso:code:3166:GS) Retrieved 22 July 2025.",""
"18339815","South Korea","_Countries","Use","18339659","Korea, Republic of","_Countries"
"19903700","South Sudan","_Countries","Alpha-2 Code","","SS",""
"19903700","South Sudan","_Countries","Source","","ISO 3166 Online Browsing Platform: South Sudan (https://www.iso.org/obp/ui/#iso:code:3166:SS) Retrieved 22 July 2025.",""
"19903700","South Sudan","_Countries","UF","20614695","The Republic of South Sudan","_Countries"
"18339746","Spain","_Countries","Alpha-2 Code","","ES",""
"18339746","Spain","_Countries","Source","","ISO 3166 Online Browsing Platform: Spain (https://www.iso.org/obp/ui/#iso:code:3166:ES) Retrieved 22 July 2025.",""
"18339747","Sri Lanka","_Countries","Alpha-2 Code","","LK",""
"18339747","Sri Lanka","_Countries","Source","","ISO 3166 Online Browsing Platform: Sri Lanka (https://www.iso.org/obp/ui/#iso:code:3166:LK) Retrieved 22 July 2025.",""
"18339747","Sri Lanka","_Countries","UF","20614693","The Democratic Socialist Republic of Sri Lanka","_Countries"
"20614741","The State of Israel","_Countries","Use","18339649","Israel","_Countries"
"20614749","The State of Kuwait","_Countries","Use","18339660","Kuwait","_Countries"
"20614755","The State of Libya","_Countries","Use","18339667","Libya","_Countries"
"20614653","The State of Palestine","_Countries","Use","18339711","Palestine, State of","_Countries"
"20614668","The State of Qatar","_Countries","Use","18339721","Qatar","_Countries"
"18339748","Sudan","_Countries","Alpha-2 Code","","SD",""
"18339748","Sudan","_Countries","Source","","ISO 3166 Online Browsing Platform: Sudan (https://www.iso.org/obp/ui/#iso:code:3166:SD) Retrieved 22 July 2025.",""
"18339748","Sudan","_Countries","UF","20614694","The Republic of the Sudan","_Countries"
"20614650","The Sultanate of Oman","_Countries","Use","18339708","Oman","_Countries"
"18339749","Suriname","_Countries","Alpha-2 Code","","SR",""
"18339749","Suriname","_Countries","Source","","ISO 3166 Online Browsing Platform: Suriname (https://www.iso.org/obp/ui/#iso:code:3166:SR) Retrieved 22 July 2025.",""
"18339749","Suriname","_Countries","UF","20614696","The Republic of Suriname","_Countries"
"18339750","Svalbard and Jan Mayen","_Countries","Alpha-2 Code","","SJ",""
"18339750","Svalbard and Jan Mayen","_Countries","Source","","ISO 3166 Online Browsing Platform: Svalbard and Jan Mayen (https://www.iso.org/obp/ui/#iso:code:3166:SJ) Retrieved 22 July 2025.",""
"20614892","Swaziland","_Countries","Use","18339751","Eswatini","_Countries"
"18339752","Sweden","_Countries","Alpha-2 Code","","SE",""
"18339752","Sweden","_Countries","Source","","ISO 3166 Online Browsing Platform: Sweden (https://www.iso.org/obp/ui/#iso:code:3166:SE) Retrieved 22 July 2025.",""
"18339752","Sweden","_Countries","UF","20614697","The Kingdom of Sweden","_Countries"
"20614698","The Swiss Confederation","_Countries","Use","18339753","Switzerland","_Countries"
"18339753","Switzerland","_Countries","Alpha-2 Code","","CH",""
"18339753","Switzerland","_Countries","Source","","ISO 3166 Online Browsing Platform: Switzerland (https://www.iso.org/obp/ui/#iso:code:3166:CH) Retrieved 22 July 2025.",""
"18339753","Switzerland","_Countries","UF","20614698","The Swiss Confederation","_Countries"
"18339806","Syria","_Countries","Use","18339754","Syrian Arab Republic","_Countries"
"18339754","Syrian Arab Republic","_Countries","Alpha-2 Code","","SY",""
"18339754","Syrian Arab Republic","_Countries","Source","","ISO 3166 Online Browsing Platform: Syrian Arab Republic (https://www.iso.org/obp/ui/#iso:code:3166:SY) Retrieved 22 July 2025.",""
"18339754","Syrian Arab Republic","_Countries","UF","18339806","Syria","_Countries"
"18339755","Taiwan, Province of China","_Countries","Alpha-2 Code","","TW",""
"18339755","Taiwan, Province of China","_Countries","Source","","ISO 3166 Online Browsing Platform: Taiwan, Province of China (https://www.iso.org/obp/ui/#iso:code:3166:TW) Retrieved 22 July 2025.",""
"18339755","Taiwan, Province of China","_Countries","UF","18339807","Republic of China","_Countries"
"18339756","Tajikistan","_Countries","Alpha-2 Code","","TJ",""
"18339756","Tajikistan","_Countries","Source","","ISO 3166 Online Browsing Platform: Tajikistan (https://www.iso.org/obp/ui/#iso:code:3166:TJ) Retrieved 22 July 2025.",""
"18339756","Tajikistan","_Countries","UF","20614699","The Republic of Tajikistan","_Countries"
"18339809","Tanzania","_Countries","Use","18339757","Tanzania, United Republic of","_Countries"
"18339757","Tanzania, United Republic of","_Countries","Alpha-2 Code","","TZ",""
"18339757","Tanzania, United Republic of","_Countries","Source","","ISO 3166 Online Browsing Platform: Tanzania, United Republic of (https://www.iso.org/obp/ui/#iso:code:3166:TZ) Retrieved 22 July 2025.",""
"18339757","Tanzania, United Republic of","_Countries","UF","18339809","Tanzania","_Countries"
"18339757","Tanzania, United Republic of","_Countries","UF","18339808","The United Republic of Tanzania","_Countries"
"18339757","Tanzania, United Republic of","_Countries","NT","18339813","Zanzibar","_Countries"
"18339758","Thailand","_Countries","Alpha-2 Code","","TH",""
"18339758","Thailand","_Countries","Source","","ISO 3166 Online Browsing Platform: Thailand (https://www.iso.org/obp/ui/#iso:code:3166:TH) Retrieved 22 July 2025.",""
"18339758","Thailand","_Countries","UF","20614700","The Kingdom of Thailand","_Countries"
"18339759","Timor-Leste","_Countries","Alpha-2 Code","","TL",""
"18339759","Timor-Leste","_Countries","Source","","ISO 3166 Online Browsing Platform: Timor-Leste (https://www.iso.org/obp/ui/#iso:code:3166:TL) Retrieved 22 July 2025.",""
"18339759","Timor-Leste","_Countries","UF","20614701","The Democratic Republic of Timor-Leste","_Countries"
"18339759","Timor-Leste","_Countries","UF","20613151","East Timor","_Countries"
"18339760","Togo","_Countries","Alpha-2 Code","","TG",""
"18339760","Togo","_Countries","Source","","ISO 3166 Online Browsing Platform: Togo (https://www.iso.org/obp/ui/#iso:code:3166:TG) Retrieved 22 July 2025.",""
"18339760","Togo","_Countries","UF","20614702","The Togolese Republic","_Countries"
"20614702","The Togolese Republic","_Countries","Use","18339760","Togo","_Countries"
"18339761","Tokelau","_Countries","Alpha-2 Code","","TK",""
"18339761","Tokelau","_Countries","Source","","ISO 3166 Online Browsing Platform: Tokelau (https://www.iso.org/obp/ui/#iso:code:3166:TK) Retrieved 22 July 2025.",""
"18339762","Tonga","_Countries","Alpha-2 Code","","TO",""
"18339762","Tonga","_Countries","Source","","ISO 3166 Online Browsing Platform: Tonga (https://www.iso.org/obp/ui/#iso:code:3166:TO) Retrieved 22 July 2025.",""
"18339762","Tonga","_Countries","UF","20614703","The Kingdom of Tonga","_Countries"
"18339763","Trinidad and Tobago","_Countries","Alpha-2 Code","","TT",""
"18339763","Trinidad and Tobago","_Countries","Source","","ISO 3166 Online Browsing Platform: Trinidad and Tobago (https://www.iso.org/obp/ui/#iso:code:3166:TT) Retrieved 22 July 2025.",""
"18339763","Trinidad and Tobago","_Countries","UF","20614705","The Republic of Trinidad and Tobago","_Countries"
"18339764","Tunisia","_Countries","Alpha-2 Code","","TN",""
"18339764","Tunisia","_Countries","Source","","ISO 3166 Online Browsing Platform: Tunisia (https://www.iso.org/obp/ui/#iso:code:3166:TN) Retrieved 22 July 2025.",""
"18339764","Tunisia","_Countries","UF","20614706","The Republic of Tunisia","_Countries"
"19903691","Turkey","_Countries","Use","18339765","Türkiye","_Countries"
"18339765","Türkiye","_Countries","Alpha-2 Code","","TR",""
"18339765","Türkiye","_Countries","Source","","ISO 3166 Online Browsing Platform: Turkiye (https://www.iso.org/obp/ui/#iso:code:3166:TR) Retrieved 22 February 2025.",""
"18339765","Türkiye","_Countries","UF","20614707","The Republic of Turkiye","_Countries"
"18339765","Türkiye","_Countries","UF","19903691","Turkey","_Countries"
"18339766","Turkmenistan","_Countries","Alpha-2 Code","","TM",""
"18339766","Turkmenistan","_Countries","Source","","ISO 3166 Online Browsing Platform: Turkmenistan (https://www.iso.org/obp/ui/#iso:code:3166:TM) Retrieved 22 July 2025.",""
"18339767","Turks and Caicos Islands","_Countries","Alpha-2 Code","","TC",""
"18339767","Turks and Caicos Islands","_Countries","Source","","ISO 3166 Online Browsing Platform: Turks and Caicos Islands (https://www.iso.org/obp/ui/#iso:code:3166:TC) Retrieved 22 July 2025.",""
"18339768","Tuvalu","_Countries","Alpha-2 Code","","TV",""
"18339768","Tuvalu","_Countries","Source","","ISO 3166 Online Browsing Platform: Tuvalu (https://www.iso.org/obp/ui/#iso:code:3166:TV) Retrieved 22 July 2025.",""
"18339769","Uganda","_Countries","Alpha-2 Code","","UG",""
"18339769","Uganda","_Countries","Source","","ISO 3166 Online Browsing Platform: Uganda (https://www.iso.org/obp/ui/#iso:code:3166:UG) Retrieved 22 July 2025.",""
"18339769","Uganda","_Countries","UF","20614710","The Republic of Uganda","_Countries"
"18339770","Ukraine","_Countries","Alpha-2 Code","","UA",""
"18339770","Ukraine","_Countries","Source","","ISO 3166 Online Browsing Platform: Ukraine (https://www.iso.org/obp/ui/#iso:code:3166:UA) Retrieved 22 July 2025.",""
"18339771","United Arab Emirates","_Countries","Alpha-2 Code","","AE",""
"18339771","United Arab Emirates","_Countries","Source","","ISO 3166 Online Browsing Platform: United Arab Emirates (https://www.iso.org/obp/ui/#iso:code:3166:AE) Retrieved 22 July 2025.",""
"18339772","United Kingdom of Great Britain and Northern Ireland","_Countries","Alpha-2 Code","","GB",""
"18339772","United Kingdom of Great Britain and Northern Ireland","_Countries","Source","","ISO 3166 Online Browsing Platform: United Kingdom (https://www.iso.org/obp/ui/#iso:code:3166:GB) Retrieved 21 July 2025.",""
"18339772","United Kingdom of Great Britain and Northern Ireland","_Countries","NT","18339792","Great Britain","_Countries"
"20614768","The United Mexican States","_Countries","Use","18339684","Mexico","_Countries"
"18339808","The United Republic of Tanzania","_Countries","Use","18339757","Tanzania, United Republic of","_Countries"
"20613649","United States","_Countries","Use","18339773","United States of America","_Countries"
"18339774","United States Minor Outlying Islands","_Countries","Alpha-2 Code","","UM",""
"18339774","United States Minor Outlying Islands","_Countries","Source","","ISO 3166 Online Browsing Platform: United States Minor Outlying Islands (https://www.iso.org/obp/ui/#iso:code:3166:UM) Retrieved 22 July 2025.",""
"18339773","United States of America","_Countries","Alpha-2 Code","","US",""
"18339773","United States of America","_Countries","Source","","ISO 3166 Online Browsing Platform: United States of America (https://www.iso.org/obp/ui/#iso:code:3166:US) Retrieved 22 Jul 2025.",""
"18339773","United States of America","_Countries","UF","20613649","United States","_Countries"
"18339775","Uruguay","_Countries","Alpha-2 Code","","UY",""
"18339775","Uruguay","_Countries","Source","","ISO 3166 Online Browsing Platform: Uruguay (https://www.iso.org/obp/ui/#iso:code:3166:UY) Retrieved 22 July 2025.",""
"18339775","Uruguay","_Countries","UF","20614712","The Eastern Republic of Uruguay","_Countries"
"18339776","Uzbekistan","_Countries","Alpha-2 Code","","UZ",""
"18339776","Uzbekistan","_Countries","Source","","ISO 3166 Online Browsing Platform: Uzbekistan (https://www.iso.org/obp/ui/#iso:code:3166:UZ) Retrieved 22 July 2025.",""
"18339776","Uzbekistan","_Countries","UF","20614713","The Republic of Uzbekistan","_Countries"
"18339777","Vanuatu","_Countries","Alpha-2 Code","","VU",""
"18339777","Vanuatu","_Countries","Source","","ISO 3166 Online Browsing Platform: Vanuatu (https://www.iso.org/obp/ui/#iso:code:3166:VU) Retrieved 22 July 2025.",""
"18339777","Vanuatu","_Countries","UF","20614714","The Republic of Vanuatu","_Countries"
"18339778","Vatican City","_Countries","Use","18339638","Holy See","_Countries"
"20614803","Vatican City State (Holy See)","_Countries","Use","18339638","Holy See","_Countries"
"18339779","Venezuela, Bolivarian Republic of","_Countries","Alpha-2 Code","","VE",""
"18339779","Venezuela, Bolivarian Republic of","_Countries","Source","","ISO 3166 Online Browsing Platform: Venezuela, Bolivarian Republic of (https://www.iso.org/obp/ui/#iso:code:3166:VE) Retrieved 22 Jul 2025.",""
"18339779","Venezuela, Bolivarian Republic of","_Countries","UF","20613645","The Bolivarian Republic of Venezuela","_Countries"
"18339780","Viet Nam","_Countries","Alpha-2 Code","","VN",""
"18339780","Viet Nam","_Countries","Source","","ISO 3166 Online Browsing Platform: Viet Nam (https://www.iso.org/obp/ui/#iso:code:3166:VN) Retrieved 22 July 2025.",""
"18339780","Viet Nam","_Countries","UF","20614715","The Socialist Republic of Viet Nam","_Countries"
"18339780","Viet Nam","_Countries","UF","19903732","Vietnam","_Countries"
"19903732","Vietnam","_Countries","Use","18339780","Viet Nam","_Countries"
"18339781","Virgin Islands (British)","_Countries","Alpha-2 Code","","VG",""
"18339781","Virgin Islands (British)","_Countries","Source","","ISO 3166 Online Browsing Platform: Virgin Islands (British) (https://www.iso.org/obp/ui/#iso:code:3166:VG) Retrieved 22 July 2025.",""
"18339781","Virgin Islands (British)","_Countries","UF","20614716","British Virgin Islands","_Countries"
"20614717","The Virgin Islands of the United States","_Countries","Use","18339782","Virgin Islands (U.S.)","_Countries"
"18339782","Virgin Islands (U.S.)","_Countries","Alpha-2 Code","","VI",""
"18339782","Virgin Islands (U.S.)","_Countries","Source","","ISO 3166 Online Browsing Platform: Virgin Islands (U.S.) (https://www.iso.org/obp/ui/#iso:code:3166:VI) Retrieved 22 July 2025.",""
"18339782","Virgin Islands (U.S.)","_Countries","UF","20614717","The Virgin Islands of the United States","_Countries"
"18339790","Wales","_Countries","Source","","ISO 3166 Online Browsing Platform (https://www.iso.org/obp/ui/#search) Retrieved 5 February 2025.",""
"18339790","Wales","_Countries","BT","18339791","England and Wales","_Countries"
"18339783","Wallis and Futuna","_Countries","Alpha-2 Code","","WF",""
"18339783","Wallis and Futuna","_Countries","Source","","ISO 3166 Online Browsing Platform: Wallis and Futuna (https://www.iso.org/obp/ui/#iso:code:3166:WF) Retrieved 22 July 2025.",""
"18339783","Wallis and Futuna","_Countries","UF","20614718","Wallis and Futuna Islands","_Countries"
"20614718","Wallis and Futuna Islands","_Countries","Use","18339783","Wallis and Futuna","_Countries"
"18339784","Western Sahara","_Countries","Alpha-2 Code","","EH",""
"18339784","Western Sahara","_Countries","Source","","ISO 3166 Online Browsing Platform: Western Sahara (https://www.iso.org/obp/ui/#iso:code:3166:EH) Retrieved 22 July 2025.| Wikipedia: Western Sahara (https://en.wikipedia.org/wiki/Western_Sahara) Retrieved 22 July 2025.",""
"18339785","Yemen","_Countries","Alpha-2 Code","","YE",""
"18339785","Yemen","_Countries","Source","","ISO 3166 Online Browsing Platform: Yemen (https://www.iso.org/obp/ui/#iso:code:3166:YE) Retrieved 22 July 2025.",""
"18339785","Yemen","_Countries","UF","20614719","The Republic of Yemen","_Countries"
"18339786","Zaire","_Countries","Use","18339593","Congo, The Democratic Republic of the","_Countries"
"18339787","Zambia","_Countries","Alpha-2 Code","","ZM",""
"18339787","Zambia","_Countries","Source","","ISO 3166 Online Browsing Platform: Zambia (https://www.iso.org/obp/ui/#iso:code:3166:ZM) Retrieved 22 July 2025.",""
"18339787","Zambia","_Countries","UF","20614720","The Republic of Zambia","_Countries"
"18339813","Zanzibar","_Countries","Source","","ISO 3166 Online Browsing Platform: Tanzania, United Republic of (https://www.iso.org/obp/ui/#iso:code:3166:TZ) Retrieved 22 July 2025.",""
"18339813","Zanzibar","_Countries","NT","18339810","Zanzibar North","_Countries"
"18339813","Zanzibar","_Countries","NT","18339811","Zanzibar South","_Countries"
"18339813","Zanzibar","_Countries","NT","18339812","Zanzibar West","_Countries"
"18339813","Zanzibar","_Countries","BT","18339757","Tanzania, United Republic of","_Countries"
"18339810","Zanzibar North","_Countries","Source","","ISO 3166 Online Browsing Platform: Tanzania, United Republic of (https://www.iso.org/obp/ui/#iso:code:3166:TZ) Retrieved 22 July 2025.",""
"18339810","Zanzibar North","_Countries","BT","18339813","Zanzibar","_Countries"
"18339811","Zanzibar South","_Countries","Source","","ISO 3166 Online Browsing Platform: Tanzania, United Republic of (https://www.iso.org/obp/ui/#iso:code:3166:TZ) Retrieved 22 July 2025.",""
"18339811","Zanzibar South","_Countries","BT","18339813","Zanzibar","_Countries"
"18339812","Zanzibar West","_Countries","Source","","ISO 3166 Online Browsing Platform: Tanzania, United Republic of (https://www.iso.org/obp/ui/#iso:code:3166:TZ) Retrieved 22 July 2025.",""
"18339812","Zanzibar West","_Countries","BT","18339813","Zanzibar","_Countries"
"18339788","Zimbabwe","_Countries","Alpha-2 Code","","ZW",""
"18339788","Zimbabwe","_Countries","Source","","ISO 3166 Online Browsing Platform: Zimbabwe (https://www.iso.org/obp/ui/#iso:code:3166:ZW) Retrieved 22 July 2025.",""
"18339788","Zimbabwe","_Countries","UF","20614721","The Republic of Zimbabwe","_Countries"
